instance,family,scale,variant,seed,solver,runtime_ms,status,par2_ms,timed_out,structural_result,fallback_used,registry_ms,family_checks,recovery_ms,flow_ms,fallback_ms,total_end_to_end_ms,peak_rss_kb
001_pigeonhole_exact1_boundary_low_scale8_noise0.cnf,pigeonhole_exact1,8,boundary_low,1,kissat,68.971788,UNSATISFIABLE,68.971788,False,,,,,,,,68.971788,1684
001_pigeonhole_exact1_boundary_low_scale8_noise0.cnf,pigeonhole_exact1,8,boundary_low,1,lkk_4a_sealed,36.182427,UNSATISFIABLE,36.182427,False,UNSAT,False,10.7513,11312,0.126556,0.016893,0,14.6927,4224
001_pigeonhole_exact1_boundary_low_scale8_noise0.cnf,pigeonhole_exact1,8,boundary_low,1,lkk_4c_indexed,19.292089,UNSATISFIABLE,19.292089,False,UNSAT,False,3.88435,5636,0.12546,0.020369,0,7.79086,4324
001_pigeonhole_exact1_boundary_low_scale8_noise0.cnf,pigeonhole_exact1,8,boundary_low,1,cadical,118.998728,UNSATISFIABLE,118.998728,False,,,,,,,,118.998728,2548
001_pigeonhole_exact1_boundary_low_scale8_noise0.cnf,pigeonhole_exact1,8,boundary_low,2,lkk_4a_sealed,35.958622,UNSATISFIABLE,35.958622,False,UNSAT,False,12.8805,11312,0.148459,0.034472,0,17.404,4068
001_pigeonhole_exact1_boundary_low_scale8_noise0.cnf,pigeonhole_exact1,8,boundary_low,2,lkk_4c_indexed,20.17847,UNSATISFIABLE,20.17847,False,UNSAT,False,3.4474,5636,0.145986,0.028403,0,7.52241,4072
001_pigeonhole_exact1_boundary_low_scale8_noise0.cnf,pigeonhole_exact1,8,boundary_low,2,cadical,168.759831,UNSATISFIABLE,168.759831,False,,,,,,,,168.759831,2552
001_pigeonhole_exact1_boundary_low_scale8_noise0.cnf,pigeonhole_exact1,8,boundary_low,2,kissat,68.362461,UNSATISFIABLE,68.362461,False,,,,,,,,68.362461,1804
001_pigeonhole_exact1_boundary_low_scale8_noise0.cnf,pigeonhole_exact1,8,boundary_low,3,lkk_4c_indexed,21.194979,UNSATISFIABLE,21.194979,False,UNSAT,False,4.16021,5636,0.203627,0.017874,0,8.55206,4164
001_pigeonhole_exact1_boundary_low_scale8_noise0.cnf,pigeonhole_exact1,8,boundary_low,3,cadical,169.405009,UNSATISFIABLE,169.405009,False,,,,,,,,169.405009,2556
001_pigeonhole_exact1_boundary_low_scale8_noise0.cnf,pigeonhole_exact1,8,boundary_low,3,kissat,69.777874,UNSATISFIABLE,69.777874,False,,,,,,,,69.777874,1600
001_pigeonhole_exact1_boundary_low_scale8_noise0.cnf,pigeonhole_exact1,8,boundary_low,3,lkk_4a_sealed,37.202316,UNSATISFIABLE,37.202316,False,UNSAT,False,12.1156,11312,0.151205,0.018234,0,16.6592,4228
002_pigeonhole_exact1_boundary_high_scale10_noise0.cnf,pigeonhole_exact1,10,boundary_high,1,lkk_4a_sealed,119.621305,UNSATISFIABLE,119.621305,False,UNSAT,False,63.2855,37170,0.284082,0.028469,0,68.0195,4132
002_pigeonhole_exact1_boundary_high_scale10_noise0.cnf,pigeonhole_exact1,10,boundary_high,1,lkk_4c_indexed,82.958474,UNSATISFIABLE,82.958474,False,UNSAT,False,24.488,18550,0.501496,0.030335,0,38.2451,4432
002_pigeonhole_exact1_boundary_high_scale10_noise0.cnf,pigeonhole_exact1,10,boundary_high,1,cadical,5039.808507,TIMEOUT,10000.0,True,,,,,,,,5039.808507,1620
002_pigeonhole_exact1_boundary_high_scale10_noise0.cnf,pigeonhole_exact1,10,boundary_high,1,kissat,518.821324,UNSATISFIABLE,518.821324,False,,,,,,,,518.821324,3124
002_pigeonhole_exact1_boundary_high_scale10_noise0.cnf,pigeonhole_exact1,10,boundary_high,2,lkk_4c_indexed,35.311183,UNSATISFIABLE,35.311183,False,UNSAT,False,11.2324,18550,0.275414,0.028056,0,15.1407,4580
002_pigeonhole_exact1_boundary_high_scale10_noise0.cnf,pigeonhole_exact1,10,boundary_high,2,cadical,4586.071647,UNSATISFIABLE,4586.071647,False,,,,,,,,4586.071647,7540
002_pigeonhole_exact1_boundary_high_scale10_noise0.cnf,pigeonhole_exact1,10,boundary_high,2,kissat,569.526396,UNSATISFIABLE,569.526396,False,,,,,,,,569.526396,3124
002_pigeonhole_exact1_boundary_high_scale10_noise0.cnf,pigeonhole_exact1,10,boundary_high,2,lkk_4a_sealed,118.112312,UNSATISFIABLE,118.112312,False,UNSAT,False,56.7992,37170,0.284894,0.02332,0,61.2506,4312
002_pigeonhole_exact1_boundary_high_scale10_noise0.cnf,pigeonhole_exact1,10,boundary_high,3,cadical,4584.042757,UNSATISFIABLE,4584.042757,False,,,,,,,,4584.042757,8036
002_pigeonhole_exact1_boundary_high_scale10_noise0.cnf,pigeonhole_exact1,10,boundary_high,3,kissat,468.19776,UNSATISFIABLE,468.19776,False,,,,,,,,468.19776,3008
002_pigeonhole_exact1_boundary_high_scale10_noise0.cnf,pigeonhole_exact1,10,boundary_high,3,lkk_4a_sealed,66.951314,UNSATISFIABLE,66.951314,False,UNSAT,False,46.5294,37170,0.301524,0.018427,0,50.3253,4144
002_pigeonhole_exact1_boundary_high_scale10_noise0.cnf,pigeonhole_exact1,10,boundary_high,3,lkk_4c_indexed,34.931451,UNSATISFIABLE,34.931451,False,UNSAT,False,9.31764,18550,0.225965,0.018067,0,12.5519,4568
003_exact_r_allocation_boundary_low_scale9_noise0.cnf,exact_r_allocation,9,boundary_low,1,lkk_4c_indexed,9.832107,UNSATISFIABLE,9.832107,False,UNSAT,False,1.17032,5055,0.162431,0.010878,0,3.60377,4268
003_exact_r_allocation_boundary_low_scale9_noise0.cnf,exact_r_allocation,9,boundary_low,1,cadical,267.396722,UNSATISFIABLE,267.396722,False,,,,,,,,267.396722,2880
003_exact_r_allocation_boundary_low_scale9_noise0.cnf,exact_r_allocation,9,boundary_low,1,kissat,167.999322,UNSATISFIABLE,167.999322,False,,,,,,,,167.999322,2256
003_exact_r_allocation_boundary_low_scale9_noise0.cnf,exact_r_allocation,9,boundary_low,1,lkk_4a_sealed,34.967856,UNSATISFIABLE,34.967856,False,UNSAT,False,19.977,141480,0.205269,0.013675,0,23.3646,4184
003_exact_r_allocation_boundary_low_scale9_noise0.cnf,exact_r_allocation,9,boundary_low,2,cadical,218.129578,UNSATISFIABLE,218.129578,False,,,,,,,,218.129578,2852
003_exact_r_allocation_boundary_low_scale9_noise0.cnf,exact_r_allocation,9,boundary_low,2,kissat,167.378534,UNSATISFIABLE,167.378534,False,,,,,,,,167.378534,2520
003_exact_r_allocation_boundary_low_scale9_noise0.cnf,exact_r_allocation,9,boundary_low,2,lkk_4a_sealed,34.933719,UNSATISFIABLE,34.933719,False,UNSAT,False,21.3372,141480,0.196396,0.013292,0,24.9387,4112
003_exact_r_allocation_boundary_low_scale9_noise0.cnf,exact_r_allocation,9,boundary_low,2,lkk_4c_indexed,18.783596,UNSATISFIABLE,18.783596,False,UNSAT,False,1.34584,5055,0.178923,0.012642,0,4.77693,4352
003_exact_r_allocation_boundary_low_scale9_noise0.cnf,exact_r_allocation,9,boundary_low,3,kissat,116.688809,UNSATISFIABLE,116.688809,False,,,,,,,,116.688809,2032
003_exact_r_allocation_boundary_low_scale9_noise0.cnf,exact_r_allocation,9,boundary_low,3,lkk_4a_sealed,34.575192,UNSATISFIABLE,34.575192,False,UNSAT,False,20.2681,141480,0.186243,0.012855,0,24.2095,4320
003_exact_r_allocation_boundary_low_scale9_noise0.cnf,exact_r_allocation,9,boundary_low,3,lkk_4c_indexed,18.148015,UNSATISFIABLE,18.148015,False,UNSAT,False,1.20619,5055,0.164474,0.011244,0,4.07773,4420
003_exact_r_allocation_boundary_low_scale9_noise0.cnf,exact_r_allocation,9,boundary_low,3,cadical,218.952073,UNSATISFIABLE,218.952073,False,,,,,,,,218.952073,2800
004_exact_r_allocation_boundary_high_scale11_noise0.cnf,exact_r_allocation,11,boundary_high,1,cadical,5038.836678,TIMEOUT,10000.0,True,,,,,,,,5038.836678,1736
004_exact_r_allocation_boundary_high_scale11_noise0.cnf,exact_r_allocation,11,boundary_high,1,kissat,5036.93146,TIMEOUT,10000.0,True,,,,,,,,5036.93146,1656
004_exact_r_allocation_boundary_high_scale11_noise0.cnf,exact_r_allocation,11,boundary_high,1,lkk_4a_sealed,5037.830031,TIMEOUT,10000.0,True,,,,,,,,5037.830031,1736
004_exact_r_allocation_boundary_high_scale11_noise0.cnf,exact_r_allocation,11,boundary_high,1,lkk_4c_indexed,18.784935,UNSATISFIABLE,18.784935,False,UNSAT,False,3.26433,14256,0.407043,0.02677,0,7.37172,4604
004_exact_r_allocation_boundary_high_scale11_noise0.cnf,exact_r_allocation,11,boundary_high,2,kissat,5038.218162,TIMEOUT,10000.0,True,,,,,,,,5038.218162,1616
004_exact_r_allocation_boundary_high_scale11_noise0.cnf,exact_r_allocation,11,boundary_high,2,lkk_4a_sealed,5038.52635,TIMEOUT,10000.0,True,,,,,,,,5038.52635,1616
004_exact_r_allocation_boundary_high_scale11_noise0.cnf,exact_r_allocation,11,boundary_high,2,lkk_4c_indexed,19.400064,UNSATISFIABLE,19.400064,False,UNSAT,False,3.67436,14256,0.390839,0.015849,0,8.44337,4672
004_exact_r_allocation_boundary_high_scale11_noise0.cnf,exact_r_allocation,11,boundary_high,2,cadical,5039.232621,TIMEOUT,10000.0,True,,,,,,,,5039.232621,1692
004_exact_r_allocation_boundary_high_scale11_noise0.cnf,exact_r_allocation,11,boundary_high,3,lkk_4a_sealed,5038.40469,TIMEOUT,10000.0,True,,,,,,,,5038.40469,1688
004_exact_r_allocation_boundary_high_scale11_noise0.cnf,exact_r_allocation,11,boundary_high,3,lkk_4c_indexed,18.286027,UNSATISFIABLE,18.286027,False,UNSAT,False,3.07014,14256,0.342644,0.013189,0,6.10832,4568
004_exact_r_allocation_boundary_high_scale11_noise0.cnf,exact_r_allocation,11,boundary_high,3,cadical,5037.958636,TIMEOUT,10000.0,True,,,,,,,,5037.958636,1676
004_exact_r_allocation_boundary_high_scale11_noise0.cnf,exact_r_allocation,11,boundary_high,3,kissat,5039.76392,TIMEOUT,10000.0,True,,,,,,,,5039.76392,1648
005_overlapping_hall_violation_boundary_low_scale8_noise0.cnf,overlapping_hall_violation,8,boundary_low,1,kissat,169.041727,UNSATISFIABLE,169.041727,False,,,,,,,,169.041727,2452
005_overlapping_hall_violation_boundary_low_scale8_noise0.cnf,overlapping_hall_violation,8,boundary_low,1,lkk_4a_sealed,972.445779,UNSATISFIABLE,972.445779,False,UNKNOWN,True,418.604,200001,0.384048,0,509.195,933.729,6900
005_overlapping_hall_violation_boundary_low_scale8_noise0.cnf,overlapping_hall_violation,8,boundary_low,1,lkk_4c_indexed,36.390122,UNSATISFIABLE,36.390122,False,UNSAT,False,10.3322,17981,0.370155,0.078188,0,14.6106,4676
005_overlapping_hall_violation_boundary_low_scale8_noise0.cnf,overlapping_hall_violation,8,boundary_low,1,cadical,570.941717,UNSATISFIABLE,570.941717,False,,,,,,,,570.941717,3480
005_overlapping_hall_violation_boundary_low_scale8_noise0.cnf,overlapping_hall_violation,8,boundary_low,2,lkk_4a_sealed,720.578297,UNSATISFIABLE,720.578297,False,UNKNOWN,True,333.025,200001,0.347539,0,328.591,665.879,6268
005_overlapping_hall_violation_boundary_low_scale8_noise0.cnf,overlapping_hall_violation,8,boundary_low,2,lkk_4c_indexed,35.463805,UNSATISFIABLE,35.463805,False,UNSAT,False,9.95032,17981,0.464735,0.080153,0,14.3428,4776
005_overlapping_hall_violation_boundary_low_scale8_noise0.cnf,overlapping_hall_violation,8,boundary_low,2,cadical,419.191004,UNSATISFIABLE,419.191004,False,,,,,,,,419.191004,3276
005_overlapping_hall_violation_boundary_low_scale8_noise0.cnf,overlapping_hall_violation,8,boundary_low,2,kissat,167.211421,UNSATISFIABLE,167.211421,False,,,,,,,,167.211421,1924
005_overlapping_hall_violation_boundary_low_scale8_noise0.cnf,overlapping_hall_violation,8,boundary_low,3,lkk_4c_indexed,36.647828,UNSATISFIABLE,36.647828,False,UNSAT,False,10.3631,17981,0.351674,0.079093,0,15.0965,4544
005_overlapping_hall_violation_boundary_low_scale8_noise0.cnf,overlapping_hall_violation,8,boundary_low,3,cadical,520.171159,UNSATISFIABLE,520.171159,False,,,,,,,,520.171159,3568
005_overlapping_hall_violation_boundary_low_scale8_noise0.cnf,overlapping_hall_violation,8,boundary_low,3,kissat,118.217309,UNSATISFIABLE,118.217309,False,,,,,,,,118.217309,1980
005_overlapping_hall_violation_boundary_low_scale8_noise0.cnf,overlapping_hall_violation,8,boundary_low,3,lkk_4a_sealed,771.400789,UNSATISFIABLE,771.400789,False,UNKNOWN,True,360.19,200001,0.36176,0,360.355,725.159,6532
006_overlapping_hall_violation_boundary_high_scale9_noise0.cnf,overlapping_hall_violation,9,boundary_high,1,lkk_4a_sealed,4587.603612,UNSATISFIABLE,4587.603612,False,UNKNOWN,True,416.936,200001,0.48997,0,4133.32,4555.54,10044
006_overlapping_hall_violation_boundary_high_scale9_noise0.cnf,overlapping_hall_violation,9,boundary_high,1,lkk_4c_indexed,34.798945,UNSATISFIABLE,34.798945,False,UNSAT,False,17.1934,31969,0.395468,0.104919,0,21.6181,4964
006_overlapping_hall_violation_boundary_high_scale9_noise0.cnf,overlapping_hall_violation,9,boundary_high,1,cadical,4032.902656,UNSATISFIABLE,4032.902656,False,,,,,,,,4032.902656,6996
006_overlapping_hall_violation_boundary_high_scale9_noise0.cnf,overlapping_hall_violation,9,boundary_high,1,kissat,367.618614,UNSATISFIABLE,367.618614,False,,,,,,,,367.618614,3268
006_overlapping_hall_violation_boundary_high_scale9_noise0.cnf,overlapping_hall_violation,9,boundary_high,2,lkk_4c_indexed,34.752645,UNSATISFIABLE,34.752645,False,UNSAT,False,15.3224,31969,0.482442,0.096491,0,20.0095,4912
006_overlapping_hall_violation_boundary_high_scale9_noise0.cnf,overlapping_hall_violation,9,boundary_high,2,cadical,3931.072432,UNSATISFIABLE,3931.072432,False,,,,,,,,3931.072432,7212
006_overlapping_hall_violation_boundary_high_scale9_noise0.cnf,overlapping_hall_violation,9,boundary_high,2,kissat,419.082149,UNSATISFIABLE,419.082149,False,,,,,,,,419.082149,3012
006_overlapping_hall_violation_boundary_high_scale9_noise0.cnf,overlapping_hall_violation,9,boundary_high,2,lkk_4a_sealed,4737.526692,UNSATISFIABLE,4737.526692,False,UNKNOWN,True,482.853,200001,0.519181,0,4231.08,4720.25,10280
006_overlapping_hall_violation_boundary_high_scale9_noise0.cnf,overlapping_hall_violation,9,boundary_high,3,cadical,3279.091795,UNSATISFIABLE,3279.091795,False,,,,,,,,3279.091795,5912
006_overlapping_hall_violation_boundary_high_scale9_noise0.cnf,overlapping_hall_violation,9,boundary_high,3,kissat,317.912509,UNSATISFIABLE,317.912509,False,,,,,,,,317.912509,2736
006_overlapping_hall_violation_boundary_high_scale9_noise0.cnf,overlapping_hall_violation,9,boundary_high,3,lkk_4a_sealed,3682.125692,UNSATISFIABLE,3682.125692,False,UNKNOWN,True,396.48,200001,0.382163,0,3254.77,3655.46,8852
006_overlapping_hall_violation_boundary_high_scale9_noise0.cnf,overlapping_hall_violation,9,boundary_high,3,lkk_4c_indexed,34.882904,UNSATISFIABLE,34.882904,False,UNSAT,False,16.3809,31969,0.402241,0.105014,0,20.5102,4908
007_capacity2_violation_boundary_low_scale5_noise0.cnf,capacity2_violation,5,boundary_low,1,lkk_4c_indexed,117.340588,UNSATISFIABLE,117.340588,False,UNSAT,False,63.8266,148731,0.256469,0.0167,0,67.3953,4480
007_capacity2_violation_boundary_low_scale5_noise0.cnf,capacity2_violation,5,boundary_low,1,cadical,618.940019,UNSATISFIABLE,618.940019,False,,,,,,,,618.940019,4788
007_capacity2_violation_boundary_low_scale5_noise0.cnf,capacity2_violation,5,boundary_low,1,kissat,267.556803,UNSATISFIABLE,267.556803,False,,,,,,,,267.556803,2816
007_capacity2_violation_boundary_low_scale5_noise0.cnf,capacity2_violation,5,boundary_low,1,lkk_4a_sealed,268.465653,UNSATISFIABLE,268.465653,False,UNSAT,False,244.885,31295,0.356999,0.017836,0,249.489,4412
007_capacity2_violation_boundary_low_scale5_noise0.cnf,capacity2_violation,5,boundary_low,2,cadical,1021.252813,UNSATISFIABLE,1021.252813,False,,,,,,,,1021.252813,4740
007_capacity2_violation_boundary_low_scale5_noise0.cnf,capacity2_violation,5,boundary_low,2,kissat,269.131353,UNSATISFIABLE,269.131353,False,,,,,,,,269.131353,2824
007_capacity2_violation_boundary_low_scale5_noise0.cnf,capacity2_violation,5,boundary_low,2,lkk_4a_sealed,268.010205,UNSATISFIABLE,268.010205,False,UNSAT,False,234.649,31295,0.249072,0.021533,0,238.186,4272
007_capacity2_violation_boundary_low_scale5_noise0.cnf,capacity2_violation,5,boundary_low,2,lkk_4c_indexed,118.07952,UNSATISFIABLE,118.07952,False,UNSAT,False,68.8253,148731,0.323776,0.016291,0,73.4194,4468
007_capacity2_violation_boundary_low_scale5_noise0.cnf,capacity2_violation,5,boundary_low,3,kissat,320.293978,UNSATISFIABLE,320.293978,False,,,,,,,,320.293978,2824
007_capacity2_violation_boundary_low_scale5_noise0.cnf,capacity2_violation,5,boundary_low,3,lkk_4a_sealed,269.165588,UNSATISFIABLE,269.165588,False,UNSAT,False,247.202,31295,0.303821,0.017723,0,251.796,4384
007_capacity2_violation_boundary_low_scale5_noise0.cnf,capacity2_violation,5,boundary_low,3,lkk_4c_indexed,117.80644,UNSATISFIABLE,117.80644,False,UNSAT,False,60.2799,148731,0.306185,0.015772,0,64.3826,4488
007_capacity2_violation_boundary_low_scale5_noise0.cnf,capacity2_violation,5,boundary_low,3,cadical,1874.701769,UNSATISFIABLE,1874.701769,False,,,,,,,,1874.701769,7948
008_capacity2_violation_noise100_scale5_noise100.cnf,capacity2_violation,5,noise100,1,cadical,2076.411559,UNSATISFIABLE,2076.411559,False,,,,,,,,2076.411559,8560
008_capacity2_violation_noise100_scale5_noise100.cnf,capacity2_violation,5,noise100,1,kissat,218.652973,UNSATISFIABLE,218.652973,False,,,,,,,,218.652973,2752
008_capacity2_violation_noise100_scale5_noise100.cnf,capacity2_violation,5,noise100,1,lkk_4a_sealed,371.483866,UNSATISFIABLE,371.483866,False,UNSAT,False,342.922,156146,0.89805,0.019939,0,349.977,4608
008_capacity2_violation_noise100_scale5_noise100.cnf,capacity2_violation,5,noise100,1,lkk_4c_indexed,118.299884,UNSATISFIABLE,118.299884,False,UNSAT,False,82.785,148733,0.80274,0.018131,0,89.191,4688
008_capacity2_violation_noise100_scale5_noise100.cnf,capacity2_violation,5,noise100,2,kissat,269.489828,UNSATISFIABLE,269.489828,False,,,,,,,,269.489828,2924
008_capacity2_violation_noise100_scale5_noise100.cnf,capacity2_violation,5,noise100,2,lkk_4a_sealed,420.756901,UNSATISFIABLE,420.756901,False,UNSAT,False,355.458,156146,0.896366,0.024217,0,363.15,4592
008_capacity2_violation_noise100_scale5_noise100.cnf,capacity2_violation,5,noise100,2,lkk_4c_indexed,118.979779,UNSATISFIABLE,118.979779,False,UNSAT,False,73.2788,148733,0.809839,0.01921,0,80.0613,4848
008_capacity2_violation_noise100_scale5_noise100.cnf,capacity2_violation,5,noise100,2,cadical,1624.387172,UNSATISFIABLE,1624.387172,False,,,,,,,,1624.387172,6744
008_capacity2_violation_noise100_scale5_noise100.cnf,capacity2_violation,5,noise100,3,lkk_4a_sealed,369.904704,UNSATISFIABLE,369.904704,False,UNSAT,False,304.035,156146,0.754948,0.013547,0,310.308,4452
008_capacity2_violation_noise100_scale5_noise100.cnf,capacity2_violation,5,noise100,3,lkk_4c_indexed,118.538022,UNSATISFIABLE,118.538022,False,UNSAT,False,64.949,148733,0.773421,0.016476,0,71.6355,4716
008_capacity2_violation_noise100_scale5_noise100.cnf,capacity2_violation,5,noise100,3,cadical,1273.082641,UNSATISFIABLE,1273.082641,False,,,,,,,,1273.082641,6812
008_capacity2_violation_noise100_scale5_noise100.cnf,capacity2_violation,5,noise100,3,kissat,267.755709,UNSATISFIABLE,267.755709,False,,,,,,,,267.755709,2912
009_hidden_pigeonhole_visible_noise0_scale9_noise0.cnf,hidden_pigeonhole,9,visible_noise0,1,kissat,168.09921,UNSATISFIABLE,168.09921,False,,,,,,,,168.09921,2464
009_hidden_pigeonhole_visible_noise0_scale9_noise0.cnf,hidden_pigeonhole,9,visible_noise0,1,lkk_4a_sealed,66.99402,UNSATISFIABLE,66.99402,False,UNSAT,False,29.6635,117666,0.906314,0.020589,0,34.6045,4520
009_hidden_pigeonhole_visible_noise0_scale9_noise0.cnf,hidden_pigeonhole,9,visible_noise0,1,lkk_4c_indexed,34.119304,UNSATISFIABLE,34.119304,False,UNSAT,False,8.48256,12231,0.958209,0.014325,0,12.5258,4772
009_hidden_pigeonhole_visible_noise0_scale9_noise0.cnf,hidden_pigeonhole,9,visible_noise0,1,cadical,418.518597,UNSATISFIABLE,418.518597,False,,,,,,,,418.518597,3504
009_hidden_pigeonhole_visible_noise0_scale9_noise0.cnf,hidden_pigeonhole,9,visible_noise0,2,lkk_4a_sealed,68.352047,UNSATISFIABLE,68.352047,False,UNSAT,False,35.0178,117666,1.71555,0.018777,0,41.7977,4640
009_hidden_pigeonhole_visible_noise0_scale9_noise0.cnf,hidden_pigeonhole,9,visible_noise0,2,lkk_4c_indexed,35.132786,UNSATISFIABLE,35.132786,False,UNSAT,False,9.46314,12231,1.01201,0.019782,0,14.3316,4812
009_hidden_pigeonhole_visible_noise0_scale9_noise0.cnf,hidden_pigeonhole,9,visible_noise0,2,cadical,519.153243,UNSATISFIABLE,519.153243,False,,,,,,,,519.153243,3384
009_hidden_pigeonhole_visible_noise0_scale9_noise0.cnf,hidden_pigeonhole,9,visible_noise0,2,kissat,167.818868,UNSATISFIABLE,167.818868,False,,,,,,,,167.818868,2468
009_hidden_pigeonhole_visible_noise0_scale9_noise0.cnf,hidden_pigeonhole,9,visible_noise0,3,lkk_4c_indexed,34.573552,UNSATISFIABLE,34.573552,False,UNSAT,False,8.57719,12231,0.924309,0.018273,0,12.3829,4704
009_hidden_pigeonhole_visible_noise0_scale9_noise0.cnf,hidden_pigeonhole,9,visible_noise0,3,cadical,368.064994,UNSATISFIABLE,368.064994,False,,,,,,,,368.064994,3508
009_hidden_pigeonhole_visible_noise0_scale9_noise0.cnf,hidden_pigeonhole,9,visible_noise0,3,kissat,117.193053,UNSATISFIABLE,117.193053,False,,,,,,,,117.193053,2464
009_hidden_pigeonhole_visible_noise0_scale9_noise0.cnf,hidden_pigeonhole,9,visible_noise0,3,lkk_4a_sealed,67.14092,UNSATISFIABLE,67.14092,False,UNSAT,False,31.3767,117666,0.998101,0.019159,0,35.8989,4568
010_hidden_pigeonhole_hidden_noise100_scale9_noise100.cnf,hidden_pigeonhole,9,hidden_noise100,1,lkk_4a_sealed,468.955538,UNSATISFIABLE,468.955538,False,UNKNOWN,True,12.9123,200001,1.40959,0,398.134,417.375,7352
010_hidden_pigeonhole_hidden_noise100_scale9_noise100.cnf,hidden_pigeonhole,9,hidden_noise100,1,lkk_4c_indexed,34.980322,UNSATISFIABLE,34.980322,False,UNSAT,False,8.74024,12231,1.56468,0.015036,0,14.6148,4924
010_hidden_pigeonhole_hidden_noise100_scale9_noise100.cnf,hidden_pigeonhole,9,hidden_noise100,1,cadical,468.389972,UNSATISFIABLE,468.389972,False,,,,,,,,468.389972,3900
010_hidden_pigeonhole_hidden_noise100_scale9_noise100.cnf,hidden_pigeonhole,9,hidden_noise100,1,kissat,117.414904,UNSATISFIABLE,117.414904,False,,,,,,,,117.414904,2544
010_hidden_pigeonhole_hidden_noise100_scale9_noise100.cnf,hidden_pigeonhole,9,hidden_noise100,2,lkk_4c_indexed,36.36535,UNSATISFIABLE,36.36535,False,UNSAT,False,11.3391,12231,1.85831,0.020613,0,19.3415,5008
010_hidden_pigeonhole_hidden_noise100_scale9_noise100.cnf,hidden_pigeonhole,9,hidden_noise100,2,cadical,468.909875,UNSATISFIABLE,468.909875,False,,,,,,,,468.909875,3944
010_hidden_pigeonhole_hidden_noise100_scale9_noise100.cnf,hidden_pigeonhole,9,hidden_noise100,2,kissat,168.684683,UNSATISFIABLE,168.684683,False,,,,,,,,168.684683,2548
010_hidden_pigeonhole_hidden_noise100_scale9_noise100.cnf,hidden_pigeonhole,9,hidden_noise100,2,lkk_4a_sealed,418.694167,UNSATISFIABLE,418.694167,False,UNKNOWN,True,15.7567,200001,1.47392,0,354.75,376.41,7232
010_hidden_pigeonhole_hidden_noise100_scale9_noise100.cnf,hidden_pigeonhole,9,hidden_noise100,3,cadical,469.220298,UNSATISFIABLE,469.220298,False,,,,,,,,469.220298,3696
010_hidden_pigeonhole_hidden_noise100_scale9_noise100.cnf,hidden_pigeonhole,9,hidden_noise100,3,kissat,116.723723,UNSATISFIABLE,116.723723,False,,,,,,,,116.723723,2540
010_hidden_pigeonhole_hidden_noise100_scale9_noise100.cnf,hidden_pigeonhole,9,hidden_noise100,3,lkk_4a_sealed,519.182779,UNSATISFIABLE,519.182779,False,UNKNOWN,True,13.4213,200001,1.53772,0,449.852,468.787,7116
010_hidden_pigeonhole_hidden_noise100_scale9_noise100.cnf,hidden_pigeonhole,9,hidden_noise100,3,lkk_4c_indexed,35.443037,UNSATISFIABLE,35.443037,False,UNSAT,False,8.79838,12231,1.48716,0.015964,0,14.719,4912
011_satisfiable_capacity_control_sat_fallback_scale24_noise0.cnf,satisfiable_capacity_control,24,sat_fallback,1,lkk_4c_indexed,268.412238,SATISFIABLE,268.412238,False,UNKNOWN,True,195.543,200001,3.53358,0,1.69127,217.906,10896
011_satisfiable_capacity_control_sat_fallback_scale24_noise0.cnf,satisfiable_capacity_control,24,sat_fallback,1,cadical,118.031497,SATISFIABLE,118.031497,False,,,,,,,,118.031497,3112
011_satisfiable_capacity_control_sat_fallback_scale24_noise0.cnf,satisfiable_capacity_control,24,sat_fallback,1,kissat,18.603764,SATISFIABLE,18.603764,False,,,,,,,,18.603764,1732
011_satisfiable_capacity_control_sat_fallback_scale24_noise0.cnf,satisfiable_capacity_control,24,sat_fallback,1,lkk_4a_sealed,66.810216,SATISFIABLE,66.810216,False,UNKNOWN,True,20.2025,200246,2.98368,0,2.64028,37.5417,8540
011_satisfiable_capacity_control_sat_fallback_scale24_noise0.cnf,satisfiable_capacity_control,24,sat_fallback,2,cadical,116.973254,SATISFIABLE,116.973254,False,,,,,,,,116.973254,3112
011_satisfiable_capacity_control_sat_fallback_scale24_noise0.cnf,satisfiable_capacity_control,24,sat_fallback,2,kissat,18.852245,SATISFIABLE,18.852245,False,,,,,,,,18.852245,1680
011_satisfiable_capacity_control_sat_fallback_scale24_noise0.cnf,satisfiable_capacity_control,24,sat_fallback,2,lkk_4a_sealed,68.173248,SATISFIABLE,68.173248,False,UNKNOWN,True,19.417,200246,4.06484,0,2.02726,40.7715,8408
011_satisfiable_capacity_control_sat_fallback_scale24_noise0.cnf,satisfiable_capacity_control,24,sat_fallback,2,lkk_4c_indexed,267.879682,SATISFIABLE,267.879682,False,UNKNOWN,True,220.479,200001,4.01907,0,1.52152,241.476,11000
011_satisfiable_capacity_control_sat_fallback_scale24_noise0.cnf,satisfiable_capacity_control,24,sat_fallback,3,kissat,18.247216,SATISFIABLE,18.247216,False,,,,,,,,18.247216,1724
011_satisfiable_capacity_control_sat_fallback_scale24_noise0.cnf,satisfiable_capacity_control,24,sat_fallback,3,lkk_4a_sealed,67.202957,SATISFIABLE,67.202957,False,UNKNOWN,True,16.6348,200246,2.94935,0,1.8196,32.3714,8336
011_satisfiable_capacity_control_sat_fallback_scale24_noise0.cnf,satisfiable_capacity_control,24,sat_fallback,3,lkk_4c_indexed,267.74853,SATISFIABLE,267.74853,False,UNKNOWN,True,211.158,200001,2.98829,0,2.02763,232.274,10916
011_satisfiable_capacity_control_sat_fallback_scale24_noise0.cnf,satisfiable_capacity_control,24,sat_fallback,3,cadical,117.518693,SATISFIABLE,117.518693,False,,,,,,,,117.518693,3108
012_random_3sat_uniform_scale150_noise0.cnf,random_3sat,150,uniform,1,cadical,118.942651,SATISFIABLE,118.942651,False,,,,,,,,118.942651,2644
012_random_3sat_uniform_scale150_noise0.cnf,random_3sat,150,uniform,1,kissat,117.402541,SATISFIABLE,117.402541,False,,,,,,,,117.402541,1900
012_random_3sat_uniform_scale150_noise0.cnf,random_3sat,150,uniform,1,lkk_4a_sealed,67.538782,SATISFIABLE,67.538782,False,UNKNOWN,True,0.604514,7055,0.23979,0,27.0534,31.0255,5860
012_random_3sat_uniform_scale150_noise0.cnf,random_3sat,150,uniform,1,lkk_4c_indexed,67.214091,SATISFIABLE,67.214091,False,UNKNOWN,True,0.053767,15,0.218475,0,27.9964,31.11,5792
012_random_3sat_uniform_scale150_noise0.cnf,random_3sat,150,uniform,2,kissat,66.558246,SATISFIABLE,66.558246,False,,,,,,,,66.558246,1884
012_random_3sat_uniform_scale150_noise0.cnf,random_3sat,150,uniform,2,lkk_4a_sealed,67.240619,SATISFIABLE,67.240619,False,UNKNOWN,True,0.557159,7055,0.222716,0,26.0495,29.543,5796
012_random_3sat_uniform_scale150_noise0.cnf,random_3sat,150,uniform,2,lkk_4c_indexed,67.505691,SATISFIABLE,67.505691,False,UNKNOWN,True,0.053762,15,0.225597,0,29.1934,33.0637,5968
012_random_3sat_uniform_scale150_noise0.cnf,random_3sat,150,uniform,2,cadical,66.48961,SATISFIABLE,66.48961,False,,,,,,,,66.48961,2644
012_random_3sat_uniform_scale150_noise0.cnf,random_3sat,150,uniform,3,lkk_4a_sealed,67.295237,SATISFIABLE,67.295237,False,UNKNOWN,True,0.569893,7055,0.232472,0,25.4897,28.8006,5868
012_random_3sat_uniform_scale150_noise0.cnf,random_3sat,150,uniform,3,lkk_4c_indexed,67.270636,SATISFIABLE,67.270636,False,UNKNOWN,True,0.053289,15,0.225499,0,26.1548,29.3369,5696
012_random_3sat_uniform_scale150_noise0.cnf,random_3sat,150,uniform,3,cadical,66.36184,SATISFIABLE,66.36184,False,,,,,,,,66.36184,2644
012_random_3sat_uniform_scale150_noise0.cnf,random_3sat,150,uniform,3,kissat,117.65946,SATISFIABLE,117.65946,False,,,,,,,,117.65946,1888
013_random_3sat_planted_sat_scale400_noise0.cnf,random_3sat,400,planted_sat,1,kissat,117.348115,SATISFIABLE,117.348115,False,,,,,,,,117.348115,2152
013_random_3sat_planted_sat_scale400_noise0.cnf,random_3sat,400,planted_sat,1,lkk_4a_sealed,719.871663,SATISFIABLE,719.871663,False,UNKNOWN,True,3.446,44536,0.531551,0,677.063,685.343,8764
013_random_3sat_planted_sat_scale400_noise0.cnf,random_3sat,400,planted_sat,1,lkk_4c_indexed,669.829315,SATISFIABLE,669.829315,False,UNKNOWN,True,0.125589,11,0.555747,0,652.453,657.411,8844
013_random_3sat_planted_sat_scale400_noise0.cnf,random_3sat,400,planted_sat,1,cadical,719.618384,SATISFIABLE,719.618384,False,,,,,,,,719.618384,5656
013_random_3sat_planted_sat_scale400_noise0.cnf,random_3sat,400,planted_sat,2,lkk_4a_sealed,770.794426,SATISFIABLE,770.794426,False,UNKNOWN,True,3.72594,44536,0.577062,0,724.148,732.691,8544
013_random_3sat_planted_sat_scale400_noise0.cnf,random_3sat,400,planted_sat,2,lkk_4c_indexed,770.321537,SATISFIABLE,770.321537,False,UNKNOWN,True,0.122583,11,0.538581,0,733.358,738.762,8628
013_random_3sat_planted_sat_scale400_noise0.cnf,random_3sat,400,planted_sat,2,cadical,1022.122909,SATISFIABLE,1022.122909,False,,,,,,,,1022.122909,5316
013_random_3sat_planted_sat_scale400_noise0.cnf,random_3sat,400,planted_sat,2,kissat,2480.461086,SATISFIABLE,2480.461086,False,,,,,,,,2480.461086,5596
013_random_3sat_planted_sat_scale400_noise0.cnf,random_3sat,400,planted_sat,3,lkk_4c_indexed,872.631156,SATISFIABLE,872.631156,False,UNKNOWN,True,0.239192,11,1.1422,0,824.102,832.607,8804
013_random_3sat_planted_sat_scale400_noise0.cnf,random_3sat,400,planted_sat,3,cadical,870.869693,SATISFIABLE,870.869693,False,,,,,,,,870.869693,5376
013_random_3sat_planted_sat_scale400_noise0.cnf,random_3sat,400,planted_sat,3,kissat,619.55171,SATISFIABLE,619.55171,False,,,,,,,,619.55171,4700
013_random_3sat_planted_sat_scale400_noise0.cnf,random_3sat,400,planted_sat,3,lkk_4a_sealed,921.991829,SATISFIABLE,921.991829,False,UNKNOWN,True,4.09304,44536,0.637627,0,868.194,877.965,8580
014_random_3sat_planted_sat_scale800_noise0.cnf,random_3sat,800,planted_sat,1,lkk_4a_sealed,770.981705,SATISFIABLE,770.981705,False,UNKNOWN,True,17.899,185346,1.36575,0,728.125,754.26,9936
014_random_3sat_planted_sat_scale800_noise0.cnf,random_3sat,800,planted_sat,1,lkk_4c_indexed,820.972,SATISFIABLE,820.972,False,UNKNOWN,True,0.354009,20,1.49536,0,754.855,764.665,10144
014_random_3sat_planted_sat_scale800_noise0.cnf,random_3sat,800,planted_sat,1,cadical,820.08445,SATISFIABLE,820.08445,False,,,,,,,,820.08445,6348
014_random_3sat_planted_sat_scale800_noise0.cnf,random_3sat,800,planted_sat,1,kissat,168.370116,SATISFIABLE,168.370116,False,,,,,,,,168.370116,2520
014_random_3sat_planted_sat_scale800_noise0.cnf,random_3sat,800,planted_sat,2,lkk_4c_indexed,821.772348,SATISFIABLE,821.772348,False,UNKNOWN,True,0.284896,20,1.39395,0,776.117,785.036,9940
014_random_3sat_planted_sat_scale800_noise0.cnf,random_3sat,800,planted_sat,2,cadical,870.402907,SATISFIABLE,870.402907,False,,,,,,,,870.402907,6276
014_random_3sat_planted_sat_scale800_noise0.cnf,random_3sat,800,planted_sat,2,kissat,219.348942,SATISFIABLE,219.348942,False,,,,,,,,219.348942,2700
014_random_3sat_planted_sat_scale800_noise0.cnf,random_3sat,800,planted_sat,2,lkk_4a_sealed,872.023833,SATISFIABLE,872.023833,False,UNKNOWN,True,17.9895,185346,1.4708,0,827.759,854.046,9972
014_random_3sat_planted_sat_scale800_noise0.cnf,random_3sat,800,planted_sat,3,cadical,1222.784792,SATISFIABLE,1222.784792,False,,,,,,,,1222.784792,6876
014_random_3sat_planted_sat_scale800_noise0.cnf,random_3sat,800,planted_sat,3,kissat,168.319383,SATISFIABLE,168.319383,False,,,,,,,,168.319383,2520
014_random_3sat_planted_sat_scale800_noise0.cnf,random_3sat,800,planted_sat,3,lkk_4a_sealed,1223.85225,SATISFIABLE,1223.85225,False,UNKNOWN,True,16.8747,185346,1.47874,0,1179.46,1205.23,10472
014_random_3sat_planted_sat_scale800_noise0.cnf,random_3sat,800,planted_sat,3,lkk_4c_indexed,1274.622797,SATISFIABLE,1274.622797,False,UNKNOWN,True,0.368246,20,1.77787,0,1236.15,1247.38,10204
