instance,stratum,domain,mode,measured_at_timeout_s,runtime_ms,status,timed_out
aim-50-1_6-no-1.cnf,cardinality_exact_r_heavy,crafted_structured,A_cadical,60.0,66.513822,UNSATISFIABLE,False
aim-50-1_6-no-1.cnf,cardinality_exact_r_heavy,crafted_structured,B_kissat,60.0,34.801442,UNSATISFIABLE,False
hole6.cnf,lkk_direct_structural_unsat,matching_capacity,A_cadical,60.0,118.455692,UNSATISFIABLE,False
hole6.cnf,lkk_direct_structural_unsat,matching_capacity,B_kissat,60.0,35.586043,UNSATISFIABLE,False
noL-11-4.sanitized.cnf,matching_hall_like,competition_main,A_cadical,60.0,60054.826707,TIMEOUT,True
noL-11-4.sanitized.cnf,matching_hall_like,competition_main,B_kissat,60.0,60052.270941,TIMEOUT,True
e0ddr2-10-by-5-4.cnf,no_useful_detected_structure,planning_scheduling,A_cadical,60.0,417.368816,SATISFIABLE,False
e0ddr2-10-by-5-4.cnf,no_useful_detected_structure,planning_scheduling,B_kissat,60.0,66.333172,SATISFIABLE,False
uf250-029.cnf,resource_allocation_like,random_control,A_cadical,60.0,17.5247,UNKNOWN,False
uf250-029.cnf,resource_allocation_like,random_control,B_kissat,60.0,17.963431,UNKNOWN,False
ais6.cnf,structural_not_closed_by_flow,matching_capacity,A_cadical,60.0,66.127721,SATISFIABLE,False
ais6.cnf,structural_not_closed_by_flow,matching_capacity,B_kissat,60.0,18.179751,SATISFIABLE,False
mdp-32-16-sat.cnf,cardinality_exact_r_heavy,competition_main,A_cadical,60.0,60049.238543,TIMEOUT,True
mdp-32-16-sat.cnf,cardinality_exact_r_heavy,competition_main,B_kissat,60.0,60051.245376,TIMEOUT,True
hole10.cnf,lkk_direct_structural_unsat,matching_capacity,A_cadical,60.0,60051.104367,TIMEOUT,True
hole10.cnf,lkk_direct_structural_unsat,matching_capacity,B_kissat,60.0,2325.058484,UNSATISFIABLE,False
noL-11-20.sanitized.cnf,matching_hall_like,competition_main,A_cadical,60.0,51469.419767,SATISFIABLE,False
noL-11-20.sanitized.cnf,matching_hall_like,competition_main,B_kissat,60.0,45805.765562,SATISFIABLE,False
combined-crypto1-wff-seed-1-wffvars-450-cryptocplx-40-overlap-2.cnf,no_useful_detected_structure,competition_main,A_cadical,60.0,17838.798801,SATISFIABLE,False
combined-crypto1-wff-seed-1-wffvars-450-cryptocplx-40-overlap-2.cnf,no_useful_detected_structure,competition_main,B_kissat,60.0,38767.913133,SATISFIABLE,False
flat200-78.cnf,resource_allocation_like,matching_capacity,A_cadical,60.0,66.315458,SATISFIABLE,False
flat200-78.cnf,resource_allocation_like,matching_capacity,B_kissat,60.0,33.802889,SATISFIABLE,False
mchess_17.cnf,structural_not_closed_by_flow,competition_main,A_cadical,60.0,60044.928743,TIMEOUT,True
mchess_17.cnf,structural_not_closed_by_flow,competition_main,B_kissat,60.0,60043.832478,TIMEOUT,True
2bitadd_12.cnf,cardinality_exact_r_heavy,planning_scheduling,A_cadical,60.0,66.114108,SATISFIABLE,False
2bitadd_12.cnf,cardinality_exact_r_heavy,planning_scheduling,B_kissat,60.0,66.636252,SATISFIABLE,False
Schur_161_5_d38.cnf,matching_hall_like,competition_main,A_cadical,60.0,60057.926948,TIMEOUT,True
Schur_161_5_d38.cnf,matching_hall_like,competition_main,B_kissat,60.0,60054.034173,TIMEOUT,True
hwmcc17miters-xits-iso-oski15a08b00s.sanitized.cnf,no_useful_detected_structure,competition_main,A_cadical,60.0,60048.034497,TIMEOUT,True
hwmcc17miters-xits-iso-oski15a08b00s.sanitized.cnf,no_useful_detected_structure,competition_main,B_kissat,60.0,6894.565593,UNSATISFIABLE,False
lec_mult_CvW_12x12.sanitized.cnf,resource_allocation_like,competition_main,A_cadical,60.0,60048.928391,TIMEOUT,True
lec_mult_CvW_12x12.sanitized.cnf,resource_allocation_like,competition_main,B_kissat,60.0,60044.313799,TIMEOUT,True
logistics.a.cnf,cardinality_exact_r_heavy,planning_scheduling,A_cadical,60.0,66.46925,SATISFIABLE,False
logistics.a.cnf,cardinality_exact_r_heavy,planning_scheduling,B_kissat,60.0,66.476822,SATISFIABLE,False
Folkman-175-9054056.sanitized.cnf,matching_hall_like,competition_main,A_cadical,60.0,60008.348218,TIMEOUT,True
Folkman-175-9054056.sanitized.cnf,matching_hall_like,competition_main,B_kissat,60.0,60049.288133,TIMEOUT,True
g2-hwmcc15deep-6s161-k17.cnf,no_useful_detected_structure,competition_main,A_cadical,60.0,60007.531452,TIMEOUT,True
g2-hwmcc15deep-6s161-k17.cnf,no_useful_detected_structure,competition_main,B_kissat,60.0,60050.492464,TIMEOUT,True
uuf200-051.cnf,resource_allocation_like,random_control,A_cadical,60.0,17.662783,UNKNOWN,False
uuf200-051.cnf,resource_allocation_like,random_control,B_kissat,60.0,17.434806,UNKNOWN,False
par32-1-c.cnf,cardinality_exact_r_heavy,crafted_parity,A_cadical,60.0,60045.229162,TIMEOUT,True
par32-1-c.cnf,cardinality_exact_r_heavy,crafted_parity,B_kissat,60.0,60036.723195,TIMEOUT,True
noL-11-16.sanitized.cnf,matching_hall_like,competition_main,A_cadical,60.0,27069.68776,SATISFIABLE,False
noL-11-16.sanitized.cnf,matching_hall_like,competition_main,B_kissat,60.0,44135.032315,SATISFIABLE,False
j3037_10_mdd_b.cnf,no_useful_detected_structure,competition_main,A_cadical,60.0,1572.224784,SATISFIABLE,False
j3037_10_mdd_b.cnf,no_useful_detected_structure,competition_main,B_kissat,60.0,60038.904757,TIMEOUT,True
Break_08_24.xml.cnf,resource_allocation_like,competition_main,A_cadical,60.0,517.82172,SATISFIABLE,False
Break_08_24.xml.cnf,resource_allocation_like,competition_main,B_kissat,60.0,467.998683,SATISFIABLE,False
dubois25.cnf,cardinality_exact_r_heavy,crafted_parity,A_cadical,60.0,66.006096,UNSATISFIABLE,False
dubois25.cnf,cardinality_exact_r_heavy,crafted_parity,B_kissat,60.0,17.709544,UNSATISFIABLE,False
Folkman-180-5383714.sanitized.cnf,matching_hall_like,competition_main,A_cadical,60.0,60052.283836,TIMEOUT,True
Folkman-180-5383714.sanitized.cnf,matching_hall_like,competition_main,B_kissat,60.0,60047.95035,TIMEOUT,True
Dodecahedron-k7.cnf,no_useful_detected_structure,competition_main,A_cadical,60.0,60012.713541,TIMEOUT,True
Dodecahedron-k7.cnf,no_useful_detected_structure,competition_main,B_kissat,60.0,60007.161842,TIMEOUT,True
uf250-059.cnf,resource_allocation_like,random_control,A_cadical,60.0,18.131239,UNKNOWN,False
uf250-059.cnf,resource_allocation_like,random_control,B_kissat,60.0,17.535074,UNKNOWN,False
2bitadd_10.cnf,cardinality_exact_r_heavy,planning_scheduling,A_cadical,60.0,9500.692434,UNSATISFIABLE,False
2bitadd_10.cnf,cardinality_exact_r_heavy,planning_scheduling,B_kissat,60.0,3328.036456,UNSATISFIABLE,False
bmc-galileo-9.cnf,no_useful_detected_structure,eda_formal_verification,A_cadical,60.0,1972.449551,SATISFIABLE,False
bmc-galileo-9.cnf,no_useful_detected_structure,eda_formal_verification,B_kissat,60.0,819.749263,SATISFIABLE,False
uuf200-07.cnf,resource_allocation_like,random_control,A_cadical,60.0,17.886025,UNKNOWN,False
uuf200-07.cnf,resource_allocation_like,random_control,B_kissat,60.0,17.944758,UNKNOWN,False
mp1-Nb5T15.cnf,cardinality_exact_r_heavy,competition_main,A_cadical,60.0,18941.611733,SATISFIABLE,False
mp1-Nb5T15.cnf,cardinality_exact_r_heavy,competition_main,B_kissat,60.0,60046.868308,TIMEOUT,True
par32-3.cnf,no_useful_detected_structure,crafted_parity,A_cadical,60.0,60042.518529,TIMEOUT,True
par32-3.cnf,no_useful_detected_structure,crafted_parity,B_kissat,60.0,60037.311109,TIMEOUT,True
flat200-77.cnf,resource_allocation_like,matching_capacity,A_cadical,60.0,66.582019,SATISFIABLE,False
flat200-77.cnf,resource_allocation_like,matching_capacity,B_kissat,60.0,66.603133,SATISFIABLE,False
mdp-36-10-sat.cnf,cardinality_exact_r_heavy,competition_main,A_cadical,60.0,60050.041749,TIMEOUT,True
mdp-36-10-sat.cnf,cardinality_exact_r_heavy,competition_main,B_kissat,60.0,60048.343223,TIMEOUT,True
hwmcc20miters-iso-rast-p11.sanitized.cnf,no_useful_detected_structure,competition_main,A_cadical,60.0,1972.783349,UNSATISFIABLE,False
hwmcc20miters-iso-rast-p11.sanitized.cnf,no_useful_detected_structure,competition_main,B_kissat,60.0,267.196369,UNSATISFIABLE,False
flat200-96.cnf,resource_allocation_like,matching_capacity,A_cadical,60.0,116.087844,SATISFIABLE,False
flat200-96.cnf,resource_allocation_like,matching_capacity,B_kissat,60.0,66.297401,SATISFIABLE,False
4blocksb.cnf,cardinality_exact_r_heavy,planning_scheduling,A_cadical,60.0,116.414183,SATISFIABLE,False
4blocksb.cnf,cardinality_exact_r_heavy,planning_scheduling,B_kissat,60.0,117.150149,SATISFIABLE,False
g2-slp-synthesis-aes-top30.cnf,no_useful_detected_structure,competition_main,A_cadical,60.0,60004.418124,TIMEOUT,True
g2-slp-synthesis-aes-top30.cnf,no_useful_detected_structure,competition_main,B_kissat,60.0,60049.553695,TIMEOUT,True
uf250-086.cnf,resource_allocation_like,random_control,A_cadical,60.0,17.472583,UNKNOWN,False
uf250-086.cnf,resource_allocation_like,random_control,B_kissat,60.0,17.48281,UNKNOWN,False
mdp-28-11-sat.cnf,cardinality_exact_r_heavy,competition_main,A_cadical,60.0,27977.151097,SATISFIABLE,False
mdp-28-11-sat.cnf,cardinality_exact_r_heavy,competition_main,B_kissat,60.0,60037.419528,TIMEOUT,True
mp1-Nb7T42.cnf,no_useful_detected_structure,competition_main,A_cadical,60.0,20496.460976,SATISFIABLE,False
mp1-Nb7T42.cnf,no_useful_detected_structure,competition_main,B_kissat,60.0,60014.656628,TIMEOUT,True
jnh203.cnf,resource_allocation_like,crafted_structured,A_cadical,60.0,67.171627,UNSATISFIABLE,False
jnh203.cnf,resource_allocation_like,crafted_structured,B_kissat,60.0,17.573748,UNSATISFIABLE,False
par32-2-c.cnf,cardinality_exact_r_heavy,crafted_parity,A_cadical,60.0,42575.78258,SATISFIABLE,False
par32-2-c.cnf,cardinality_exact_r_heavy,crafted_parity,B_kissat,60.0,60034.769795,TIMEOUT,True
j3037_10_mdd_bm1.cnf,no_useful_detected_structure,competition_main,A_cadical,60.0,41322.226881,UNSATISFIABLE,False
j3037_10_mdd_bm1.cnf,no_useful_detected_structure,competition_main,B_kissat,60.0,30331.848513,UNSATISFIABLE,False
uuf250-026.cnf,resource_allocation_like,random_control,A_cadical,60.0,17.542566,UNKNOWN,False
uuf250-026.cnf,resource_allocation_like,random_control,B_kissat,60.0,17.377165,UNKNOWN,False
mdp-32-14-sat.cnf,cardinality_exact_r_heavy,competition_main,A_cadical,60.0,60040.074116,TIMEOUT,True
mdp-32-14-sat.cnf,cardinality_exact_r_heavy,competition_main,B_kissat,60.0,60038.551203,TIMEOUT,True
FmlaEquivChain_4_8_8.sanitized.cnf,no_useful_detected_structure,competition_main,A_cadical,60.0,60034.540921,TIMEOUT,True
FmlaEquivChain_4_8_8.sanitized.cnf,no_useful_detected_structure,competition_main,B_kissat,60.0,60018.264613,TIMEOUT,True
pcmax-scheduling-m13-2011-12813-UNSAT.sanitized.cnf,resource_allocation_like,competition_main,A_cadical,60.0,60039.969908,TIMEOUT,True
pcmax-scheduling-m13-2011-12813-UNSAT.sanitized.cnf,resource_allocation_like,competition_main,B_kissat,60.0,60041.025877,TIMEOUT,True
pret150_75.cnf,cardinality_exact_r_heavy,crafted_parity,A_cadical,60.0,66.547579,UNSATISFIABLE,False
pret150_75.cnf,cardinality_exact_r_heavy,crafted_parity,B_kissat,60.0,17.982768,UNSATISFIABLE,False
SGI_30_80_26_70_4-log.shuffled-as.sat03-208.cnf,no_useful_detected_structure,competition_main,A_cadical,60.0,60013.112887,TIMEOUT,True
SGI_30_80_26_70_4-log.shuffled-as.sat03-208.cnf,no_useful_detected_structure,competition_main,B_kissat,60.0,60048.045413,TIMEOUT,True
flat200-41.cnf,resource_allocation_like,matching_capacity,A_cadical,60.0,116.858148,SATISFIABLE,False
flat200-41.cnf,resource_allocation_like,matching_capacity,B_kissat,60.0,67.132835,SATISFIABLE,False
par32-5-c.cnf,cardinality_exact_r_heavy,crafted_parity,A_cadical,60.0,60041.154844,TIMEOUT,True
par32-5-c.cnf,cardinality_exact_r_heavy,crafted_parity,B_kissat,60.0,60043.130409,TIMEOUT,True
pcmax-scheduling-m12-8049-55035-SAT.sanitized.cnf,no_useful_detected_structure,competition_main,A_cadical,60.0,60038.125253,TIMEOUT,True
pcmax-scheduling-m12-8049-55035-SAT.sanitized.cnf,no_useful_detected_structure,competition_main,B_kissat,60.0,60046.671636,TIMEOUT,True
uf250-06.cnf,resource_allocation_like,random_control,A_cadical,60.0,17.685598,UNKNOWN,False
uf250-06.cnf,resource_allocation_like,random_control,B_kissat,60.0,17.66373,UNKNOWN,False
par16-4-c.cnf,cardinality_exact_r_heavy,crafted_parity,A_cadical,60.0,116.633423,SATISFIABLE,False
par16-4-c.cnf,cardinality_exact_r_heavy,crafted_parity,B_kissat,60.0,34.393375,SATISFIABLE,False
goldcrest-and-9.cnf,no_useful_detected_structure,competition_main,A_cadical,60.0,60018.947318,TIMEOUT,True
goldcrest-and-9.cnf,no_useful_detected_structure,competition_main,B_kissat,60.0,60016.942514,TIMEOUT,True
flat200-60.cnf,resource_allocation_like,matching_capacity,A_cadical,60.0,66.328213,SATISFIABLE,False
flat200-60.cnf,resource_allocation_like,matching_capacity,B_kissat,60.0,33.778688,SATISFIABLE,False
Timetable_C_392_E_62_Cl_26_S_28.cnf,no_useful_detected_structure,competition_main,A_cadical,60.0,60020.411176,TIMEOUT,True
Timetable_C_392_E_62_Cl_26_S_28.cnf,no_useful_detected_structure,competition_main,B_kissat,60.0,20508.457916,SATISFIABLE,False
uf200-05.cnf,resource_allocation_like,random_control,A_cadical,60.0,18.140156,UNKNOWN,False
uf200-05.cnf,resource_allocation_like,random_control,B_kissat,60.0,18.782464,UNKNOWN,False
1-TC-256-K-71.sanitized.cnf,no_useful_detected_structure,competition_main,A_cadical,60.0,60006.250004,TIMEOUT,True
1-TC-256-K-71.sanitized.cnf,no_useful_detected_structure,competition_main,B_kissat,60.0,60045.756191,TIMEOUT,True
uuf250-033.cnf,resource_allocation_like,random_control,A_cadical,60.0,17.584467,UNKNOWN,False
uuf250-033.cnf,resource_allocation_like,random_control,B_kissat,60.0,17.883274,UNKNOWN,False
pcmax-scheduling-m26-6398-62377-UNSAT.sanitized.cnf,no_useful_detected_structure,competition_main,A_cadical,60.0,60044.452769,TIMEOUT,True
pcmax-scheduling-m26-6398-62377-UNSAT.sanitized.cnf,no_useful_detected_structure,competition_main,B_kissat,60.0,60043.161796,TIMEOUT,True
uf200-037.cnf,resource_allocation_like,random_control,A_cadical,60.0,18.282103,UNKNOWN,False
uf200-037.cnf,resource_allocation_like,random_control,B_kissat,60.0,18.167712,UNKNOWN,False
REGRandom-K3-L3-Seed25.sanitized.cnf,no_useful_detected_structure,competition_main,A_cadical,60.0,60051.476577,TIMEOUT,True
REGRandom-K3-L3-Seed25.sanitized.cnf,no_useful_detected_structure,competition_main,B_kissat,60.0,1170.610931,UNSATISFIABLE,False
flat75-93.cnf,resource_allocation_like,matching_capacity,A_cadical,60.0,66.646302,SATISFIABLE,False
flat75-93.cnf,resource_allocation_like,matching_capacity,B_kissat,60.0,34.02059,SATISFIABLE,False
Break_triple_20_36.xml.cnf,no_useful_detected_structure,competition_main,A_cadical,60.0,60056.383205,TIMEOUT,True
Break_triple_20_36.xml.cnf,no_useful_detected_structure,competition_main,B_kissat,60.0,60005.904997,TIMEOUT,True
jnh310.cnf,resource_allocation_like,crafted_structured,A_cadical,60.0,66.74123,UNSATISFIABLE,False
jnh310.cnf,resource_allocation_like,crafted_structured,B_kissat,60.0,17.805681,UNSATISFIABLE,False
mp1-klieber2017s-0500-023-t12.cnf,no_useful_detected_structure,competition_main,A_cadical,60.0,60054.925068,TIMEOUT,True
mp1-klieber2017s-0500-023-t12.cnf,no_useful_detected_structure,competition_main,B_kissat,60.0,54170.912729,SATISFIABLE,False
aim-200-3_4-yes1-1.cnf,resource_allocation_like,crafted_structured,A_cadical,60.0,66.939614,SATISFIABLE,False
aim-200-3_4-yes1-1.cnf,resource_allocation_like,crafted_structured,B_kissat,60.0,33.85339,SATISFIABLE,False
g2-ak128boothbg2msisc.cnf,no_useful_detected_structure,competition_main,A_cadical,60.0,4126.581653,SATISFIABLE,False
g2-ak128boothbg2msisc.cnf,no_useful_detected_structure,competition_main,B_kissat,60.0,417.364479,SATISFIABLE,False
uf250-016.cnf,resource_allocation_like,random_control,A_cadical,60.0,17.623421,UNKNOWN,False
uf250-016.cnf,resource_allocation_like,random_control,B_kissat,60.0,17.606232,UNKNOWN,False
af-synthesis_stb_50_40_9_sat.cnf,no_useful_detected_structure,competition_main,A_cadical,60.0,60055.309807,TIMEOUT,True
af-synthesis_stb_50_40_9_sat.cnf,no_useful_detected_structure,competition_main,B_kissat,60.0,60040.633021,TIMEOUT,True
uf200-050.cnf,resource_allocation_like,random_control,A_cadical,60.0,17.520491,UNKNOWN,False
uf200-050.cnf,resource_allocation_like,random_control,B_kissat,60.0,17.345349,UNKNOWN,False
asconhashv12_opt64_H9_M2-MIC4kfhiA_m0_6_U2.c.cnf,no_useful_detected_structure,competition_main,A_cadical,60.0,60011.883871,TIMEOUT,True
asconhashv12_opt64_H9_M2-MIC4kfhiA_m0_6_U2.c.cnf,no_useful_detected_structure,competition_main,B_kissat,60.0,60017.94719,TIMEOUT,True
ssa7552-159.cnf,resource_allocation_like,eda_circuit_fault,A_cadical,60.0,66.169583,SATISFIABLE,False
ssa7552-159.cnf,resource_allocation_like,eda_circuit_fault,B_kissat,60.0,17.474641,SATISFIABLE,False
atco_enc1_opt1_10_15.cnf,no_useful_detected_structure,competition_main,A_cadical,60.0,52681.722246,SATISFIABLE,False
atco_enc1_opt1_10_15.cnf,no_useful_detected_structure,competition_main,B_kissat,60.0,60007.821432,TIMEOUT,True
uf200-077.cnf,resource_allocation_like,random_control,A_cadical,60.0,18.152097,UNKNOWN,False
uf200-077.cnf,resource_allocation_like,random_control,B_kissat,60.0,18.253126,UNKNOWN,False
hcp_CP18_18.cnf,no_useful_detected_structure,competition_main,A_cadical,60.0,60018.384028,TIMEOUT,True
hcp_CP18_18.cnf,no_useful_detected_structure,competition_main,B_kissat,60.0,60013.950903,TIMEOUT,True
uf200-035.cnf,resource_allocation_like,random_control,A_cadical,60.0,17.920195,UNKNOWN,False
uf200-035.cnf,resource_allocation_like,random_control,B_kissat,60.0,17.916793,UNKNOWN,False
EDP3-11000.cnf,no_useful_detected_structure,competition_main,A_cadical,60.0,60018.798938,TIMEOUT,True
EDP3-11000.cnf,no_useful_detected_structure,competition_main,B_kissat,60.0,60023.457587,TIMEOUT,True
flat200-74.cnf,resource_allocation_like,matching_capacity,A_cadical,60.0,166.389153,SATISFIABLE,False
flat200-74.cnf,resource_allocation_like,matching_capacity,B_kissat,60.0,116.838418,SATISFIABLE,False
j3037_1_gmto_b.cnf,no_useful_detected_structure,competition_main,A_cadical,60.0,47799.348709,SATISFIABLE,False
j3037_1_gmto_b.cnf,no_useful_detected_structure,competition_main,B_kissat,60.0,39518.043562,SATISFIABLE,False
flat75-12.cnf,resource_allocation_like,matching_capacity,A_cadical,60.0,67.149547,SATISFIABLE,False
flat75-12.cnf,resource_allocation_like,matching_capacity,B_kissat,60.0,33.959843,SATISFIABLE,False
af-synthesis_stb_50_140_0_unsat.cnf,no_useful_detected_structure,competition_main,A_cadical,60.0,60010.866146,TIMEOUT,True
af-synthesis_stb_50_140_0_unsat.cnf,no_useful_detected_structure,competition_main,B_kissat,60.0,60055.524366,TIMEOUT,True
uuf200-02.cnf,resource_allocation_like,random_control,A_cadical,60.0,17.922531,UNKNOWN,False
uuf200-02.cnf,resource_allocation_like,random_control,B_kissat,60.0,18.121058,UNKNOWN,False
dubois100.cnf,no_useful_detected_structure,crafted_parity,A_cadical,60.0,66.673657,SATISFIABLE,False
dubois100.cnf,no_useful_detected_structure,crafted_parity,B_kissat,60.0,17.572343,SATISFIABLE,False
huge.cnf,resource_allocation_like,planning_scheduling,A_cadical,60.0,66.081529,SATISFIABLE,False
huge.cnf,resource_allocation_like,planning_scheduling,B_kissat,60.0,66.382291,SATISFIABLE,False
par32-4.cnf,no_useful_detected_structure,crafted_parity,A_cadical,60.0,60035.202042,TIMEOUT,True
par32-4.cnf,no_useful_detected_structure,crafted_parity,B_kissat,60.0,60034.069692,TIMEOUT,True
flat200-70.cnf,resource_allocation_like,matching_capacity,A_cadical,60.0,66.176556,SATISFIABLE,False
flat200-70.cnf,resource_allocation_like,matching_capacity,B_kissat,60.0,66.301406,SATISFIABLE,False
asconhashv12_opt64_H11_M2-fCHjS2L0du5_m2_4.c.cnf,no_useful_detected_structure,competition_main,A_cadical,60.0,60008.790543,TIMEOUT,True
asconhashv12_opt64_H11_M2-fCHjS2L0du5_m2_4.c.cnf,no_useful_detected_structure,competition_main,B_kissat,60.0,60016.937711,TIMEOUT,True
uf200-071.cnf,resource_allocation_like,random_control,A_cadical,60.0,35.156868,UNKNOWN,False
uf200-071.cnf,resource_allocation_like,random_control,B_kissat,60.0,18.309889,UNKNOWN,False
circuit_48in64out_with_800gates_4in4out_dist128_seed1.sanitized.cnf,no_useful_detected_structure,competition_main,A_cadical,60.0,20492.266036,SATISFIABLE,False
circuit_48in64out_with_800gates_4in4out_dist128_seed1.sanitized.cnf,no_useful_detected_structure,competition_main,B_kissat,60.0,23200.097654,SATISFIABLE,False
aim-50-1_6-no-3.cnf,resource_allocation_like,crafted_structured,A_cadical,60.0,66.292587,UNSATISFIABLE,False
aim-50-1_6-no-3.cnf,resource_allocation_like,crafted_structured,B_kissat,60.0,18.32525,UNSATISFIABLE,False
ER_500_30_3.apx_2_DC-AD.cnf,no_useful_detected_structure,competition_main,A_cadical,60.0,60040.283822,TIMEOUT,True
ER_500_30_3.apx_2_DC-AD.cnf,no_useful_detected_structure,competition_main,B_kissat,60.0,60044.281323,TIMEOUT,True
flat100-6.cnf,resource_allocation_like,matching_capacity,A_cadical,60.0,66.206333,SATISFIABLE,False
flat100-6.cnf,resource_allocation_like,matching_capacity,B_kissat,60.0,18.021531,SATISFIABLE,False
circuit_32in32out_with_96gates_7in7out_dist128_seed1.sanitized.cnf,no_useful_detected_structure,competition_main,A_cadical,60.0,60050.544972,TIMEOUT,True
circuit_32in32out_with_96gates_7in7out_dist128_seed1.sanitized.cnf,no_useful_detected_structure,competition_main,B_kissat,60.0,60014.771331,TIMEOUT,True
flat100-71.cnf,resource_allocation_like,matching_capacity,A_cadical,60.0,67.094147,SATISFIABLE,False
flat100-71.cnf,resource_allocation_like,matching_capacity,B_kissat,60.0,17.862492,SATISFIABLE,False
g2-test_v5_r10_vr10_c1_s21502.smt2-cvc4.cnf,no_useful_detected_structure,competition_main,A_cadical,60.0,60026.065169,TIMEOUT,True
g2-test_v5_r10_vr10_c1_s21502.smt2-cvc4.cnf,no_useful_detected_structure,competition_main,B_kissat,60.0,60012.986219,TIMEOUT,True
flat200-42.cnf,resource_allocation_like,matching_capacity,A_cadical,60.0,66.118455,SATISFIABLE,False
flat200-42.cnf,resource_allocation_like,matching_capacity,B_kissat,60.0,34.417181,SATISFIABLE,False
ER_400_20_4.apx_1_DC-AD.cnf,no_useful_detected_structure,competition_main,A_cadical,60.0,60044.296648,TIMEOUT,True
ER_400_20_4.apx_1_DC-AD.cnf,no_useful_detected_structure,competition_main,B_kissat,60.0,60008.981095,TIMEOUT,True
uf200-091.cnf,resource_allocation_like,random_control,A_cadical,60.0,18.248877,UNKNOWN,False
uf200-091.cnf,resource_allocation_like,random_control,B_kissat,60.0,18.009831,UNKNOWN,False
pb_300_05_lb_17.cnf,no_useful_detected_structure,competition_main,A_cadical,60.0,60017.500525,TIMEOUT,True
pb_300_05_lb_17.cnf,no_useful_detected_structure,competition_main,B_kissat,60.0,23963.287729,SATISFIABLE,False
uf250-09.cnf,resource_allocation_like,random_control,A_cadical,60.0,17.529083,UNKNOWN,False
uf250-09.cnf,resource_allocation_like,random_control,B_kissat,60.0,17.663147,UNKNOWN,False
af-synthesis_stb_50_200_0_sat.cnf,no_useful_detected_structure,competition_main,A_cadical,60.0,60006.502374,TIMEOUT,True
af-synthesis_stb_50_200_0_sat.cnf,no_useful_detected_structure,competition_main,B_kissat,60.0,60057.08097,TIMEOUT,True
uuf250-024.cnf,resource_allocation_like,random_control,A_cadical,60.0,17.459607,UNKNOWN,False
uuf250-024.cnf,resource_allocation_like,random_control,B_kissat,60.0,18.127135,UNKNOWN,False
aim-100-1_6-no-4.cnf,resource_allocation_like,crafted_structured,A_cadical,60.0,66.381955,UNSATISFIABLE,False
aim-100-1_6-no-4.cnf,resource_allocation_like,crafted_structured,B_kissat,60.0,34.827562,UNSATISFIABLE,False
flat200-36.cnf,resource_allocation_like,matching_capacity,A_cadical,60.0,167.833736,SATISFIABLE,False
flat200-36.cnf,resource_allocation_like,matching_capacity,B_kissat,60.0,67.403204,SATISFIABLE,False
jnh301.cnf,resource_allocation_like,crafted_structured,A_cadical,60.0,67.077638,SATISFIABLE,False
jnh301.cnf,resource_allocation_like,crafted_structured,B_kissat,60.0,17.959251,SATISFIABLE,False
uuf250-025.cnf,resource_allocation_like,random_control,A_cadical,60.0,18.147683,UNKNOWN,False
uuf250-025.cnf,resource_allocation_like,random_control,B_kissat,60.0,17.48532,UNKNOWN,False
lec_mult_CvK_11x11.sanitized.cnf,resource_allocation_like,competition_main,A_cadical,60.0,60041.750079,TIMEOUT,True
lec_mult_CvK_11x11.sanitized.cnf,resource_allocation_like,competition_main,B_kissat,60.0,60037.259343,TIMEOUT,True
flat75-73.cnf,resource_allocation_like,matching_capacity,A_cadical,60.0,67.222134,SATISFIABLE,False
flat75-73.cnf,resource_allocation_like,matching_capacity,B_kissat,60.0,34.293374,SATISFIABLE,False
uf250-033.cnf,resource_allocation_like,random_control,A_cadical,60.0,17.868438,UNKNOWN,False
uf250-033.cnf,resource_allocation_like,random_control,B_kissat,60.0,17.664037,UNKNOWN,False
uuf200-089.cnf,resource_allocation_like,random_control,A_cadical,60.0,17.614573,UNKNOWN,False
uuf200-089.cnf,resource_allocation_like,random_control,B_kissat,60.0,18.165345,UNKNOWN,False
uf200-020.cnf,resource_allocation_like,random_control,A_cadical,60.0,17.625887,UNKNOWN,False
uf200-020.cnf,resource_allocation_like,random_control,B_kissat,60.0,17.854714,UNKNOWN,False
flat200-24.cnf,resource_allocation_like,matching_capacity,A_cadical,60.0,66.114468,SATISFIABLE,False
flat200-24.cnf,resource_allocation_like,matching_capacity,B_kissat,60.0,34.421237,SATISFIABLE,False
flat75-47.cnf,resource_allocation_like,matching_capacity,A_cadical,60.0,66.538079,SATISFIABLE,False
flat75-47.cnf,resource_allocation_like,matching_capacity,B_kissat,60.0,33.906518,SATISFIABLE,False
lec_mult_DvK_12x12.sanitized.cnf,resource_allocation_like,competition_main,A_cadical,60.0,60041.324441,TIMEOUT,True
lec_mult_DvK_12x12.sanitized.cnf,resource_allocation_like,competition_main,B_kissat,60.0,60037.587736,TIMEOUT,True
uuf250-098.cnf,resource_allocation_like,random_control,A_cadical,60.0,17.96507,UNKNOWN,False
uuf250-098.cnf,resource_allocation_like,random_control,B_kissat,60.0,18.016408,UNKNOWN,False
mrpp_4x4#12_12.cnf,resource_allocation_like,competition_main,A_cadical,60.0,6138.213496,UNSATISFIABLE,False
mrpp_4x4#12_12.cnf,resource_allocation_like,competition_main,B_kissat,60.0,6237.908022,UNSATISFIABLE,False
uuf250-063.cnf,resource_allocation_like,random_control,A_cadical,60.0,17.83873,UNKNOWN,False
uuf250-063.cnf,resource_allocation_like,random_control,B_kissat,60.0,17.373633,UNKNOWN,False
uf200-051.cnf,resource_allocation_like,random_control,A_cadical,60.0,17.919971,UNKNOWN,False
uf200-051.cnf,resource_allocation_like,random_control,B_kissat,60.0,17.845313,UNKNOWN,False
flat200-40.cnf,resource_allocation_like,matching_capacity,A_cadical,60.0,66.514372,SATISFIABLE,False
flat200-40.cnf,resource_allocation_like,matching_capacity,B_kissat,60.0,66.754529,SATISFIABLE,False
flat200-6.cnf,resource_allocation_like,matching_capacity,A_cadical,60.0,65.966738,SATISFIABLE,False
flat200-6.cnf,resource_allocation_like,matching_capacity,B_kissat,60.0,67.501688,SATISFIABLE,False
flat75-41.cnf,resource_allocation_like,matching_capacity,A_cadical,60.0,66.645785,SATISFIABLE,False
flat75-41.cnf,resource_allocation_like,matching_capacity,B_kissat,60.0,34.072824,SATISFIABLE,False
flat200-95.cnf,resource_allocation_like,matching_capacity,A_cadical,60.0,116.954586,SATISFIABLE,False
flat200-95.cnf,resource_allocation_like,matching_capacity,B_kissat,60.0,66.228969,SATISFIABLE,False
bw_large.b.cnf,resource_allocation_like,planning_scheduling,A_cadical,60.0,116.307535,SATISFIABLE,False
bw_large.b.cnf,resource_allocation_like,planning_scheduling,B_kissat,60.0,66.152546,SATISFIABLE,False
uf200-086.cnf,resource_allocation_like,random_control,A_cadical,60.0,17.748176,UNKNOWN,False
uf200-086.cnf,resource_allocation_like,random_control,B_kissat,60.0,17.672331,UNKNOWN,False
jnh6.cnf,resource_allocation_like,crafted_structured,A_cadical,60.0,67.114829,UNSATISFIABLE,False
jnh6.cnf,resource_allocation_like,crafted_structured,B_kissat,60.0,17.627401,UNSATISFIABLE,False
flat100-13.cnf,resource_allocation_like,matching_capacity,A_cadical,60.0,66.259879,SATISFIABLE,False
flat100-13.cnf,resource_allocation_like,matching_capacity,B_kissat,60.0,17.791649,SATISFIABLE,False
uf200-029.cnf,resource_allocation_like,random_control,A_cadical,60.0,17.991504,UNKNOWN,False
uf200-029.cnf,resource_allocation_like,random_control,B_kissat,60.0,17.962109,UNKNOWN,False
uuf200-017.cnf,resource_allocation_like,random_control,A_cadical,60.0,17.93304,UNKNOWN,False
uuf200-017.cnf,resource_allocation_like,random_control,B_kissat,60.0,17.906982,UNKNOWN,False
uf250-028.cnf,resource_allocation_like,random_control,A_cadical,60.0,17.509646,UNKNOWN,False
uf250-028.cnf,resource_allocation_like,random_control,B_kissat,60.0,17.744888,UNKNOWN,False
uf250-014.cnf,resource_allocation_like,random_control,A_cadical,60.0,17.685745,UNKNOWN,False
uf250-014.cnf,resource_allocation_like,random_control,B_kissat,60.0,18.155943,UNKNOWN,False
uf200-090.cnf,resource_allocation_like,random_control,A_cadical,60.0,35.732274,UNKNOWN,False
uf200-090.cnf,resource_allocation_like,random_control,B_kissat,60.0,20.631467,UNKNOWN,False
uuf250-062.cnf,resource_allocation_like,random_control,A_cadical,60.0,17.92324,UNKNOWN,False
uuf250-062.cnf,resource_allocation_like,random_control,B_kissat,60.0,17.742328,UNKNOWN,False
uuf200-03.cnf,resource_allocation_like,random_control,A_cadical,60.0,17.878299,UNKNOWN,False
uuf200-03.cnf,resource_allocation_like,random_control,B_kissat,60.0,17.60001,UNKNOWN,False
flat75-61.cnf,resource_allocation_like,matching_capacity,A_cadical,60.0,66.981801,SATISFIABLE,False
flat75-61.cnf,resource_allocation_like,matching_capacity,B_kissat,60.0,34.158404,SATISFIABLE,False
flat100-18.cnf,resource_allocation_like,matching_capacity,A_cadical,60.0,66.428306,SATISFIABLE,False
flat100-18.cnf,resource_allocation_like,matching_capacity,B_kissat,60.0,17.98005,SATISFIABLE,False
flat100-36.cnf,resource_allocation_like,matching_capacity,A_cadical,60.0,66.282539,SATISFIABLE,False
flat100-36.cnf,resource_allocation_like,matching_capacity,B_kissat,60.0,17.832071,SATISFIABLE,False
uf250-094.cnf,resource_allocation_like,random_control,A_cadical,60.0,17.52933,UNKNOWN,False
uf250-094.cnf,resource_allocation_like,random_control,B_kissat,60.0,17.514337,UNKNOWN,False
uuf250-072.cnf,resource_allocation_like,random_control,A_cadical,60.0,17.500555,UNKNOWN,False
uuf250-072.cnf,resource_allocation_like,random_control,B_kissat,60.0,17.968581,UNKNOWN,False
jnh214.cnf,resource_allocation_like,crafted_structured,A_cadical,60.0,66.811371,UNSATISFIABLE,False
jnh214.cnf,resource_allocation_like,crafted_structured,B_kissat,60.0,17.966242,UNSATISFIABLE,False
flat200-81.cnf,resource_allocation_like,matching_capacity,A_cadical,60.0,66.461013,SATISFIABLE,False
flat200-81.cnf,resource_allocation_like,matching_capacity,B_kissat,60.0,66.822099,SATISFIABLE,False
uf250-073.cnf,resource_allocation_like,random_control,A_cadical,60.0,17.916044,UNKNOWN,False
uf250-073.cnf,resource_allocation_like,random_control,B_kissat,60.0,18.671853,UNKNOWN,False
uuf250-029.cnf,resource_allocation_like,random_control,A_cadical,60.0,18.394801,UNKNOWN,False
uuf250-029.cnf,resource_allocation_like,random_control,B_kissat,60.0,18.922622,UNKNOWN,False
flat100-34.cnf,resource_allocation_like,matching_capacity,A_cadical,60.0,67.199615,SATISFIABLE,False
flat100-34.cnf,resource_allocation_like,matching_capacity,B_kissat,60.0,17.790963,SATISFIABLE,False
aim-50-2_0-yes1-4.cnf,resource_allocation_like,crafted_structured,A_cadical,60.0,66.440863,SATISFIABLE,False
aim-50-2_0-yes1-4.cnf,resource_allocation_like,crafted_structured,B_kissat,60.0,17.610257,SATISFIABLE,False
flat100-40.cnf,resource_allocation_like,matching_capacity,A_cadical,60.0,66.535072,SATISFIABLE,False
flat100-40.cnf,resource_allocation_like,matching_capacity,B_kissat,60.0,17.579671,SATISFIABLE,False
uuf250-016.cnf,resource_allocation_like,random_control,A_cadical,60.0,17.458772,UNKNOWN,False
uuf250-016.cnf,resource_allocation_like,random_control,B_kissat,60.0,17.421365,UNKNOWN,False
jnh307.cnf,resource_allocation_like,crafted_structured,A_cadical,60.0,66.176825,UNSATISFIABLE,False
jnh307.cnf,resource_allocation_like,crafted_structured,B_kissat,60.0,17.662069,UNSATISFIABLE,False
flat200-19.cnf,resource_allocation_like,matching_capacity,A_cadical,60.0,116.914771,SATISFIABLE,False
flat200-19.cnf,resource_allocation_like,matching_capacity,B_kissat,60.0,66.872972,SATISFIABLE,False
aim-50-3_4-yes1-2.cnf,resource_allocation_like,crafted_structured,A_cadical,60.0,33.925764,SATISFIABLE,False
aim-50-3_4-yes1-2.cnf,resource_allocation_like,crafted_structured,B_kissat,60.0,17.940359,SATISFIABLE,False
flat200-68.cnf,resource_allocation_like,matching_capacity,A_cadical,60.0,66.304105,SATISFIABLE,False
flat200-68.cnf,resource_allocation_like,matching_capacity,B_kissat,60.0,67.235156,SATISFIABLE,False
uuf200-036.cnf,resource_allocation_like,random_control,A_cadical,60.0,17.500699,UNKNOWN,False
uuf200-036.cnf,resource_allocation_like,random_control,B_kissat,60.0,18.012169,UNKNOWN,False
uf200-044.cnf,resource_allocation_like,random_control,A_cadical,60.0,34.781753,UNKNOWN,False
uf200-044.cnf,resource_allocation_like,random_control,B_kissat,60.0,18.332464,UNKNOWN,False
flat100-27.cnf,resource_allocation_like,matching_capacity,A_cadical,60.0,66.782541,SATISFIABLE,False
flat100-27.cnf,resource_allocation_like,matching_capacity,B_kissat,60.0,42.208033,SATISFIABLE,False
uf250-068.cnf,resource_allocation_like,random_control,A_cadical,60.0,35.459984,UNKNOWN,False
uf250-068.cnf,resource_allocation_like,random_control,B_kissat,60.0,18.050815,UNKNOWN,False
flat200-85.cnf,resource_allocation_like,matching_capacity,A_cadical,60.0,66.22704,SATISFIABLE,False
flat200-85.cnf,resource_allocation_like,matching_capacity,B_kissat,60.0,66.150569,SATISFIABLE,False
uuf200-060.cnf,resource_allocation_like,random_control,A_cadical,60.0,17.728299,UNKNOWN,False
uuf200-060.cnf,resource_allocation_like,random_control,B_kissat,60.0,18.528323,UNKNOWN,False
