set,instance,family,scale,variant,seed,solver,runtime_ms,status,timed_out,par2_ms,structural_result,fallback_used,fallback_engine,fallback_ms,fallback_serialize_ms,fallback_solver_self_ms,fallback_overhead_ms,parse_ms,gate_ms,recovery_ms,registry_ms,flow_ms,witness_ms,conflicts,decisions,propagations,peak_rss_kb,raw_log
expanded,001_exact_r_allocation_scale7_phase4b.cnf,exact_r_allocation,7,phase4b,1,kissat,34.767666,UNSATISFIABLE,False,34.767666,,,kissat,,,,,,,,,,,491,574,7232,1736,/work/results/phase4b/20260816Tphase4bfallbacklemma01Z/logs/part_a/expanded_001__001_exact_r_allocation_scale7_phase4b__kissat__seed1.log
expanded,001_exact_r_allocation_scale7_phase4b.cnf,exact_r_allocation,7,phase4b,1,lkk_cadical,18.746722,UNSATISFIABLE,False,18.746722,UNSAT,False,cadical,0,0,0,0,1.3556,0.04959,0.132416,3.7212,0.008883,1.87557,-1,-1,-1,4148,results/phase4b/20260816Tphase4bfallbacklemma01Z/logs/part_a/expanded_001__001_exact_r_allocation_scale7_phase4b__lkk_cadical__seed1.log
expanded,001_exact_r_allocation_scale7_phase4b.cnf,exact_r_allocation,7,phase4b,1,lkk_kissat,18.348213,UNSATISFIABLE,False,18.348213,UNSAT,False,kissat,0,0,0,0,1.22174,0.044067,0.077784,2.97917,0.008214,1.7823,-1,-1,-1,4212,results/phase4b/20260816Tphase4bfallbacklemma01Z/logs/part_a/expanded_001__001_exact_r_allocation_scale7_phase4b__lkk_kissat__seed1.log
expanded,001_exact_r_allocation_scale7_phase4b.cnf,exact_r_allocation,7,phase4b,1,lkk_none,18.308023,UNSATISFIABLE,False,18.308023,UNSAT,False,none,0,0,0,0,1.54112,0.051639,0.07536,2.98689,0.008112,1.93862,-1,-1,-1,4056,results/phase4b/20260816Tphase4bfallbacklemma01Z/logs/part_a/expanded_001__001_exact_r_allocation_scale7_phase4b__lkk_none__seed1.log
expanded,001_exact_r_allocation_scale7_phase4b.cnf,exact_r_allocation,7,phase4b,1,cadical,66.957918,UNSATISFIABLE,False,66.957918,,,cadical,,,,,,,,,,,0,507,4914,2024,/work/results/phase4b/20260816Tphase4bfallbacklemma01Z/logs/part_a/expanded_001__001_exact_r_allocation_scale7_phase4b__cadical__seed1.log
expanded,002_exact_r_allocation_scale9_phase4b.cnf,exact_r_allocation,9,phase4b,1,lkk_cadical,66.912799,UNSATISFIABLE,False,66.912799,UNSAT,False,cadical,0,0,0,0,1.48271,0.116232,0.16093,22.6427,0.013432,3.27572,-1,-1,-1,4300,results/phase4b/20260816Tphase4bfallbacklemma01Z/logs/part_a/expanded_002__002_exact_r_allocation_scale9_phase4b__lkk_cadical__seed1.log
expanded,002_exact_r_allocation_scale9_phase4b.cnf,exact_r_allocation,9,phase4b,1,lkk_kissat,34.53065,UNSATISFIABLE,False,34.53065,UNSAT,False,kissat,0,0,0,0,1.44856,0.095092,0.156591,20.2318,0.015242,4.66347,-1,-1,-1,4304,results/phase4b/20260816Tphase4bfallbacklemma01Z/logs/part_a/expanded_002__002_exact_r_allocation_scale9_phase4b__lkk_kissat__seed1.log
expanded,002_exact_r_allocation_scale9_phase4b.cnf,exact_r_allocation,9,phase4b,1,lkk_none,34.457203,UNSATISFIABLE,False,34.457203,UNSAT,False,none,0,0,0,0,1.50129,0.102718,0.17872,19.5142,0.013532,3.81875,-1,-1,-1,4280,results/phase4b/20260816Tphase4bfallbacklemma01Z/logs/part_a/expanded_002__002_exact_r_allocation_scale9_phase4b__lkk_none__seed1.log
expanded,002_exact_r_allocation_scale9_phase4b.cnf,exact_r_allocation,9,phase4b,1,cadical,166.719445,UNSATISFIABLE,False,166.719445,,,cadical,,,,,,,,,,,0,17793,181743,2884,/work/results/phase4b/20260816Tphase4bfallbacklemma01Z/logs/part_a/expanded_002__002_exact_r_allocation_scale9_phase4b__cadical__seed1.log
expanded,002_exact_r_allocation_scale9_phase4b.cnf,exact_r_allocation,9,phase4b,1,kissat,167.574737,UNSATISFIABLE,False,167.574737,,,kissat,,,,,,,,,,,8181,10125,233008,2256,/work/results/phase4b/20260816Tphase4bfallbacklemma01Z/logs/part_a/expanded_002__002_exact_r_allocation_scale9_phase4b__kissat__seed1.log
expanded,003_exact_r_allocation_scale11_phase4b.cnf,exact_r_allocation,11,phase4b,1,lkk_kissat,5037.481627,TIMEOUT,True,10000.0,,,lkk_kissat,,,,,,,,,,,,,,1744,results/phase4b/20260816Tphase4bfallbacklemma01Z/logs/part_a/expanded_003__003_exact_r_allocation_scale11_phase4b__lkk_kissat__seed1.log
expanded,003_exact_r_allocation_scale11_phase4b.cnf,exact_r_allocation,11,phase4b,1,lkk_none,67.758948,UNKNOWN,False,10000.0,UNKNOWN,True,none,0,0,0,0,2.38707,0.286291,0.454625,32.2852,0,0,-1,-1,-1,4452,results/phase4b/20260816Tphase4bfallbacklemma01Z/logs/part_a/expanded_003__003_exact_r_allocation_scale11_phase4b__lkk_none__seed1.log
expanded,003_exact_r_allocation_scale11_phase4b.cnf,exact_r_allocation,11,phase4b,1,cadical,5035.904891,TIMEOUT,True,10000.0,,,cadical,,,,,,,,,,,,,,1752,/work/results/phase4b/20260816Tphase4bfallbacklemma01Z/logs/part_a/expanded_003__003_exact_r_allocation_scale11_phase4b__cadical__seed1.log
expanded,003_exact_r_allocation_scale11_phase4b.cnf,exact_r_allocation,11,phase4b,1,kissat,5038.584378,TIMEOUT,True,10000.0,,,kissat,,,,,,,,,,,,,,1588,/work/results/phase4b/20260816Tphase4bfallbacklemma01Z/logs/part_a/expanded_003__003_exact_r_allocation_scale11_phase4b__kissat__seed1.log
expanded,003_exact_r_allocation_scale11_phase4b.cnf,exact_r_allocation,11,phase4b,1,lkk_cadical,5036.392283,TIMEOUT,True,10000.0,,,lkk_cadical,,,,,,,,,,,,,,1756,results/phase4b/20260816Tphase4bfallbacklemma01Z/logs/part_a/expanded_003__003_exact_r_allocation_scale11_phase4b__lkk_cadical__seed1.log
expanded,004_exact_r_allocation_scale13_phase4b.cnf,exact_r_allocation,13,phase4b,1,lkk_none,67.562376,UNKNOWN,False,10000.0,UNKNOWN,True,none,0,0,0,0,3.10036,0.469553,0.741386,31.3406,0,0,-1,-1,-1,4508,results/phase4b/20260816Tphase4bfallbacklemma01Z/logs/part_a/expanded_004__004_exact_r_allocation_scale13_phase4b__lkk_none__seed1.log
expanded,004_exact_r_allocation_scale13_phase4b.cnf,exact_r_allocation,13,phase4b,1,cadical,5037.416684,TIMEOUT,True,10000.0,,,cadical,,,,,,,,,,,,,,1652,/work/results/phase4b/20260816Tphase4bfallbacklemma01Z/logs/part_a/expanded_004__004_exact_r_allocation_scale13_phase4b__cadical__seed1.log
expanded,004_exact_r_allocation_scale13_phase4b.cnf,exact_r_allocation,13,phase4b,1,kissat,5036.674501,TIMEOUT,True,10000.0,,,kissat,,,,,,,,,,,,,,1596,/work/results/phase4b/20260816Tphase4bfallbacklemma01Z/logs/part_a/expanded_004__004_exact_r_allocation_scale13_phase4b__kissat__seed1.log
expanded,004_exact_r_allocation_scale13_phase4b.cnf,exact_r_allocation,13,phase4b,1,lkk_cadical,5039.422148,TIMEOUT,True,10000.0,,,lkk_cadical,,,,,,,,,,,,,,1700,results/phase4b/20260816Tphase4bfallbacklemma01Z/logs/part_a/expanded_004__004_exact_r_allocation_scale13_phase4b__lkk_cadical__seed1.log
expanded,004_exact_r_allocation_scale13_phase4b.cnf,exact_r_allocation,13,phase4b,1,lkk_kissat,5037.44016,TIMEOUT,True,10000.0,,,lkk_kissat,,,,,,,,,,,,,,1652,results/phase4b/20260816Tphase4bfallbacklemma01Z/logs/part_a/expanded_004__004_exact_r_allocation_scale13_phase4b__lkk_kissat__seed1.log
expanded,005_overlapping_hall_violation_scale6_phase4b.cnf,overlapping_hall_violation,6,phase4b,1,cadical,66.783596,UNSATISFIABLE,False,66.783596,,,cadical,,,,,,,,,,,0,960,11261,2360,/work/results/phase4b/20260816Tphase4bfallbacklemma01Z/logs/part_a/expanded_005__005_overlapping_hall_violation_scale6_phase4b__cadical__seed1.log
expanded,005_overlapping_hall_violation_scale6_phase4b.cnf,overlapping_hall_violation,6,phase4b,1,kissat,34.941388,UNSATISFIABLE,False,34.941388,,,kissat,,,,,,,,,,,565,769,12320,1800,/work/results/phase4b/20260816Tphase4bfallbacklemma01Z/logs/part_a/expanded_005__005_overlapping_hall_violation_scale6_phase4b__kissat__seed1.log
expanded,005_overlapping_hall_violation_scale6_phase4b.cnf,overlapping_hall_violation,6,phase4b,1,lkk_cadical,66.660947,UNSATISFIABLE,False,66.660947,UNSAT,False,cadical,0,0,0,0,1.93901,0.079964,0.155379,46.5627,0.018313,3.42566,-1,-1,-1,4164,results/phase4b/20260816Tphase4bfallbacklemma01Z/logs/part_a/expanded_005__005_overlapping_hall_violation_scale6_phase4b__lkk_cadical__seed1.log
expanded,005_overlapping_hall_violation_scale6_phase4b.cnf,overlapping_hall_violation,6,phase4b,1,lkk_kissat,66.682347,UNSATISFIABLE,False,66.682347,UNSAT,False,kissat,0,0,0,0,1.37568,0.069839,0.13335,37.7326,0.019228,4.10223,-1,-1,-1,4092,results/phase4b/20260816Tphase4bfallbacklemma01Z/logs/part_a/expanded_005__005_overlapping_hall_violation_scale6_phase4b__lkk_kissat__seed1.log
expanded,005_overlapping_hall_violation_scale6_phase4b.cnf,overlapping_hall_violation,6,phase4b,1,lkk_none,66.981163,UNSATISFIABLE,False,66.981163,UNSAT,False,none,0,0,0,0,1.32317,0.064711,0.136116,44.3703,0.021301,4.53391,-1,-1,-1,4140,results/phase4b/20260816Tphase4bfallbacklemma01Z/logs/part_a/expanded_005__005_overlapping_hall_violation_scale6_phase4b__lkk_none__seed1.log
expanded,006_overlapping_hall_violation_scale8_phase4b.cnf,overlapping_hall_violation,8,phase4b,1,kissat,116.952987,UNSATISFIABLE,False,116.952987,,,kissat,,,,,,,,,,,8422,12151,245912,2456,/work/results/phase4b/20260816Tphase4bfallbacklemma01Z/logs/part_a/expanded_006__006_overlapping_hall_violation_scale8_phase4b__kissat__seed1.log
expanded,006_overlapping_hall_violation_scale8_phase4b.cnf,overlapping_hall_violation,8,phase4b,1,lkk_cadical,820.459082,UNSATISFIABLE,False,820.459082,UNKNOWN,True,cadical,434.418,0,434.418,0,1.67311,0.124005,0.290743,331.136,0,0,45027,49432,431302,7012,results/phase4b/20260816Tphase4bfallbacklemma01Z/logs/part_a/expanded_006__006_overlapping_hall_violation_scale8_phase4b__lkk_cadical__seed1.log
expanded,006_overlapping_hall_violation_scale8_phase4b.cnf,overlapping_hall_violation,8,phase4b,1,lkk_kissat,468.857215,UNSATISFIABLE,False,468.857215,UNKNOWN,True,kissat,117.672,2.25228,100,19.9241,1.66081,0.127597,0.304893,302.084,0,0,8422,12151,245912,4352,results/phase4b/20260816Tphase4bfallbacklemma01Z/logs/part_a/expanded_006__006_overlapping_hall_violation_scale8_phase4b__lkk_kissat__seed1.log
expanded,006_overlapping_hall_violation_scale8_phase4b.cnf,overlapping_hall_violation,8,phase4b,1,lkk_none,368.789215,UNKNOWN,False,10000.0,UNKNOWN,True,none,0,0,0,0,1.96266,0.137717,0.325612,319.066,0,0,-1,-1,-1,4236,results/phase4b/20260816Tphase4bfallbacklemma01Z/logs/part_a/expanded_006__006_overlapping_hall_violation_scale8_phase4b__lkk_none__seed1.log
expanded,006_overlapping_hall_violation_scale8_phase4b.cnf,overlapping_hall_violation,8,phase4b,1,cadical,518.235796,UNSATISFIABLE,False,518.235796,,,cadical,,,,,,,,,,,10,49432,475080,3476,/work/results/phase4b/20260816Tphase4bfallbacklemma01Z/logs/part_a/expanded_006__006_overlapping_hall_violation_scale8_phase4b__cadical__seed1.log
expanded,007_overlapping_hall_violation_scale9_phase4b.cnf,overlapping_hall_violation,9,phase4b,1,lkk_cadical,4083.00171,UNSATISFIABLE,False,4083.00171,UNKNOWN,True,cadical,3670.84,0,3670.84,0,2.1096,0.182146,0.40176,366.507,0,0,341858,368940,3210303,10252,results/phase4b/20260816Tphase4bfallbacklemma01Z/logs/part_a/expanded_007__007_overlapping_hall_violation_scale9_phase4b__lkk_cadical__seed1.log
expanded,007_overlapping_hall_violation_scale9_phase4b.cnf,overlapping_hall_violation,9,phase4b,1,lkk_kissat,820.064764,UNSATISFIABLE,False,820.064764,UNKNOWN,True,kissat,362.361,3.41146,330,35.7729,1.97346,0.195651,0.404692,381.569,0,0,20328,29315,600597,4712,results/phase4b/20260816Tphase4bfallbacklemma01Z/logs/part_a/expanded_007__007_overlapping_hall_violation_scale9_phase4b__lkk_kissat__seed1.log
expanded,007_overlapping_hall_violation_scale9_phase4b.cnf,overlapping_hall_violation,9,phase4b,1,lkk_none,418.769676,UNKNOWN,False,10000.0,UNKNOWN,True,none,0,0,0,0,2.04615,0.187657,0.402585,391.012,0,0,-1,-1,-1,4428,results/phase4b/20260816Tphase4bfallbacklemma01Z/logs/part_a/expanded_007__007_overlapping_hall_violation_scale9_phase4b__lkk_none__seed1.log
expanded,007_overlapping_hall_violation_scale9_phase4b.cnf,overlapping_hall_violation,9,phase4b,1,cadical,4635.355386,UNSATISFIABLE,False,4635.355386,,,cadical,,,,,,,,,,,102,368940,3518818,6992,/work/results/phase4b/20260816Tphase4bfallbacklemma01Z/logs/part_a/expanded_007__007_overlapping_hall_violation_scale9_phase4b__cadical__seed1.log
expanded,007_overlapping_hall_violation_scale9_phase4b.cnf,overlapping_hall_violation,9,phase4b,1,kissat,418.403311,UNSATISFIABLE,False,418.403311,,,kissat,,,,,,,,,,,20328,29315,600597,3268,/work/results/phase4b/20260816Tphase4bfallbacklemma01Z/logs/part_a/expanded_007__007_overlapping_hall_violation_scale9_phase4b__kissat__seed1.log
expanded,008_overlapping_hall_violation_scale10_phase4b.cnf,overlapping_hall_violation,10,phase4b,1,lkk_kissat,2577.264128,UNSATISFIABLE,False,2577.264128,UNKNOWN,True,kissat,1981.91,2.94132,2000,-15.1464,2.97592,0.287526,0.841447,557.032,0,0,125042,168844,3347000,5844,results/phase4b/20260816Tphase4bfallbacklemma01Z/logs/part_a/expanded_008__008_overlapping_hall_violation_scale10_phase4b__lkk_kissat__seed1.log
expanded,008_overlapping_hall_violation_scale10_phase4b.cnf,overlapping_hall_violation,10,phase4b,1,lkk_none,569.855834,UNKNOWN,False,10000.0,UNKNOWN,True,none,0,0,0,0,2.70711,0.328318,0.687214,528.489,0,0,-1,-1,-1,4556,results/phase4b/20260816Tphase4bfallbacklemma01Z/logs/part_a/expanded_008__008_overlapping_hall_violation_scale10_phase4b__lkk_none__seed1.log
expanded,008_overlapping_hall_violation_scale10_phase4b.cnf,overlapping_hall_violation,10,phase4b,1,cadical,5038.227563,TIMEOUT,True,10000.0,,,cadical,,,,,,,,,,,,,,1656,/work/results/phase4b/20260816Tphase4bfallbacklemma01Z/logs/part_a/expanded_008__008_overlapping_hall_violation_scale10_phase4b__cadical__seed1.log
expanded,008_overlapping_hall_violation_scale10_phase4b.cnf,overlapping_hall_violation,10,phase4b,1,kissat,1873.966886,UNSATISFIABLE,False,1873.966886,,,kissat,,,,,,,,,,,125042,168844,3347000,5836,/work/results/phase4b/20260816Tphase4bfallbacklemma01Z/logs/part_a/expanded_008__008_overlapping_hall_violation_scale10_phase4b__kissat__seed1.log
expanded,008_overlapping_hall_violation_scale10_phase4b.cnf,overlapping_hall_violation,10,phase4b,1,lkk_cadical,5035.508673,TIMEOUT,True,10000.0,,,lkk_cadical,,,,,,,,,,,,,,1744,results/phase4b/20260816Tphase4bfallbacklemma01Z/logs/part_a/expanded_008__008_overlapping_hall_violation_scale10_phase4b__lkk_cadical__seed1.log
expanded,009_overlapping_hall_violation_scale11_phase4b.cnf,overlapping_hall_violation,11,phase4b,1,lkk_none,367.655783,UNKNOWN,False,10000.0,UNKNOWN,True,none,0,0,0,0,2.73696,0.334593,0.700044,329.166,0,0,-1,-1,-1,4884,results/phase4b/20260816Tphase4bfallbacklemma01Z/logs/part_a/expanded_009__009_overlapping_hall_violation_scale11_phase4b__lkk_none__seed1.log
expanded,009_overlapping_hall_violation_scale11_phase4b.cnf,overlapping_hall_violation,11,phase4b,1,cadical,5036.069442,TIMEOUT,True,10000.0,,,cadical,,,,,,,,,,,,,,1708,/work/results/phase4b/20260816Tphase4bfallbacklemma01Z/logs/part_a/expanded_009__009_overlapping_hall_violation_scale11_phase4b__cadical__seed1.log
expanded,009_overlapping_hall_violation_scale11_phase4b.cnf,overlapping_hall_violation,11,phase4b,1,kissat,5037.266419,TIMEOUT,True,10000.0,,,kissat,,,,,,,,,,,,,,1660,/work/results/phase4b/20260816Tphase4bfallbacklemma01Z/logs/part_a/expanded_009__009_overlapping_hall_violation_scale11_phase4b__kissat__seed1.log
expanded,009_overlapping_hall_violation_scale11_phase4b.cnf,overlapping_hall_violation,11,phase4b,1,lkk_cadical,5038.218041,TIMEOUT,True,10000.0,,,lkk_cadical,,,,,,,,,,,,,,1684,results/phase4b/20260816Tphase4bfallbacklemma01Z/logs/part_a/expanded_009__009_overlapping_hall_violation_scale11_phase4b__lkk_cadical__seed1.log
expanded,009_overlapping_hall_violation_scale11_phase4b.cnf,overlapping_hall_violation,11,phase4b,1,lkk_kissat,5037.820109,TIMEOUT,True,10000.0,,,lkk_kissat,,,,,,,,,,,,,,1596,results/phase4b/20260816Tphase4bfallbacklemma01Z/logs/part_a/expanded_009__009_overlapping_hall_violation_scale11_phase4b__lkk_kissat__seed1.log
expanded,010_capacity2_violation_scale3_phase4b.cnf,capacity2_violation,3,phase4b,1,cadical,66.928357,UNSATISFIABLE,False,66.928357,,,cadical,,,,,,,,,,,0,104,967,1928,/work/results/phase4b/20260816Tphase4bfallbacklemma01Z/logs/part_a/expanded_010__010_capacity2_violation_scale3_phase4b__cadical__seed1.log
expanded,010_capacity2_violation_scale3_phase4b.cnf,capacity2_violation,3,phase4b,1,kissat,18.673021,UNSATISFIABLE,False,18.673021,,,kissat,,,,,,,,,,,75,79,1567,1592,/work/results/phase4b/20260816Tphase4bfallbacklemma01Z/logs/part_a/expanded_010__010_capacity2_violation_scale3_phase4b__kissat__seed1.log
expanded,010_capacity2_violation_scale3_phase4b.cnf,capacity2_violation,3,phase4b,1,lkk_cadical,18.315191,UNSATISFIABLE,False,18.315191,UNSAT,False,cadical,0,0,0,0,1.75403,0.027918,0.06868,3.88466,0.009202,2.13381,-1,-1,-1,4032,results/phase4b/20260816Tphase4bfallbacklemma01Z/logs/part_a/expanded_010__010_capacity2_violation_scale3_phase4b__lkk_cadical__seed1.log
expanded,010_capacity2_violation_scale3_phase4b.cnf,capacity2_violation,3,phase4b,1,lkk_kissat,18.784088,UNSATISFIABLE,False,18.784088,UNSAT,False,kissat,0,0,0,0,1.39928,0.033142,0.061266,3.44648,0.011938,1.94601,-1,-1,-1,4212,results/phase4b/20260816Tphase4bfallbacklemma01Z/logs/part_a/expanded_010__010_capacity2_violation_scale3_phase4b__lkk_kissat__seed1.log
expanded,010_capacity2_violation_scale3_phase4b.cnf,capacity2_violation,3,phase4b,1,lkk_none,19.469682,UNSATISFIABLE,False,19.469682,UNSAT,False,none,0,0,0,0,1.78636,0.029279,0.064944,3.99237,0.008604,2.41609,-1,-1,-1,4000,results/phase4b/20260816Tphase4bfallbacklemma01Z/logs/part_a/expanded_010__010_capacity2_violation_scale3_phase4b__lkk_none__seed1.log
expanded,011_capacity2_violation_scale4_phase4b.cnf,capacity2_violation,4,phase4b,1,kissat,34.965043,UNSATISFIABLE,False,34.965043,,,kissat,,,,,,,,,,,1021,1779,22896,1672,/work/results/phase4b/20260816Tphase4bfallbacklemma01Z/logs/part_a/expanded_011__011_capacity2_violation_scale4_phase4b__kissat__seed1.log
expanded,011_capacity2_violation_scale4_phase4b.cnf,capacity2_violation,4,phase4b,1,lkk_cadical,67.006791,UNSATISFIABLE,False,67.006791,UNSAT,False,cadical,0,0,0,0,1.35556,0.058441,0.124737,41.6743,0.0142,3.6337,-1,-1,-1,4264,results/phase4b/20260816Tphase4bfallbacklemma01Z/logs/part_a/expanded_011__011_capacity2_violation_scale4_phase4b__lkk_cadical__seed1.log
expanded,011_capacity2_violation_scale4_phase4b.cnf,capacity2_violation,4,phase4b,1,lkk_kissat,68.162003,UNSATISFIABLE,False,68.162003,UNSAT,False,kissat,0,0,0,0,2.15685,0.076152,0.166107,40.1981,0.016898,3.97267,-1,-1,-1,4268,results/phase4b/20260816Tphase4bfallbacklemma01Z/logs/part_a/expanded_011__011_capacity2_violation_scale4_phase4b__lkk_kissat__seed1.log
expanded,011_capacity2_violation_scale4_phase4b.cnf,capacity2_violation,4,phase4b,1,lkk_none,67.524904,UNSATISFIABLE,False,67.524904,UNSAT,False,none,0,0,0,0,1.7063,0.077988,0.138762,34.4189,0.029813,3.96726,-1,-1,-1,4276,results/phase4b/20260816Tphase4bfallbacklemma01Z/logs/part_a/expanded_011__011_capacity2_violation_scale4_phase4b__lkk_none__seed1.log
expanded,011_capacity2_violation_scale4_phase4b.cnf,capacity2_violation,4,phase4b,1,cadical,118.025127,UNSATISFIABLE,False,118.025127,,,cadical,,,,,,,,,,,0,3662,36707,2536,/work/results/phase4b/20260816Tphase4bfallbacklemma01Z/logs/part_a/expanded_011__011_capacity2_violation_scale4_phase4b__cadical__seed1.log
expanded,012_capacity2_violation_scale5_phase4b.cnf,capacity2_violation,5,phase4b,1,lkk_cadical,318.691261,UNSATISFIABLE,False,318.691261,UNSAT,False,cadical,0,0,0,0,2.5023,0.177315,0.36994,251.256,0.016518,5.32188,-1,-1,-1,4472,results/phase4b/20260816Tphase4bfallbacklemma01Z/logs/part_a/expanded_012__012_capacity2_violation_scale5_phase4b__lkk_cadical__seed1.log
expanded,012_capacity2_violation_scale5_phase4b.cnf,capacity2_violation,5,phase4b,1,lkk_kissat,319.602974,UNSATISFIABLE,False,319.602974,UNSAT,False,kissat,0,0,0,0,2.32456,0.176988,0.351994,257.263,0.014257,4.78407,-1,-1,-1,4464,results/phase4b/20260816Tphase4bfallbacklemma01Z/logs/part_a/expanded_012__012_capacity2_violation_scale5_phase4b__lkk_kissat__seed1.log
expanded,012_capacity2_violation_scale5_phase4b.cnf,capacity2_violation,5,phase4b,1,lkk_none,267.086446,UNSATISFIABLE,False,267.086446,UNSAT,False,none,0,0,0,0,1.7144,0.127272,0.28511,238.154,0.014193,5.33032,-1,-1,-1,4376,results/phase4b/20260816Tphase4bfallbacklemma01Z/logs/part_a/expanded_012__012_capacity2_violation_scale5_phase4b__lkk_none__seed1.log
expanded,012_capacity2_violation_scale5_phase4b.cnf,capacity2_violation,5,phase4b,1,cadical,668.928984,UNSATISFIABLE,False,668.928984,,,cadical,,,,,,,,,,,68,55232,446092,4784,/work/results/phase4b/20260816Tphase4bfallbacklemma01Z/logs/part_a/expanded_012__012_capacity2_violation_scale5_phase4b__cadical__seed1.log
expanded,012_capacity2_violation_scale5_phase4b.cnf,capacity2_violation,5,phase4b,1,kissat,268.338354,UNSATISFIABLE,False,268.338354,,,kissat,,,,,,,,,,,13246,20778,374255,2816,/work/results/phase4b/20260816Tphase4bfallbacklemma01Z/logs/part_a/expanded_012__012_capacity2_violation_scale5_phase4b__kissat__seed1.log
expanded,013_capacity2_violation_scale6_phase4b.cnf,capacity2_violation,6,phase4b,1,lkk_kissat,1172.304456,UNSATISFIABLE,False,1172.304456,UNSAT,False,kissat,0,0,0,0,2.66429,0.252826,0.559037,1141.94,0.025175,8.61298,-1,-1,-1,4676,results/phase4b/20260816Tphase4bfallbacklemma01Z/logs/part_a/expanded_013__013_capacity2_violation_scale6_phase4b__lkk_kissat__seed1.log
expanded,013_capacity2_violation_scale6_phase4b.cnf,capacity2_violation,6,phase4b,1,lkk_none,1222.981307,UNSATISFIABLE,False,1222.981307,UNSAT,False,none,0,0,0,0,3.45295,0.287936,0.70251,1197.17,0.024194,8.099,-1,-1,-1,4864,results/phase4b/20260816Tphase4bfallbacklemma01Z/logs/part_a/expanded_013__013_capacity2_violation_scale6_phase4b__lkk_none__seed1.log
expanded,013_capacity2_violation_scale6_phase4b.cnf,capacity2_violation,6,phase4b,1,cadical,5035.578745,TIMEOUT,True,10000.0,,,cadical,,,,,,,,,,,,,,1744,/work/results/phase4b/20260816Tphase4bfallbacklemma01Z/logs/part_a/expanded_013__013_capacity2_violation_scale6_phase4b__cadical__seed1.log
expanded,013_capacity2_violation_scale6_phase4b.cnf,capacity2_violation,6,phase4b,1,kissat,2124.561056,UNSATISFIABLE,False,2124.561056,,,kissat,,,,,,,,,,,100528,154666,2402220,6664,/work/results/phase4b/20260816Tphase4bfallbacklemma01Z/logs/part_a/expanded_013__013_capacity2_violation_scale6_phase4b__kissat__seed1.log
expanded,013_capacity2_violation_scale6_phase4b.cnf,capacity2_violation,6,phase4b,1,lkk_cadical,970.038797,UNSATISFIABLE,False,970.038797,UNSAT,False,cadical,0,0,0,0,2.35001,0.365509,0.599829,952.487,0.01825,6.42362,-1,-1,-1,4796,results/phase4b/20260816Tphase4bfallbacklemma01Z/logs/part_a/expanded_013__013_capacity2_violation_scale6_phase4b__lkk_cadical__seed1.log
expanded,014_capacity2_violation_scale7_phase4b.cnf,capacity2_violation,7,phase4b,1,lkk_none,3429.138194,UNKNOWN,False,10000.0,UNKNOWN,True,none,0,0,0,0,2.98078,0.426346,0.905176,3413.6,0,0,-1,-1,-1,5100,results/phase4b/20260816Tphase4bfallbacklemma01Z/logs/part_a/expanded_014__014_capacity2_violation_scale7_phase4b__lkk_none__seed1.log
expanded,014_capacity2_violation_scale7_phase4b.cnf,capacity2_violation,7,phase4b,1,cadical,5035.395635,TIMEOUT,True,10000.0,,,cadical,,,,,,,,,,,,,,1732,/work/results/phase4b/20260816Tphase4bfallbacklemma01Z/logs/part_a/expanded_014__014_capacity2_violation_scale7_phase4b__cadical__seed1.log
expanded,014_capacity2_violation_scale7_phase4b.cnf,capacity2_violation,7,phase4b,1,kissat,5034.94717,TIMEOUT,True,10000.0,,,kissat,,,,,,,,,,,,,,1684,/work/results/phase4b/20260816Tphase4bfallbacklemma01Z/logs/part_a/expanded_014__014_capacity2_violation_scale7_phase4b__kissat__seed1.log
expanded,014_capacity2_violation_scale7_phase4b.cnf,capacity2_violation,7,phase4b,1,lkk_cadical,5036.950732,TIMEOUT,True,10000.0,,,lkk_cadical,,,,,,,,,,,,,,1700,results/phase4b/20260816Tphase4bfallbacklemma01Z/logs/part_a/expanded_014__014_capacity2_violation_scale7_phase4b__lkk_cadical__seed1.log
expanded,014_capacity2_violation_scale7_phase4b.cnf,capacity2_violation,7,phase4b,1,lkk_kissat,5037.407413,TIMEOUT,True,10000.0,,,lkk_kissat,,,,,,,,,,,,,,1736,results/phase4b/20260816Tphase4bfallbacklemma01Z/logs/part_a/expanded_014__014_capacity2_violation_scale7_phase4b__lkk_kissat__seed1.log
expanded,015_capacity2_violation_scale8_phase4b.cnf,capacity2_violation,8,phase4b,1,cadical,5036.571924,TIMEOUT,True,10000.0,,,cadical,,,,,,,,,,,,,,1632,/work/results/phase4b/20260816Tphase4bfallbacklemma01Z/logs/part_a/expanded_015__015_capacity2_violation_scale8_phase4b__cadical__seed1.log
expanded,015_capacity2_violation_scale8_phase4b.cnf,capacity2_violation,8,phase4b,1,kissat,5035.020889,TIMEOUT,True,10000.0,,,kissat,,,,,,,,,,,,,,1660,/work/results/phase4b/20260816Tphase4bfallbacklemma01Z/logs/part_a/expanded_015__015_capacity2_violation_scale8_phase4b__kissat__seed1.log
expanded,015_capacity2_violation_scale8_phase4b.cnf,capacity2_violation,8,phase4b,1,lkk_cadical,5035.794477,TIMEOUT,True,10000.0,,,lkk_cadical,,,,,,,,,,,,,,1728,results/phase4b/20260816Tphase4bfallbacklemma01Z/logs/part_a/expanded_015__015_capacity2_violation_scale8_phase4b__lkk_cadical__seed1.log
expanded,015_capacity2_violation_scale8_phase4b.cnf,capacity2_violation,8,phase4b,1,lkk_kissat,5036.605264,TIMEOUT,True,10000.0,,,lkk_kissat,,,,,,,,,,,,,,1728,results/phase4b/20260816Tphase4bfallbacklemma01Z/logs/part_a/expanded_015__015_capacity2_violation_scale8_phase4b__lkk_kissat__seed1.log
expanded,015_capacity2_violation_scale8_phase4b.cnf,capacity2_violation,8,phase4b,1,lkk_none,3077.722635,UNKNOWN,False,10000.0,UNKNOWN,True,none,0,0,0,0,4.20912,0.739394,1.42493,3035.83,0,0,-1,-1,-1,5804,results/phase4b/20260816Tphase4bfallbacklemma01Z/logs/part_a/expanded_015__015_capacity2_violation_scale8_phase4b__lkk_none__seed1.log
expanded,016_satisfiable_capacity_control_scale8_phase4b.cnf,satisfiable_capacity_control,8,phase4b,1,kissat,18.509256,SATISFIABLE,False,18.509256,,,kissat,,,,,,,,,,,0,0,64,1752,/work/results/phase4b/20260816Tphase4bfallbacklemma01Z/logs/part_a/expanded_016__016_satisfiable_capacity_control_scale8_phase4b__kissat__seed1.log
expanded,016_satisfiable_capacity_control_scale8_phase4b.cnf,satisfiable_capacity_control,8,phase4b,1,lkk_cadical,36.399441,SATISFIABLE,False,36.399441,FEASIBLE,True,cadical,0.278041,0,0.278041,0,2.4057,0.075064,0.146521,13.5299,0.019909,0,0,0,0,4964,results/phase4b/20260816Tphase4bfallbacklemma01Z/logs/part_a/expanded_016__016_satisfiable_capacity_control_scale8_phase4b__lkk_cadical__seed1.log
expanded,016_satisfiable_capacity_control_scale8_phase4b.cnf,satisfiable_capacity_control,8,phase4b,1,lkk_kissat,67.997741,SATISFIABLE,False,67.997741,FEASIBLE,True,kissat,14.4207,2.49168,0,2.49168,2.16332,0.110525,0.187141,16.1023,0.018742,0,0,0,64,4280,results/phase4b/20260816Tphase4bfallbacklemma01Z/logs/part_a/expanded_016__016_satisfiable_capacity_control_scale8_phase4b__lkk_kissat__seed1.log
expanded,016_satisfiable_capacity_control_scale8_phase4b.cnf,satisfiable_capacity_control,8,phase4b,1,lkk_none,35.050309,UNKNOWN,False,10000.0,FEASIBLE,True,none,0,0,0,0,2.00859,0.072822,0.187669,12.1844,0.020707,0,-1,-1,-1,4228,results/phase4b/20260816Tphase4bfallbacklemma01Z/logs/part_a/expanded_016__016_satisfiable_capacity_control_scale8_phase4b__lkk_none__seed1.log
expanded,016_satisfiable_capacity_control_scale8_phase4b.cnf,satisfiable_capacity_control,8,phase4b,1,cadical,67.653258,SATISFIABLE,False,67.653258,,,cadical,,,,,,,,,,,0,0,0,1828,/work/results/phase4b/20260816Tphase4bfallbacklemma01Z/logs/part_a/expanded_016__016_satisfiable_capacity_control_scale8_phase4b__cadical__seed1.log
expanded,017_satisfiable_capacity_control_scale16_phase4b.cnf,satisfiable_capacity_control,16,phase4b,1,lkk_cadical,68.017586,SATISFIABLE,False,68.017586,UNKNOWN,True,cadical,1.03562,0,1.03562,0,4.38858,0.426238,0.956878,21.6657,0,0,0,0,0,6000,results/phase4b/20260816Tphase4bfallbacklemma01Z/logs/part_a/expanded_017__017_satisfiable_capacity_control_scale16_phase4b__lkk_cadical__seed1.log
expanded,017_satisfiable_capacity_control_scale16_phase4b.cnf,satisfiable_capacity_control,16,phase4b,1,lkk_kissat,118.141234,SATISFIABLE,False,118.141234,UNKNOWN,True,kissat,19.3188,3.41869,0,3.41869,4.09949,0.493122,1.08391,19.0201,0,0,0,0,256,4896,results/phase4b/20260816Tphase4bfallbacklemma01Z/logs/part_a/expanded_017__017_satisfiable_capacity_control_scale16_phase4b__lkk_kissat__seed1.log
expanded,017_satisfiable_capacity_control_scale16_phase4b.cnf,satisfiable_capacity_control,16,phase4b,1,lkk_none,68.121747,UNKNOWN,False,10000.0,UNKNOWN,True,none,0,0,0,0,4.08047,0.574483,1.12523,21.7192,0,0,-1,-1,-1,4860,results/phase4b/20260816Tphase4bfallbacklemma01Z/logs/part_a/expanded_017__017_satisfiable_capacity_control_scale16_phase4b__lkk_none__seed1.log
expanded,017_satisfiable_capacity_control_scale16_phase4b.cnf,satisfiable_capacity_control,16,phase4b,1,cadical,67.595471,SATISFIABLE,False,67.595471,,,cadical,,,,,,,,,,,0,0,0,2168,/work/results/phase4b/20260816Tphase4bfallbacklemma01Z/logs/part_a/expanded_017__017_satisfiable_capacity_control_scale16_phase4b__cadical__seed1.log
expanded,017_satisfiable_capacity_control_scale16_phase4b.cnf,satisfiable_capacity_control,16,phase4b,1,kissat,19.846839,SATISFIABLE,False,19.846839,,,kissat,,,,,,,,,,,0,0,256,1756,/work/results/phase4b/20260816Tphase4bfallbacklemma01Z/logs/part_a/expanded_017__017_satisfiable_capacity_control_scale16_phase4b__kissat__seed1.log
expanded,018_satisfiable_capacity_control_scale24_phase4b.cnf,satisfiable_capacity_control,24,phase4b,1,lkk_kissat,168.083995,SATISFIABLE,False,168.083995,UNKNOWN,True,kissat,32.1891,8.09468,0,8.09468,9.61366,2.38146,3.88974,37.9449,0,0,0,0,576,7460,results/phase4b/20260816Tphase4bfallbacklemma01Z/logs/part_a/expanded_018__018_satisfiable_capacity_control_scale24_phase4b__lkk_kissat__seed1.log
expanded,018_satisfiable_capacity_control_scale24_phase4b.cnf,satisfiable_capacity_control,24,phase4b,1,lkk_none,67.747024,UNKNOWN,False,10000.0,UNKNOWN,True,none,0,0,0,0,10.7026,2.22254,4.43204,20.928,0,0,-1,-1,-1,6988,results/phase4b/20260816Tphase4bfallbacklemma01Z/logs/part_a/expanded_018__018_satisfiable_capacity_control_scale24_phase4b__lkk_none__seed1.log
expanded,018_satisfiable_capacity_control_scale24_phase4b.cnf,satisfiable_capacity_control,24,phase4b,1,cadical,118.223639,SATISFIABLE,False,118.223639,,,cadical,,,,,,,,,,,0,0,0,3108,/work/results/phase4b/20260816Tphase4bfallbacklemma01Z/logs/part_a/expanded_018__018_satisfiable_capacity_control_scale24_phase4b__cadical__seed1.log
expanded,018_satisfiable_capacity_control_scale24_phase4b.cnf,satisfiable_capacity_control,24,phase4b,1,kissat,37.521694,SATISFIABLE,False,37.521694,,,kissat,,,,,,,,,,,0,0,576,1796,/work/results/phase4b/20260816Tphase4bfallbacklemma01Z/logs/part_a/expanded_018__018_satisfiable_capacity_control_scale24_phase4b__kissat__seed1.log
expanded,018_satisfiable_capacity_control_scale24_phase4b.cnf,satisfiable_capacity_control,24,phase4b,1,lkk_cadical,68.346023,SATISFIABLE,False,68.346023,UNKNOWN,True,cadical,2.67043,0,2.67043,0,11.0424,2.30839,6.64617,28.2986,0,0,0,0,0,8456,results/phase4b/20260816Tphase4bfallbacklemma01Z/logs/part_a/expanded_018__018_satisfiable_capacity_control_scale24_phase4b__lkk_cadical__seed1.log
expanded,019_satisfiable_capacity_control_scale32_phase4b.cnf,satisfiable_capacity_control,32,phase4b,1,lkk_none,117.212445,UNKNOWN,False,10000.0,UNKNOWN,True,none,0,0,0,0,20.8544,4.65992,8.12498,21.8974,0,0,-1,-1,-1,11480,results/phase4b/20260816Tphase4bfallbacklemma01Z/logs/part_a/expanded_019__019_satisfiable_capacity_control_scale32_phase4b__lkk_none__seed1.log
expanded,019_satisfiable_capacity_control_scale32_phase4b.cnf,satisfiable_capacity_control,32,phase4b,1,cadical,116.978151,SATISFIABLE,False,116.978151,,,cadical,,,,,,,,,,,0,0,0,4620,/work/results/phase4b/20260816Tphase4bfallbacklemma01Z/logs/part_a/expanded_019__019_satisfiable_capacity_control_scale32_phase4b__cadical__seed1.log
expanded,019_satisfiable_capacity_control_scale32_phase4b.cnf,satisfiable_capacity_control,32,phase4b,1,kissat,18.138334,SATISFIABLE,False,18.138334,,,kissat,,,,,,,,,,,0,0,1024,2040,/work/results/phase4b/20260816Tphase4bfallbacklemma01Z/logs/part_a/expanded_019__019_satisfiable_capacity_control_scale32_phase4b__kissat__seed1.log
expanded,019_satisfiable_capacity_control_scale32_phase4b.cnf,satisfiable_capacity_control,32,phase4b,1,lkk_cadical,117.816675,SATISFIABLE,False,117.816675,UNKNOWN,True,cadical,4.74747,0,4.74747,0,21.2814,5.4166,8.9074,19.9789,0,0,0,0,0,14296,results/phase4b/20260816Tphase4bfallbacklemma01Z/logs/part_a/expanded_019__019_satisfiable_capacity_control_scale32_phase4b__lkk_cadical__seed1.log
expanded,019_satisfiable_capacity_control_scale32_phase4b.cnf,satisfiable_capacity_control,32,phase4b,1,lkk_kissat,116.902286,SATISFIABLE,False,116.902286,UNKNOWN,True,kissat,15.9104,9.11786,0,9.11786,17.0311,4.78751,9.22294,19.3091,0,0,0,0,1024,11732,results/phase4b/20260816Tphase4bfallbacklemma01Z/logs/part_a/expanded_019__019_satisfiable_capacity_control_scale32_phase4b__lkk_kissat__seed1.log
expanded,020_hidden_pigeonhole_scale7_phase4b_noise0.cnf,hidden_pigeonhole,7,phase4b_noise0,1,cadical,66.820495,UNSATISFIABLE,False,66.820495,,,cadical,,,,,,,,,,,0,2245,15718,2400,/work/results/phase4b/20260816Tphase4bfallbacklemma01Z/logs/part_a/expanded_020__020_hidden_pigeonhole_scale7_phase4b_noise0__cadical__seed1.log
expanded,020_hidden_pigeonhole_scale7_phase4b_noise0.cnf,hidden_pigeonhole,7,phase4b_noise0,1,kissat,35.381202,UNSATISFIABLE,False,35.381202,,,kissat,,,,,,,,,,,1154,3878,25626,1684,/work/results/phase4b/20260816Tphase4bfallbacklemma01Z/logs/part_a/expanded_020__020_hidden_pigeonhole_scale7_phase4b_noise0__kissat__seed1.log
expanded,020_hidden_pigeonhole_scale7_phase4b_noise0.cnf,hidden_pigeonhole,7,phase4b_noise0,1,lkk_cadical,35.63591,UNSATISFIABLE,False,35.63591,UNSAT,False,cadical,0,0,0,0,2.04767,0.108231,0.560061,6.21333,0.011772,3.41973,-1,-1,-1,4388,results/phase4b/20260816Tphase4bfallbacklemma01Z/logs/part_a/expanded_020__020_hidden_pigeonhole_scale7_phase4b_noise0__lkk_cadical__seed1.log
expanded,020_hidden_pigeonhole_scale7_phase4b_noise0.cnf,hidden_pigeonhole,7,phase4b_noise0,1,lkk_kissat,35.532167,UNSATISFIABLE,False,35.532167,UNSAT,False,kissat,0,0,0,0,2.11637,0.10102,0.539145,6.54036,0.012844,4.22387,-1,-1,-1,4112,results/phase4b/20260816Tphase4bfallbacklemma01Z/logs/part_a/expanded_020__020_hidden_pigeonhole_scale7_phase4b_noise0__lkk_kissat__seed1.log
expanded,020_hidden_pigeonhole_scale7_phase4b_noise0.cnf,hidden_pigeonhole,7,phase4b_noise0,1,lkk_none,35.32712,UNSATISFIABLE,False,35.32712,UNSAT,False,none,0,0,0,0,2.27886,0.106705,0.516643,6.75382,0.013012,4.13885,-1,-1,-1,4232,results/phase4b/20260816Tphase4bfallbacklemma01Z/logs/part_a/expanded_020__020_hidden_pigeonhole_scale7_phase4b_noise0__lkk_none__seed1.log
expanded,021_hidden_pigeonhole_scale7_phase4b_noise100.cnf,hidden_pigeonhole,7,phase4b_noise100,1,kissat,67.232829,UNSATISFIABLE,False,67.232829,,,kissat,,,,,,,,,,,1201,4218,27979,1756,/work/results/phase4b/20260816Tphase4bfallbacklemma01Z/logs/part_a/expanded_021__021_hidden_pigeonhole_scale7_phase4b_noise100__kissat__seed1.log
expanded,021_hidden_pigeonhole_scale7_phase4b_noise100.cnf,hidden_pigeonhole,7,phase4b_noise100,1,lkk_cadical,35.973494,UNSATISFIABLE,False,35.973494,UNSAT,False,cadical,0,0,0,0,2.44615,0.247754,0.772248,8.16047,0.01264,4.94563,-1,-1,-1,4384,results/phase4b/20260816Tphase4bfallbacklemma01Z/logs/part_a/expanded_021__021_hidden_pigeonhole_scale7_phase4b_noise100__lkk_cadical__seed1.log
expanded,021_hidden_pigeonhole_scale7_phase4b_noise100.cnf,hidden_pigeonhole,7,phase4b_noise100,1,lkk_kissat,35.398271,UNSATISFIABLE,False,35.398271,UNSAT,False,kissat,0,0,0,0,1.60876,0.24679,0.735974,7.06552,0.010372,3.77131,-1,-1,-1,4548,results/phase4b/20260816Tphase4bfallbacklemma01Z/logs/part_a/expanded_021__021_hidden_pigeonhole_scale7_phase4b_noise100__lkk_kissat__seed1.log
expanded,021_hidden_pigeonhole_scale7_phase4b_noise100.cnf,hidden_pigeonhole,7,phase4b_noise100,1,lkk_none,35.022086,UNSATISFIABLE,False,35.022086,UNSAT,False,none,0,0,0,0,1.91934,0.197348,0.602658,6.65133,0.010707,5.25919,-1,-1,-1,4340,results/phase4b/20260816Tphase4bfallbacklemma01Z/logs/part_a/expanded_021__021_hidden_pigeonhole_scale7_phase4b_noise100__lkk_none__seed1.log
expanded,021_hidden_pigeonhole_scale7_phase4b_noise100.cnf,hidden_pigeonhole,7,phase4b_noise100,1,cadical,67.568998,UNSATISFIABLE,False,67.568998,,,cadical,,,,,,,,,,,0,2390,14476,2216,/work/results/phase4b/20260816Tphase4bfallbacklemma01Z/logs/part_a/expanded_021__021_hidden_pigeonhole_scale7_phase4b_noise100__cadical__seed1.log
expanded,022_hidden_pigeonhole_scale8_phase4b_noise0.cnf,hidden_pigeonhole,8,phase4b_noise0,1,lkk_cadical,35.765682,UNSATISFIABLE,False,35.765682,UNSAT,False,cadical,0,0,0,0,2.1695,0.180713,0.837551,15.1843,0.016038,5.25594,-1,-1,-1,4524,results/phase4b/20260816Tphase4bfallbacklemma01Z/logs/part_a/expanded_022__022_hidden_pigeonhole_scale8_phase4b_noise0__lkk_cadical__seed1.log
expanded,022_hidden_pigeonhole_scale8_phase4b_noise0.cnf,hidden_pigeonhole,8,phase4b_noise0,1,lkk_kissat,35.390074,UNSATISFIABLE,False,35.390074,UNSAT,False,kissat,0,0,0,0,1.95659,0.145753,0.859387,16.0026,0.014178,4.29464,-1,-1,-1,4476,results/phase4b/20260816Tphase4bfallbacklemma01Z/logs/part_a/expanded_022__022_hidden_pigeonhole_scale8_phase4b_noise0__lkk_kissat__seed1.log
expanded,022_hidden_pigeonhole_scale8_phase4b_noise0.cnf,hidden_pigeonhole,8,phase4b_noise0,1,lkk_none,35.216486,UNSATISFIABLE,False,35.216486,UNSAT,False,none,0,0,0,0,1.88108,0.117704,0.677279,14.3885,0.015077,4.85751,-1,-1,-1,4520,results/phase4b/20260816Tphase4bfallbacklemma01Z/logs/part_a/expanded_022__022_hidden_pigeonhole_scale8_phase4b_noise0__lkk_none__seed1.log
expanded,022_hidden_pigeonhole_scale8_phase4b_noise0.cnf,hidden_pigeonhole,8,phase4b_noise0,1,cadical,117.291265,UNSATISFIABLE,False,117.291265,,,cadical,,,,,,,,,,,0,9105,83448,2636,/work/results/phase4b/20260816Tphase4bfallbacklemma01Z/logs/part_a/expanded_022__022_hidden_pigeonhole_scale8_phase4b_noise0__cadical__seed1.log
expanded,022_hidden_pigeonhole_scale8_phase4b_noise0.cnf,hidden_pigeonhole,8,phase4b_noise0,1,kissat,67.055163,UNSATISFIABLE,False,67.055163,,,kissat,,,,,,,,,,,3164,7920,66322,1780,/work/results/phase4b/20260816Tphase4bfallbacklemma01Z/logs/part_a/expanded_022__022_hidden_pigeonhole_scale8_phase4b_noise0__kissat__seed1.log
expanded,023_hidden_pigeonhole_scale8_phase4b_noise100.cnf,hidden_pigeonhole,8,phase4b_noise100,1,lkk_kissat,67.076255,UNSATISFIABLE,False,67.076255,UNSAT,False,kissat,0,0,0,0,2.43898,0.342662,1.12005,20.3755,0.015332,6.45269,-1,-1,-1,4612,results/phase4b/20260816Tphase4bfallbacklemma01Z/logs/part_a/expanded_023__023_hidden_pigeonhole_scale8_phase4b_noise100__lkk_kissat__seed1.log
expanded,023_hidden_pigeonhole_scale8_phase4b_noise100.cnf,hidden_pigeonhole,8,phase4b_noise100,1,lkk_none,69.482286,UNSATISFIABLE,False,69.482286,UNSAT,False,none,0,0,0,0,3.95732,0.57589,1.92486,24.5937,0.017184,8.55823,-1,-1,-1,4736,results/phase4b/20260816Tphase4bfallbacklemma01Z/logs/part_a/expanded_023__023_hidden_pigeonhole_scale8_phase4b_noise100__lkk_none__seed1.log
expanded,023_hidden_pigeonhole_scale8_phase4b_noise100.cnf,hidden_pigeonhole,8,phase4b_noise100,1,cadical,118.977638,UNSATISFIABLE,False,118.977638,,,cadical,,,,,,,,,,,0,8984,76052,2876,/work/results/phase4b/20260816Tphase4bfallbacklemma01Z/logs/part_a/expanded_023__023_hidden_pigeonhole_scale8_phase4b_noise100__cadical__seed1.log
expanded,023_hidden_pigeonhole_scale8_phase4b_noise100.cnf,hidden_pigeonhole,8,phase4b_noise100,1,kissat,117.697576,UNSATISFIABLE,False,117.697576,,,kissat,,,,,,,,,,,2921,8622,68303,1852,/work/results/phase4b/20260816Tphase4bfallbacklemma01Z/logs/part_a/expanded_023__023_hidden_pigeonhole_scale8_phase4b_noise100__kissat__seed1.log
expanded,023_hidden_pigeonhole_scale8_phase4b_noise100.cnf,hidden_pigeonhole,8,phase4b_noise100,1,lkk_cadical,67.970299,UNSATISFIABLE,False,67.970299,UNSAT,False,cadical,0,0,0,0,2.98141,0.374897,1.27452,22.9383,0.016259,7.05891,-1,-1,-1,4660,results/phase4b/20260816Tphase4bfallbacklemma01Z/logs/part_a/expanded_023__023_hidden_pigeonhole_scale8_phase4b_noise100__lkk_cadical__seed1.log
expanded,024_hidden_pigeonhole_scale9_phase4b_noise0.cnf,hidden_pigeonhole,9,phase4b_noise0,1,lkk_none,67.601393,UNSATISFIABLE,False,67.601393,UNSAT,False,none,0,0,0,0,2.91498,0.259415,1.29953,38.5208,0.019472,7.47822,-1,-1,-1,4544,results/phase4b/20260816Tphase4bfallbacklemma01Z/logs/part_a/expanded_024__024_hidden_pigeonhole_scale9_phase4b_noise0__lkk_none__seed1.log
expanded,024_hidden_pigeonhole_scale9_phase4b_noise0.cnf,hidden_pigeonhole,9,phase4b_noise0,1,cadical,418.16675,UNSATISFIABLE,False,418.16675,,,cadical,,,,,,,,,,,2,45648,401805,3508,/work/results/phase4b/20260816Tphase4bfallbacklemma01Z/logs/part_a/expanded_024__024_hidden_pigeonhole_scale9_phase4b_noise0__cadical__seed1.log
expanded,024_hidden_pigeonhole_scale9_phase4b_noise0.cnf,hidden_pigeonhole,9,phase4b_noise0,1,kissat,167.688366,UNSATISFIABLE,False,167.688366,,,kissat,,,,,,,,,,,7539,21634,265025,2464,/work/results/phase4b/20260816Tphase4bfallbacklemma01Z/logs/part_a/expanded_024__024_hidden_pigeonhole_scale9_phase4b_noise0__kissat__seed1.log
expanded,024_hidden_pigeonhole_scale9_phase4b_noise0.cnf,hidden_pigeonhole,9,phase4b_noise0,1,lkk_cadical,67.139306,UNSATISFIABLE,False,67.139306,UNSAT,False,cadical,0,0,0,0,2.2233,0.21157,1.20365,34.7358,0.017369,5.78036,-1,-1,-1,4648,results/phase4b/20260816Tphase4bfallbacklemma01Z/logs/part_a/expanded_024__024_hidden_pigeonhole_scale9_phase4b_noise0__lkk_cadical__seed1.log
expanded,024_hidden_pigeonhole_scale9_phase4b_noise0.cnf,hidden_pigeonhole,9,phase4b_noise0,1,lkk_kissat,66.525226,UNSATISFIABLE,False,66.525226,UNSAT,False,kissat,0,0,0,0,1.83166,0.169326,0.938761,27.6617,0.014587,5.24606,-1,-1,-1,4608,results/phase4b/20260816Tphase4bfallbacklemma01Z/logs/part_a/expanded_024__024_hidden_pigeonhole_scale9_phase4b_noise0__lkk_kissat__seed1.log
expanded,025_hidden_pigeonhole_scale9_phase4b_noise100.cnf,hidden_pigeonhole,9,phase4b_noise100,1,cadical,568.427443,UNSATISFIABLE,False,568.427443,,,cadical,,,,,,,,,,,4,56623,485374,4016,/work/results/phase4b/20260816Tphase4bfallbacklemma01Z/logs/part_a/expanded_025__025_hidden_pigeonhole_scale9_phase4b_noise100__cadical__seed1.log
expanded,025_hidden_pigeonhole_scale9_phase4b_noise100.cnf,hidden_pigeonhole,9,phase4b_noise100,1,kissat,117.167283,UNSATISFIABLE,False,117.167283,,,kissat,,,,,,,,,,,6838,22749,252286,2536,/work/results/phase4b/20260816Tphase4bfallbacklemma01Z/logs/part_a/expanded_025__025_hidden_pigeonhole_scale9_phase4b_noise100__kissat__seed1.log
expanded,025_hidden_pigeonhole_scale9_phase4b_noise100.cnf,hidden_pigeonhole,9,phase4b_noise100,1,lkk_cadical,519.661194,UNSATISFIABLE,False,519.661194,UNKNOWN,True,cadical,477.124,0,477.124,0,3.30972,0.536321,1.80073,13.9457,0,0,45815,56623,452600,7512,results/phase4b/20260816Tphase4bfallbacklemma01Z/logs/part_a/expanded_025__025_hidden_pigeonhole_scale9_phase4b_noise100__lkk_cadical__seed1.log
expanded,025_hidden_pigeonhole_scale9_phase4b_noise100.cnf,hidden_pigeonhole,9,phase4b_noise100,1,lkk_kissat,218.521977,UNSATISFIABLE,False,218.521977,UNKNOWN,True,kissat,126.01,2.97068,100,28.9803,3.21338,0.523667,1.9137,13.9284,0,0,6838,22749,252286,4800,results/phase4b/20260816Tphase4bfallbacklemma01Z/logs/part_a/expanded_025__025_hidden_pigeonhole_scale9_phase4b_noise100__lkk_kissat__seed1.log
expanded,025_hidden_pigeonhole_scale9_phase4b_noise100.cnf,hidden_pigeonhole,9,phase4b_noise100,1,lkk_none,34.867121,UNKNOWN,False,10000.0,UNKNOWN,True,none,0,0,0,0,3.07002,0.466199,1.80748,13.6889,0,0,-1,-1,-1,4672,results/phase4b/20260816Tphase4bfallbacklemma01Z/logs/part_a/expanded_025__025_hidden_pigeonhole_scale9_phase4b_noise100__lkk_none__seed1.log
expanded,026_hidden_pigeonhole_scale10_phase4b_noise0.cnf,hidden_pigeonhole,10,phase4b_noise0,1,kissat,268.190879,UNSATISFIABLE,False,268.190879,,,kissat,,,,,,,,,,,15127,36073,569350,2892,/work/results/phase4b/20260816Tphase4bfallbacklemma01Z/logs/part_a/expanded_026__026_hidden_pigeonhole_scale10_phase4b_noise0__kissat__seed1.log
expanded,026_hidden_pigeonhole_scale10_phase4b_noise0.cnf,hidden_pigeonhole,10,phase4b_noise0,1,lkk_cadical,4332.896027,UNSATISFIABLE,False,4332.896027,UNKNOWN,True,cadical,4259.29,0,4259.29,0,2.38846,0.293878,1.79985,18.5699,0,0,385967,421680,3542071,9932,results/phase4b/20260816Tphase4bfallbacklemma01Z/logs/part_a/expanded_026__026_hidden_pigeonhole_scale10_phase4b_noise0__lkk_cadical__seed1.log
expanded,026_hidden_pigeonhole_scale10_phase4b_noise0.cnf,hidden_pigeonhole,10,phase4b_noise0,1,lkk_kissat,318.919763,UNSATISFIABLE,False,318.919763,UNKNOWN,True,kissat,229.886,2.88215,200,32.7686,2.68616,0.269679,1.82562,19.2749,0,0,15127,36073,569350,4736,results/phase4b/20260816Tphase4bfallbacklemma01Z/logs/part_a/expanded_026__026_hidden_pigeonhole_scale10_phase4b_noise0__lkk_kissat__seed1.log
expanded,026_hidden_pigeonhole_scale10_phase4b_noise0.cnf,hidden_pigeonhole,10,phase4b_noise0,1,lkk_none,34.350193,UNKNOWN,False,10000.0,UNKNOWN,True,none,0,0,0,0,2.102,0.232541,1.52263,16.4699,0,0,-1,-1,-1,4736,results/phase4b/20260816Tphase4bfallbacklemma01Z/logs/part_a/expanded_026__026_hidden_pigeonhole_scale10_phase4b_noise0__lkk_none__seed1.log
expanded,026_hidden_pigeonhole_scale10_phase4b_noise0.cnf,hidden_pigeonhole,10,phase4b_noise0,1,cadical,3729.034842,UNSATISFIABLE,False,3729.034842,,,cadical,,,,,,,,,,,20,421680,3778827,6420,/work/results/phase4b/20260816Tphase4bfallbacklemma01Z/logs/part_a/expanded_026__026_hidden_pigeonhole_scale10_phase4b_noise0__cadical__seed1.log
expanded,027_hidden_pigeonhole_scale10_phase4b_noise100.cnf,hidden_pigeonhole,10,phase4b_noise100,1,lkk_cadical,4584.028155,UNSATISFIABLE,False,4584.028155,UNKNOWN,True,cadical,4522.37,0,4522.37,0,3.32956,0.590156,2.14032,13.4582,0,0,374274,416614,3637572,12112,results/phase4b/20260816Tphase4bfallbacklemma01Z/logs/part_a/expanded_027__027_hidden_pigeonhole_scale10_phase4b_noise100__lkk_cadical__seed1.log
expanded,027_hidden_pigeonhole_scale10_phase4b_noise100.cnf,hidden_pigeonhole,10,phase4b_noise100,1,lkk_kissat,317.35896,UNSATISFIABLE,False,317.35896,UNKNOWN,True,kissat,237.902,3.07136,210,30.9738,2.87701,0.549334,2.14611,11.165,0,0,17193,56371,635461,5088,results/phase4b/20260816Tphase4bfallbacklemma01Z/logs/part_a/expanded_027__027_hidden_pigeonhole_scale10_phase4b_noise100__lkk_kissat__seed1.log
expanded,027_hidden_pigeonhole_scale10_phase4b_noise100.cnf,hidden_pigeonhole,10,phase4b_noise100,1,lkk_none,34.300346,UNKNOWN,False,10000.0,UNKNOWN,True,none,0,0,0,0,2.69428,0.560721,2.20303,11.9229,0,0,-1,-1,-1,5080,results/phase4b/20260816Tphase4bfallbacklemma01Z/logs/part_a/expanded_027__027_hidden_pigeonhole_scale10_phase4b_noise100__lkk_none__seed1.log
expanded,027_hidden_pigeonhole_scale10_phase4b_noise100.cnf,hidden_pigeonhole,10,phase4b_noise100,1,cadical,4533.250671,UNSATISFIABLE,False,4533.250671,,,cadical,,,,,,,,,,,32,416614,3908294,8484,/work/results/phase4b/20260816Tphase4bfallbacklemma01Z/logs/part_a/expanded_027__027_hidden_pigeonhole_scale10_phase4b_noise100__cadical__seed1.log
expanded,027_hidden_pigeonhole_scale10_phase4b_noise100.cnf,hidden_pigeonhole,10,phase4b_noise100,1,kissat,268.422574,UNSATISFIABLE,False,268.422574,,,kissat,,,,,,,,,,,17193,56371,635461,2980,/work/results/phase4b/20260816Tphase4bfallbacklemma01Z/logs/part_a/expanded_027__027_hidden_pigeonhole_scale10_phase4b_noise100__kissat__seed1.log
expanded,028_random_3sat_scale150_uniform.cnf,random_3sat,150,uniform,1,lkk_kissat,116.906394,UNSATISFIABLE,False,116.906394,UNKNOWN,True,kissat,68.706,1.54117,50,20.2472,1.47976,0.129466,0.21886,0.508941,0,0,3807,5279,114523,4340,results/phase4b/20260816Tphase4bfallbacklemma01Z/logs/part_a/expanded_028__028_random_3sat_scale150_uniform__lkk_kissat__seed1.log
expanded,028_random_3sat_scale150_uniform.cnf,random_3sat,150,uniform,1,lkk_none,9.872272,UNKNOWN,False,10000.0,UNKNOWN,True,none,0,0,0,0,1.48466,0.139512,0.229187,0.54918,0,0,-1,-1,-1,4192,results/phase4b/20260816Tphase4bfallbacklemma01Z/logs/part_a/expanded_028__028_random_3sat_scale150_uniform__lkk_none__seed1.log
expanded,028_random_3sat_scale150_uniform.cnf,random_3sat,150,uniform,1,cadical,117.307963,UNSATISFIABLE,False,117.307963,,,cadical,,,,,,,,,,,0,5576,143802,2832,/work/results/phase4b/20260816Tphase4bfallbacklemma01Z/logs/part_a/expanded_028__028_random_3sat_scale150_uniform__cadical__seed1.log
expanded,028_random_3sat_scale150_uniform.cnf,random_3sat,150,uniform,1,kissat,119.83185,UNSATISFIABLE,False,119.83185,,,kissat,,,,,,,,,,,3807,5279,114523,1876,/work/results/phase4b/20260816Tphase4bfallbacklemma01Z/logs/part_a/expanded_028__028_random_3sat_scale150_uniform__kissat__seed1.log
expanded,028_random_3sat_scale150_uniform.cnf,random_3sat,150,uniform,1,lkk_cadical,119.473771,UNSATISFIABLE,False,119.473771,UNKNOWN,True,cadical,66.2958,0,66.2958,0,2.56556,0.193856,0.33587,0.709805,0,0,4874,5576,142022,6116,results/phase4b/20260816Tphase4bfallbacklemma01Z/logs/part_a/expanded_028__028_random_3sat_scale150_uniform__lkk_cadical__seed1.log
expanded,029_random_3sat_scale400_uniform.cnf,random_3sat,400,uniform,1,lkk_none,35.91775,UNKNOWN,False,10000.0,UNKNOWN,True,none,0,0,0,0,2.92464,0.476085,0.756495,5.44812,0,0,-1,-1,-1,4600,results/phase4b/20260816Tphase4bfallbacklemma01Z/logs/part_a/expanded_029__029_random_3sat_scale400_uniform__lkk_none__seed1.log
expanded,029_random_3sat_scale400_uniform.cnf,random_3sat,400,uniform,1,cadical,770.44702,SATISFIABLE,False,770.44702,,,cadical,,,,,,,,,,,38,38568,1652666,5420,/work/results/phase4b/20260816Tphase4bfallbacklemma01Z/logs/part_a/expanded_029__029_random_3sat_scale400_uniform__cadical__seed1.log
expanded,029_random_3sat_scale400_uniform.cnf,random_3sat,400,uniform,1,kissat,117.217224,SATISFIABLE,False,117.217224,,,kissat,,,,,,,,,,,2894,5763,176860,2168,/work/results/phase4b/20260816Tphase4bfallbacklemma01Z/logs/part_a/expanded_029__029_random_3sat_scale400_uniform__kissat__seed1.log
expanded,029_random_3sat_scale400_uniform.cnf,random_3sat,400,uniform,1,lkk_cadical,669.781754,SATISFIABLE,False,669.781754,UNKNOWN,True,cadical,639.394,0,639.394,0,2.22925,0.347432,0.575793,4.09424,0,0,28016,38568,1633967,8668,results/phase4b/20260816Tphase4bfallbacklemma01Z/logs/part_a/expanded_029__029_random_3sat_scale400_uniform__lkk_cadical__seed1.log
expanded,029_random_3sat_scale400_uniform.cnf,random_3sat,400,uniform,1,lkk_kissat,116.868523,SATISFIABLE,False,116.868523,UNKNOWN,True,kissat,83.3079,2.19842,70,15.5063,2.48919,0.359277,0.563941,4.05939,0,0,2894,5763,176860,4608,results/phase4b/20260816Tphase4bfallbacklemma01Z/logs/part_a/expanded_029__029_random_3sat_scale400_uniform__lkk_kissat__seed1.log
expanded,030_random_3sat_scale800_uniform.cnf,random_3sat,800,uniform,1,cadical,5035.777083,TIMEOUT,True,10000.0,,,cadical,,,,,,,,,,,,,,1616,/work/results/phase4b/20260816Tphase4bfallbacklemma01Z/logs/part_a/expanded_030__030_random_3sat_scale800_uniform__cadical__seed1.log
expanded,030_random_3sat_scale800_uniform.cnf,random_3sat,800,uniform,1,kissat,5039.721342,TIMEOUT,True,10000.0,,,kissat,,,,,,,,,,,,,,1760,/work/results/phase4b/20260816Tphase4bfallbacklemma01Z/logs/part_a/expanded_030__030_random_3sat_scale800_uniform__kissat__seed1.log
expanded,030_random_3sat_scale800_uniform.cnf,random_3sat,800,uniform,1,lkk_cadical,5036.940481,TIMEOUT,True,10000.0,,,lkk_cadical,,,,,,,,,,,,,,1708,results/phase4b/20260816Tphase4bfallbacklemma01Z/logs/part_a/expanded_030__030_random_3sat_scale800_uniform__lkk_cadical__seed1.log
expanded,030_random_3sat_scale800_uniform.cnf,random_3sat,800,uniform,1,lkk_kissat,5035.98871,TIMEOUT,True,10000.0,,,lkk_kissat,,,,,,,,,,,,,,1736,results/phase4b/20260816Tphase4bfallbacklemma01Z/logs/part_a/expanded_030__030_random_3sat_scale800_uniform__lkk_kissat__seed1.log
expanded,030_random_3sat_scale800_uniform.cnf,random_3sat,800,uniform,1,lkk_none,34.805503,UNKNOWN,False,10000.0,UNKNOWN,True,none,0,0,0,0,3.48317,0.721812,1.23188,17.2067,0,0,-1,-1,-1,4828,results/phase4b/20260816Tphase4bfallbacklemma01Z/logs/part_a/expanded_030__030_random_3sat_scale800_uniform__lkk_none__seed1.log
expanded,031_random_3sat_scale150_planted_sat.cnf,random_3sat,150,planted_sat,1,kissat,67.54618,SATISFIABLE,False,67.54618,,,kissat,,,,,,,,,,,295,387,10407,1700,/work/results/phase4b/20260816Tphase4bfallbacklemma01Z/logs/part_a/expanded_031__031_random_3sat_scale150_planted_sat__kissat__seed1.log
expanded,031_random_3sat_scale150_planted_sat.cnf,random_3sat,150,planted_sat,1,lkk_cadical,18.307402,SATISFIABLE,False,18.307402,UNKNOWN,True,cadical,1.24118,0,1.24118,0,1.88176,0.162592,0.290469,0.867238,0,0,114,176,3944,5176,results/phase4b/20260816Tphase4bfallbacklemma01Z/logs/part_a/expanded_031__031_random_3sat_scale150_planted_sat__lkk_cadical__seed1.log
expanded,031_random_3sat_scale150_planted_sat.cnf,random_3sat,150,planted_sat,1,lkk_kissat,117.564976,SATISFIABLE,False,117.564976,UNKNOWN,True,kissat,52.3429,1.97664,30,24.3196,2.18128,0.159924,0.270315,0.61534,0,0,295,387,10407,4392,results/phase4b/20260816Tphase4bfallbacklemma01Z/logs/part_a/expanded_031__031_random_3sat_scale150_planted_sat__lkk_kissat__seed1.log
expanded,031_random_3sat_scale150_planted_sat.cnf,random_3sat,150,planted_sat,1,lkk_none,19.358327,UNKNOWN,False,10000.0,UNKNOWN,True,none,0,0,0,0,1.88998,0.156156,0.24585,0.628421,0,0,-1,-1,-1,4180,results/phase4b/20260816Tphase4bfallbacklemma01Z/logs/part_a/expanded_031__031_random_3sat_scale150_planted_sat__lkk_none__seed1.log
expanded,031_random_3sat_scale150_planted_sat.cnf,random_3sat,150,planted_sat,1,cadical,68.05741,SATISFIABLE,False,68.05741,,,cadical,,,,,,,,,,,0,176,3944,2020,/work/results/phase4b/20260816Tphase4bfallbacklemma01Z/logs/part_a/expanded_031__031_random_3sat_scale150_planted_sat__cadical__seed1.log
expanded,032_random_3sat_scale400_planted_sat.cnf,random_3sat,400,planted_sat,1,lkk_cadical,820.682268,SATISFIABLE,False,820.682268,UNKNOWN,True,cadical,758.037,0,758.037,0,2.87621,0.425651,0.635079,3.4163,0,0,28014,44697,1621262,8616,results/phase4b/20260816Tphase4bfallbacklemma01Z/logs/part_a/expanded_032__032_random_3sat_scale400_planted_sat__lkk_cadical__seed1.log
expanded,032_random_3sat_scale400_planted_sat.cnf,random_3sat,400,planted_sat,1,lkk_kissat,1171.788127,SATISFIABLE,False,1171.788127,UNKNOWN,True,kissat,1126.95,2.65763,1000,129.606,3.08508,0.524191,0.78948,4.64072,0,0,42495,91241,2759545,5004,results/phase4b/20260816Tphase4bfallbacklemma01Z/logs/part_a/expanded_032__032_random_3sat_scale400_planted_sat__lkk_kissat__seed1.log
expanded,032_random_3sat_scale400_planted_sat.cnf,random_3sat,400,planted_sat,1,lkk_none,17.921894,UNKNOWN,False,10000.0,UNKNOWN,True,none,0,0,0,0,2.02915,0.340045,0.558021,2.99832,0,0,-1,-1,-1,4404,results/phase4b/20260816Tphase4bfallbacklemma01Z/logs/part_a/expanded_032__032_random_3sat_scale400_planted_sat__lkk_none__seed1.log
expanded,032_random_3sat_scale400_planted_sat.cnf,random_3sat,400,planted_sat,1,cadical,819.080289,SATISFIABLE,False,819.080289,,,cadical,,,,,,,,,,,76,44697,1641857,5552,/work/results/phase4b/20260816Tphase4bfallbacklemma01Z/logs/part_a/expanded_032__032_random_3sat_scale400_planted_sat__cadical__seed1.log
expanded,032_random_3sat_scale400_planted_sat.cnf,random_3sat,400,planted_sat,1,kissat,1120.913187,SATISFIABLE,False,1120.913187,,,kissat,,,,,,,,,,,42495,91241,2759545,5004,/work/results/phase4b/20260816Tphase4bfallbacklemma01Z/logs/part_a/expanded_032__032_random_3sat_scale400_planted_sat__kissat__seed1.log
expanded,033_random_3sat_scale800_planted_sat.cnf,random_3sat,800,planted_sat,1,lkk_kissat,182.664177,SATISFIABLE,False,182.664177,UNKNOWN,True,kissat,107.684,3.14957,80,30.8337,2.88729,0.698913,1.20732,12.9027,0,0,3025,6922,292725,4980,results/phase4b/20260816Tphase4bfallbacklemma01Z/logs/part_a/expanded_033__033_random_3sat_scale800_planted_sat__lkk_kissat__seed1.log
expanded,033_random_3sat_scale800_planted_sat.cnf,random_3sat,800,planted_sat,1,lkk_none,68.640536,UNKNOWN,False,10000.0,UNKNOWN,True,none,0,0,0,0,3.50579,0.713833,1.22185,17.2849,0,0,-1,-1,-1,4880,results/phase4b/20260816Tphase4bfallbacklemma01Z/logs/part_a/expanded_033__033_random_3sat_scale800_planted_sat__lkk_none__seed1.log
expanded,033_random_3sat_scale800_planted_sat.cnf,random_3sat,800,planted_sat,1,cadical,1070.671365,SATISFIABLE,False,1070.671365,,,cadical,,,,,,,,,,,120,48108,2617213,7032,/work/results/phase4b/20260816Tphase4bfallbacklemma01Z/logs/part_a/expanded_033__033_random_3sat_scale800_planted_sat__cadical__seed1.log
expanded,033_random_3sat_scale800_planted_sat.cnf,random_3sat,800,planted_sat,1,kissat,117.757545,SATISFIABLE,False,117.757545,,,kissat,,,,,,,,,,,3025,6922,292725,2512,/work/results/phase4b/20260816Tphase4bfallbacklemma01Z/logs/part_a/expanded_033__033_random_3sat_scale800_planted_sat__kissat__seed1.log
expanded,033_random_3sat_scale800_planted_sat.cnf,random_3sat,800,planted_sat,1,lkk_cadical,970.399278,SATISFIABLE,False,970.399278,UNKNOWN,True,cadical,925.412,0,925.412,0,2.9367,0.713944,1.21154,15.0895,0,0,28017,48108,2580051,10784,results/phase4b/20260816Tphase4bfallbacklemma01Z/logs/part_a/expanded_033__033_random_3sat_scale800_planted_sat__lkk_cadical__seed1.log
