instance,family,seed,arm,conflicts,decisions,propagations,restarts,learned,irredundant,redundant,ticks,solve_ms,status
004_exact_r_allocation_boundary_high_scale11_noise0.cnf,exact_r_allocation,1,kissat,,,,,,,,,5036.909866,TIMEOUT
004_exact_r_allocation_boundary_high_scale11_noise0.cnf,exact_r_allocation,1,lkk_cadical,,,,,,,,,5038.082978,TIMEOUT
004_exact_r_allocation_boundary_high_scale11_noise0.cnf,exact_r_allocation,1,lkk_kissat,,,,,,,,,5036.879067,TIMEOUT
004_exact_r_allocation_boundary_high_scale11_noise0.cnf,exact_r_allocation,1,lemma_cadical,,,,,,,,,5036.589947,TIMEOUT
004_exact_r_allocation_boundary_high_scale11_noise0.cnf,exact_r_allocation,1,cadical,,,,,,,,,5036.479086,TIMEOUT
004_exact_r_allocation_boundary_high_scale11_noise0.cnf,exact_r_allocation,2,lkk_cadical,,,,,,,,,5036.987569,TIMEOUT
004_exact_r_allocation_boundary_high_scale11_noise0.cnf,exact_r_allocation,2,lkk_kissat,,,,,,,,,5036.686436,TIMEOUT
004_exact_r_allocation_boundary_high_scale11_noise0.cnf,exact_r_allocation,2,lemma_cadical,,,,,,,,,5036.335346,TIMEOUT
004_exact_r_allocation_boundary_high_scale11_noise0.cnf,exact_r_allocation,2,cadical,,,,,,,,,5035.598773,TIMEOUT
004_exact_r_allocation_boundary_high_scale11_noise0.cnf,exact_r_allocation,2,kissat,,,,,,,,,5035.671158,TIMEOUT
004_exact_r_allocation_boundary_high_scale11_noise0.cnf,exact_r_allocation,3,lkk_kissat,,,,,,,,,5038.055838,TIMEOUT
004_exact_r_allocation_boundary_high_scale11_noise0.cnf,exact_r_allocation,3,lemma_cadical,,,,,,,,,5037.573342,TIMEOUT
004_exact_r_allocation_boundary_high_scale11_noise0.cnf,exact_r_allocation,3,cadical,,,,,,,,,5036.090977,TIMEOUT
004_exact_r_allocation_boundary_high_scale11_noise0.cnf,exact_r_allocation,3,kissat,,,,,,,,,5035.501622,TIMEOUT
004_exact_r_allocation_boundary_high_scale11_noise0.cnf,exact_r_allocation,3,lkk_cadical,,,,,,,,,5037.554181,TIMEOUT
005_overlapping_hall_violation_boundary_low_scale8_noise0.cnf,overlapping_hall_violation,1,lkk_cadical,45027,49432,431302,-1,-1,872,3813,10092103,491.022,UNSATISFIABLE
005_overlapping_hall_violation_boundary_low_scale8_noise0.cnf,overlapping_hall_violation,1,lkk_kissat,8422,12151,245912,533,-1,-1,-1,-1,110.638,UNSATISFIABLE
005_overlapping_hall_violation_boundary_low_scale8_noise0.cnf,overlapping_hall_violation,1,lemma_cadical,45027,49432,431302,-1,-1,872,3813,10092103,399.569,UNSATISFIABLE
005_overlapping_hall_violation_boundary_low_scale8_noise0.cnf,overlapping_hall_violation,1,cadical,10,49432,475080,,,,,,520.197777,UNSATISFIABLE
005_overlapping_hall_violation_boundary_low_scale8_noise0.cnf,overlapping_hall_violation,1,kissat,8422,12151,245912,,,,,,116.6733,UNSATISFIABLE
005_overlapping_hall_violation_boundary_low_scale8_noise0.cnf,overlapping_hall_violation,2,lkk_kissat,7581,10588,297832,442,-1,-1,-1,-1,138.772,UNSATISFIABLE
005_overlapping_hall_violation_boundary_low_scale8_noise0.cnf,overlapping_hall_violation,2,lemma_cadical,37615,41438,356107,-1,-1,840,1592,6540796,303.7,UNSATISFIABLE
005_overlapping_hall_violation_boundary_low_scale8_noise0.cnf,overlapping_hall_violation,2,cadical,6,41438,398267,,,,,,367.850757,UNSATISFIABLE
005_overlapping_hall_violation_boundary_low_scale8_noise0.cnf,overlapping_hall_violation,2,kissat,7581,10588,297832,,,,,,166.571434,UNSATISFIABLE
005_overlapping_hall_violation_boundary_low_scale8_noise0.cnf,overlapping_hall_violation,2,lkk_cadical,37615,41438,356107,-1,-1,840,1592,6540796,294.56,UNSATISFIABLE
005_overlapping_hall_violation_boundary_low_scale8_noise0.cnf,overlapping_hall_violation,3,lemma_cadical,39885,43991,385594,-1,-1,861,2929,7887874,358.603,UNSATISFIABLE
005_overlapping_hall_violation_boundary_low_scale8_noise0.cnf,overlapping_hall_violation,3,cadical,4,43991,427994,,,,,,468.902727,UNSATISFIABLE
005_overlapping_hall_violation_boundary_low_scale8_noise0.cnf,overlapping_hall_violation,3,kissat,7747,10700,231604,,,,,,167.687064,UNSATISFIABLE
005_overlapping_hall_violation_boundary_low_scale8_noise0.cnf,overlapping_hall_violation,3,lkk_cadical,39885,43991,385594,-1,-1,861,2929,7887874,355.637,UNSATISFIABLE
005_overlapping_hall_violation_boundary_low_scale8_noise0.cnf,overlapping_hall_violation,3,lkk_kissat,7747,10700,231604,464,-1,-1,-1,-1,95.9013,UNSATISFIABLE
006_overlapping_hall_violation_boundary_high_scale9_noise0.cnf,overlapping_hall_violation,1,lkk_kissat,20328,29315,600597,1097,-1,-1,-1,-1,338.366,UNSATISFIABLE
006_overlapping_hall_violation_boundary_high_scale9_noise0.cnf,overlapping_hall_violation,1,lemma_cadical,341858,368940,3210303,-1,-1,1156,7883,110561206,3870.86,UNSATISFIABLE
006_overlapping_hall_violation_boundary_high_scale9_noise0.cnf,overlapping_hall_violation,1,cadical,102,368940,3518818,,,,,,3880.75188,UNSATISFIABLE
006_overlapping_hall_violation_boundary_high_scale9_noise0.cnf,overlapping_hall_violation,1,kissat,20328,29315,600597,,,,,,367.674263,UNSATISFIABLE
006_overlapping_hall_violation_boundary_high_scale9_noise0.cnf,overlapping_hall_violation,1,lkk_cadical,341858,368940,3210303,-1,-1,1156,7883,110561206,4016.76,UNSATISFIABLE
006_overlapping_hall_violation_boundary_high_scale9_noise0.cnf,overlapping_hall_violation,2,lemma_cadical,,,,,,,,,5036.120067,TIMEOUT
006_overlapping_hall_violation_boundary_high_scale9_noise0.cnf,overlapping_hall_violation,2,cadical,22,394508,3674003,,,,,,4684.992143,UNSATISFIABLE
006_overlapping_hall_violation_boundary_high_scale9_noise0.cnf,overlapping_hall_violation,2,kissat,17904,27377,546537,,,,,,368.113253,UNSATISFIABLE
006_overlapping_hall_violation_boundary_high_scale9_noise0.cnf,overlapping_hall_violation,2,lkk_cadical,369257,394508,3410704,-1,-1,1098,7720,120515273,3933.04,UNSATISFIABLE
006_overlapping_hall_violation_boundary_high_scale9_noise0.cnf,overlapping_hall_violation,2,lkk_kissat,17904,27377,546537,1118,-1,-1,-1,-1,299.32,UNSATISFIABLE
006_overlapping_hall_violation_boundary_high_scale9_noise0.cnf,overlapping_hall_violation,3,cadical,22,337237,3239857,,,,,,3277.901032,UNSATISFIABLE
006_overlapping_hall_violation_boundary_high_scale9_noise0.cnf,overlapping_hall_violation,3,kissat,20905,29125,613282,,,,,,367.774998,UNSATISFIABLE
006_overlapping_hall_violation_boundary_high_scale9_noise0.cnf,overlapping_hall_violation,3,lkk_cadical,313426,337237,2960222,-1,-1,1179,3350,95330736,3682.41,UNSATISFIABLE
006_overlapping_hall_violation_boundary_high_scale9_noise0.cnf,overlapping_hall_violation,3,lkk_kissat,20905,29125,613282,1001,-1,-1,-1,-1,402.285,UNSATISFIABLE
006_overlapping_hall_violation_boundary_high_scale9_noise0.cnf,overlapping_hall_violation,3,lemma_cadical,313426,337237,2960222,-1,-1,1179,3350,95330736,3381.38,UNSATISFIABLE
010_hidden_pigeonhole_hidden_noise100_scale9_noise100.cnf,hidden_pigeonhole,1,lemma_cadical,44247,49389,427707,-1,-1,887,28,9017148,429.935,UNSATISFIABLE
010_hidden_pigeonhole_hidden_noise100_scale9_noise100.cnf,hidden_pigeonhole,1,cadical,2,56902,499087,,,,,,519.427507,UNSATISFIABLE
010_hidden_pigeonhole_hidden_noise100_scale9_noise100.cnf,hidden_pigeonhole,1,kissat,7468,23855,299006,,,,,,167.110554,UNSATISFIABLE
010_hidden_pigeonhole_hidden_noise100_scale9_noise100.cnf,hidden_pigeonhole,1,lkk_cadical,47566,56902,465498,-1,-1,895,78,9569652,454.523,UNSATISFIABLE
010_hidden_pigeonhole_hidden_noise100_scale9_noise100.cnf,hidden_pigeonhole,1,lkk_kissat,7468,23855,299006,298,-1,-1,-1,-1,136.462,UNSATISFIABLE
010_hidden_pigeonhole_hidden_noise100_scale9_noise100.cnf,hidden_pigeonhole,2,cadical,2,54779,469247,,,,,,519.092386,UNSATISFIABLE
010_hidden_pigeonhole_hidden_noise100_scale9_noise100.cnf,hidden_pigeonhole,2,kissat,7412,25998,287243,,,,,,167.953126,UNSATISFIABLE
010_hidden_pigeonhole_hidden_noise100_scale9_noise100.cnf,hidden_pigeonhole,2,lkk_cadical,45293,54779,441137,-1,-1,894,69,8711463,431.552,UNSATISFIABLE
010_hidden_pigeonhole_hidden_noise100_scale9_noise100.cnf,hidden_pigeonhole,2,lkk_kissat,7412,25998,287243,328,-1,-1,-1,-1,111.358,UNSATISFIABLE
010_hidden_pigeonhole_hidden_noise100_scale9_noise100.cnf,hidden_pigeonhole,2,lemma_cadical,52368,58355,494696,-1,-1,890,70,10980326,527.583,UNSATISFIABLE
010_hidden_pigeonhole_hidden_noise100_scale9_noise100.cnf,hidden_pigeonhole,3,kissat,7555,26596,293134,,,,,,168.746767,UNSATISFIABLE
010_hidden_pigeonhole_hidden_noise100_scale9_noise100.cnf,hidden_pigeonhole,3,lkk_cadical,50252,60759,505148,-1,-1,895,90,9736390,504.47,UNSATISFIABLE
010_hidden_pigeonhole_hidden_noise100_scale9_noise100.cnf,hidden_pigeonhole,3,lkk_kissat,7555,26596,293134,349,-1,-1,-1,-1,135.391,UNSATISFIABLE
010_hidden_pigeonhole_hidden_noise100_scale9_noise100.cnf,hidden_pigeonhole,3,lemma_cadical,39183,44102,398224,-1,-1,890,24,8965647,403.923,UNSATISFIABLE
010_hidden_pigeonhole_hidden_noise100_scale9_noise100.cnf,hidden_pigeonhole,3,cadical,2,60759,542880,,,,,,569.333381,UNSATISFIABLE
011_satisfiable_capacity_control_sat_fallback_scale24_noise0.cnf,satisfiable_capacity_control,1,cadical,0,0,0,,,,,,118.259819,SATISFIABLE
011_satisfiable_capacity_control_sat_fallback_scale24_noise0.cnf,satisfiable_capacity_control,1,kissat,0,0,576,,,,,,18.161605,SATISFIABLE
011_satisfiable_capacity_control_sat_fallback_scale24_noise0.cnf,satisfiable_capacity_control,1,lkk_cadical,0,0,0,-1,-1,13272,0,0,2.40307,SATISFIABLE
011_satisfiable_capacity_control_sat_fallback_scale24_noise0.cnf,satisfiable_capacity_control,1,lkk_kissat,0,0,576,0,-1,-1,-1,-1,44.908,SATISFIABLE
011_satisfiable_capacity_control_sat_fallback_scale24_noise0.cnf,satisfiable_capacity_control,1,lemma_cadical,0,0,0,-1,-1,13272,0,0,2.85509,SATISFIABLE
011_satisfiable_capacity_control_sat_fallback_scale24_noise0.cnf,satisfiable_capacity_control,2,kissat,0,0,576,,,,,,36.009729,SATISFIABLE
011_satisfiable_capacity_control_sat_fallback_scale24_noise0.cnf,satisfiable_capacity_control,2,lkk_cadical,0,0,0,-1,-1,13272,0,0,2.26495,SATISFIABLE
011_satisfiable_capacity_control_sat_fallback_scale24_noise0.cnf,satisfiable_capacity_control,2,lkk_kissat,0,0,576,0,-1,-1,-1,-1,26.3734,SATISFIABLE
011_satisfiable_capacity_control_sat_fallback_scale24_noise0.cnf,satisfiable_capacity_control,2,lemma_cadical,0,0,0,-1,-1,13272,0,0,1.97496,SATISFIABLE
011_satisfiable_capacity_control_sat_fallback_scale24_noise0.cnf,satisfiable_capacity_control,2,cadical,0,0,0,,,,,,117.529348,SATISFIABLE
011_satisfiable_capacity_control_sat_fallback_scale24_noise0.cnf,satisfiable_capacity_control,3,lkk_cadical,0,0,0,-1,-1,13272,0,0,2.70351,SATISFIABLE
011_satisfiable_capacity_control_sat_fallback_scale24_noise0.cnf,satisfiable_capacity_control,3,lkk_kissat,0,0,576,0,-1,-1,-1,-1,25.4576,SATISFIABLE
011_satisfiable_capacity_control_sat_fallback_scale24_noise0.cnf,satisfiable_capacity_control,3,lemma_cadical,0,0,0,-1,-1,13272,0,0,2.07433,SATISFIABLE
011_satisfiable_capacity_control_sat_fallback_scale24_noise0.cnf,satisfiable_capacity_control,3,cadical,0,0,0,,,,,,117.617191,SATISFIABLE
011_satisfiable_capacity_control_sat_fallback_scale24_noise0.cnf,satisfiable_capacity_control,3,kissat,0,0,576,,,,,,34.84317,SATISFIABLE
012_random_3sat_uniform_scale150_noise0.cnf,random_3sat,1,kissat,3497,4354,99071,,,,,,117.254006,SATISFIABLE
012_random_3sat_uniform_scale150_noise0.cnf,random_3sat,1,lkk_cadical,3062,3446,86300,-1,-1,631,1372,1071490,34.5795,SATISFIABLE
012_random_3sat_uniform_scale150_noise0.cnf,random_3sat,1,lkk_kissat,3497,4354,99071,45,-1,-1,-1,-1,76.2513,SATISFIABLE
012_random_3sat_uniform_scale150_noise0.cnf,random_3sat,1,lemma_cadical,2736,2999,79247,-1,-1,640,1447,968728,31.2272,SATISFIABLE
012_random_3sat_uniform_scale150_noise0.cnf,random_3sat,1,cadical,0,3446,86300,,,,,,117.541901,SATISFIABLE
012_random_3sat_uniform_scale150_noise0.cnf,random_3sat,2,lkk_cadical,3062,3446,86300,-1,-1,631,1372,1071490,34.9693,SATISFIABLE
012_random_3sat_uniform_scale150_noise0.cnf,random_3sat,2,lkk_kissat,2325,2846,67028,31,-1,-1,-1,-1,72.1771,SATISFIABLE
012_random_3sat_uniform_scale150_noise0.cnf,random_3sat,2,lemma_cadical,2736,2999,79247,-1,-1,640,1447,968728,35.4309,SATISFIABLE
012_random_3sat_uniform_scale150_noise0.cnf,random_3sat,2,cadical,0,3446,86300,,,,,,117.927785,SATISFIABLE
012_random_3sat_uniform_scale150_noise0.cnf,random_3sat,2,kissat,2325,2846,67028,,,,,,118.395133,SATISFIABLE
012_random_3sat_uniform_scale150_noise0.cnf,random_3sat,3,lkk_kissat,2832,3726,82563,56,-1,-1,-1,-1,89.7213,SATISFIABLE
012_random_3sat_uniform_scale150_noise0.cnf,random_3sat,3,lemma_cadical,2736,2999,79247,-1,-1,640,1447,968728,35.1012,SATISFIABLE
012_random_3sat_uniform_scale150_noise0.cnf,random_3sat,3,cadical,0,3446,86300,,,,,,117.913956,SATISFIABLE
012_random_3sat_uniform_scale150_noise0.cnf,random_3sat,3,kissat,2832,3726,82563,,,,,,118.401928,SATISFIABLE
012_random_3sat_uniform_scale150_noise0.cnf,random_3sat,3,lkk_cadical,3062,3446,86300,-1,-1,631,1372,1071490,44.2285,SATISFIABLE
013_random_3sat_planted_sat_scale400_noise0.cnf,random_3sat,1,lkk_cadical,28017,46191,1680952,-1,-1,1704,7818,24188536,816.059,SATISFIABLE
013_random_3sat_planted_sat_scale400_noise0.cnf,random_3sat,1,lkk_kissat,2875,4088,172691,8,-1,-1,-1,-1,110.369,SATISFIABLE
013_random_3sat_planted_sat_scale400_noise0.cnf,random_3sat,1,lemma_cadical,28017,46191,1680952,-1,-1,1704,7818,24188536,780.794,SATISFIABLE
013_random_3sat_planted_sat_scale400_noise0.cnf,random_3sat,1,cadical,52,46191,1701573,,,,,,819.969171,SATISFIABLE
013_random_3sat_planted_sat_scale400_noise0.cnf,random_3sat,1,kissat,2875,4088,172691,,,,,,117.020692,SATISFIABLE
013_random_3sat_planted_sat_scale400_noise0.cnf,random_3sat,2,lkk_kissat,72282,118280,4597206,1022,-1,-1,-1,-1,1789.7,SATISFIABLE
013_random_3sat_planted_sat_scale400_noise0.cnf,random_3sat,2,lemma_cadical,28013,45612,1666834,-1,-1,1704,7386,23983112,712.937,SATISFIABLE
013_random_3sat_planted_sat_scale400_noise0.cnf,random_3sat,2,cadical,22,45612,1687887,,,,,,769.238368,SATISFIABLE
013_random_3sat_planted_sat_scale400_noise0.cnf,random_3sat,2,kissat,72282,118280,4597206,,,,,,1873.143533,SATISFIABLE
013_random_3sat_planted_sat_scale400_noise0.cnf,random_3sat,2,lkk_cadical,28013,45612,1666834,-1,-1,1704,7386,23983112,660.792,SATISFIABLE
013_random_3sat_planted_sat_scale400_noise0.cnf,random_3sat,3,lemma_cadical,28010,45531,1673385,-1,-1,1704,7407,23953889,704.681,SATISFIABLE
013_random_3sat_planted_sat_scale400_noise0.cnf,random_3sat,3,cadical,74,45531,1694186,,,,,,768.973054,SATISFIABLE
013_random_3sat_planted_sat_scale400_noise0.cnf,random_3sat,3,kissat,24105,41783,1560450,,,,,,568.429729,SATISFIABLE
013_random_3sat_planted_sat_scale400_noise0.cnf,random_3sat,3,lkk_cadical,28010,45531,1673385,-1,-1,1704,7407,23953889,712.433,SATISFIABLE
013_random_3sat_planted_sat_scale400_noise0.cnf,random_3sat,3,lkk_kissat,24105,41783,1560450,409,-1,-1,-1,-1,583.852,SATISFIABLE
014_random_3sat_planted_sat_scale800_noise0.cnf,random_3sat,1,lkk_kissat,3004,7206,292207,49,-1,-1,-1,-1,98.5868,SATISFIABLE
014_random_3sat_planted_sat_scale800_noise0.cnf,random_3sat,1,lemma_cadical,21015,40743,1939421,-1,-1,3362,7088,19590481,711.249,SATISFIABLE
014_random_3sat_planted_sat_scale800_noise0.cnf,random_3sat,1,cadical,114,40743,1968105,,,,,,819.891882,SATISFIABLE
014_random_3sat_planted_sat_scale800_noise0.cnf,random_3sat,1,kissat,3004,7206,292207,,,,,,168.485811,SATISFIABLE
014_random_3sat_planted_sat_scale800_noise0.cnf,random_3sat,1,lkk_cadical,21015,40743,1939421,-1,-1,3362,7088,19590481,755.691,SATISFIABLE
014_random_3sat_planted_sat_scale800_noise0.cnf,random_3sat,2,lemma_cadical,21013,37827,1939850,-1,-1,3362,7203,19344822,799.182,SATISFIABLE
014_random_3sat_planted_sat_scale800_noise0.cnf,random_3sat,2,cadical,160,37827,1968357,,,,,,770.047251,SATISFIABLE
014_random_3sat_planted_sat_scale800_noise0.cnf,random_3sat,2,kissat,3971,8875,465200,,,,,,217.482346,SATISFIABLE
014_random_3sat_planted_sat_scale800_noise0.cnf,random_3sat,2,lkk_cadical,21013,37827,1939850,-1,-1,3362,7203,19344822,692.92,SATISFIABLE
014_random_3sat_planted_sat_scale800_noise0.cnf,random_3sat,2,lkk_kissat,3971,8875,465200,63,-1,-1,-1,-1,161.918,SATISFIABLE
014_random_3sat_planted_sat_scale800_noise0.cnf,random_3sat,3,cadical,90,57973,2665115,,,,,,969.756178,SATISFIABLE
014_random_3sat_planted_sat_scale800_noise0.cnf,random_3sat,3,kissat,2999,6606,295133,,,,,,167.65752,SATISFIABLE
014_random_3sat_planted_sat_scale800_noise0.cnf,random_3sat,3,lkk_cadical,28014,57973,2627543,-1,-1,3372,8293,28139368,1001.02,SATISFIABLE
014_random_3sat_planted_sat_scale800_noise0.cnf,random_3sat,3,lkk_kissat,2999,6606,295133,36,-1,-1,-1,-1,127.586,SATISFIABLE
014_random_3sat_planted_sat_scale800_noise0.cnf,random_3sat,3,lemma_cadical,28014,57973,2627543,-1,-1,3372,8293,28139368,914.478,SATISFIABLE
003_exact_r_allocation_scale11_phase4b.cnf,exact_r_allocation,1,lemma_cadical,,,,,,,,,5036.807818,TIMEOUT
003_exact_r_allocation_scale11_phase4b.cnf,exact_r_allocation,1,cadical,,,,,,,,,5036.722188,TIMEOUT
003_exact_r_allocation_scale11_phase4b.cnf,exact_r_allocation,1,kissat,,,,,,,,,5035.558177,TIMEOUT
003_exact_r_allocation_scale11_phase4b.cnf,exact_r_allocation,1,lkk_cadical,,,,,,,,,5037.215225,TIMEOUT
003_exact_r_allocation_scale11_phase4b.cnf,exact_r_allocation,1,lkk_kissat,,,,,,,,,5036.163384,TIMEOUT
003_exact_r_allocation_scale11_phase4b.cnf,exact_r_allocation,2,cadical,,,,,,,,,5036.098086,TIMEOUT
003_exact_r_allocation_scale11_phase4b.cnf,exact_r_allocation,2,kissat,,,,,,,,,5036.518542,TIMEOUT
003_exact_r_allocation_scale11_phase4b.cnf,exact_r_allocation,2,lkk_cadical,,,,,,,,,5038.380877,TIMEOUT
003_exact_r_allocation_scale11_phase4b.cnf,exact_r_allocation,2,lkk_kissat,,,,,,,,,5037.088378,TIMEOUT
003_exact_r_allocation_scale11_phase4b.cnf,exact_r_allocation,2,lemma_cadical,,,,,,,,,5035.984527,TIMEOUT
003_exact_r_allocation_scale11_phase4b.cnf,exact_r_allocation,3,kissat,,,,,,,,,5037.283672,TIMEOUT
003_exact_r_allocation_scale11_phase4b.cnf,exact_r_allocation,3,lkk_cadical,,,,,,,,,5037.149826,TIMEOUT
003_exact_r_allocation_scale11_phase4b.cnf,exact_r_allocation,3,lkk_kissat,,,,,,,,,5036.972855,TIMEOUT
003_exact_r_allocation_scale11_phase4b.cnf,exact_r_allocation,3,lemma_cadical,,,,,,,,,5036.118685,TIMEOUT
003_exact_r_allocation_scale11_phase4b.cnf,exact_r_allocation,3,cadical,,,,,,,,,5034.756735,TIMEOUT
004_exact_r_allocation_scale13_phase4b.cnf,exact_r_allocation,1,cadical,,,,,,,,,5035.048062,TIMEOUT
004_exact_r_allocation_scale13_phase4b.cnf,exact_r_allocation,1,kissat,,,,,,,,,5038.091336,TIMEOUT
004_exact_r_allocation_scale13_phase4b.cnf,exact_r_allocation,1,lkk_cadical,,,,,,,,,5038.192832,TIMEOUT
004_exact_r_allocation_scale13_phase4b.cnf,exact_r_allocation,1,lkk_kissat,,,,,,,,,5034.84513,TIMEOUT
004_exact_r_allocation_scale13_phase4b.cnf,exact_r_allocation,1,lemma_cadical,,,,,,,,,5035.442095,TIMEOUT
004_exact_r_allocation_scale13_phase4b.cnf,exact_r_allocation,2,kissat,,,,,,,,,5036.473349,TIMEOUT
004_exact_r_allocation_scale13_phase4b.cnf,exact_r_allocation,2,lkk_cadical,,,,,,,,,5037.1551,TIMEOUT
004_exact_r_allocation_scale13_phase4b.cnf,exact_r_allocation,2,lkk_kissat,,,,,,,,,5035.175939,TIMEOUT
004_exact_r_allocation_scale13_phase4b.cnf,exact_r_allocation,2,lemma_cadical,,,,,,,,,5036.051783,TIMEOUT
004_exact_r_allocation_scale13_phase4b.cnf,exact_r_allocation,2,cadical,,,,,,,,,5038.378452,TIMEOUT
004_exact_r_allocation_scale13_phase4b.cnf,exact_r_allocation,3,lkk_cadical,,,,,,,,,5037.257631,TIMEOUT
004_exact_r_allocation_scale13_phase4b.cnf,exact_r_allocation,3,lkk_kissat,,,,,,,,,5036.644798,TIMEOUT
004_exact_r_allocation_scale13_phase4b.cnf,exact_r_allocation,3,lemma_cadical,,,,,,,,,5036.670703,TIMEOUT
004_exact_r_allocation_scale13_phase4b.cnf,exact_r_allocation,3,cadical,,,,,,,,,5034.399207,TIMEOUT
004_exact_r_allocation_scale13_phase4b.cnf,exact_r_allocation,3,kissat,,,,,,,,,5035.418895,TIMEOUT
006_overlapping_hall_violation_scale8_phase4b.cnf,overlapping_hall_violation,1,kissat,8422,12151,245912,,,,,,116.997894,UNSATISFIABLE
006_overlapping_hall_violation_scale8_phase4b.cnf,overlapping_hall_violation,1,lkk_cadical,45027,49432,431302,-1,-1,872,3813,10092103,385.073,UNSATISFIABLE
006_overlapping_hall_violation_scale8_phase4b.cnf,overlapping_hall_violation,1,lkk_kissat,8422,12151,245912,533,-1,-1,-1,-1,103.375,UNSATISFIABLE
006_overlapping_hall_violation_scale8_phase4b.cnf,overlapping_hall_violation,1,lemma_cadical,45027,49432,431302,-1,-1,872,3813,10092103,376.7,UNSATISFIABLE
006_overlapping_hall_violation_scale8_phase4b.cnf,overlapping_hall_violation,1,cadical,10,49432,475080,,,,,,519.580213,UNSATISFIABLE
006_overlapping_hall_violation_scale8_phase4b.cnf,overlapping_hall_violation,2,lkk_cadical,37615,41438,356107,-1,-1,840,1592,6540796,302.402,UNSATISFIABLE
006_overlapping_hall_violation_scale8_phase4b.cnf,overlapping_hall_violation,2,lkk_kissat,7581,10588,297832,442,-1,-1,-1,-1,141.138,UNSATISFIABLE
006_overlapping_hall_violation_scale8_phase4b.cnf,overlapping_hall_violation,2,lemma_cadical,37615,41438,356107,-1,-1,840,1592,6540796,315.551,UNSATISFIABLE
006_overlapping_hall_violation_scale8_phase4b.cnf,overlapping_hall_violation,2,cadical,6,41438,398267,,,,,,469.352429,UNSATISFIABLE
006_overlapping_hall_violation_scale8_phase4b.cnf,overlapping_hall_violation,2,kissat,7581,10588,297832,,,,,,218.297503,UNSATISFIABLE
006_overlapping_hall_violation_scale8_phase4b.cnf,overlapping_hall_violation,3,lkk_kissat,7747,10700,231604,464,-1,-1,-1,-1,125.237,UNSATISFIABLE
006_overlapping_hall_violation_scale8_phase4b.cnf,overlapping_hall_violation,3,lemma_cadical,39885,43991,385594,-1,-1,861,2929,7887874,317.053,UNSATISFIABLE
006_overlapping_hall_violation_scale8_phase4b.cnf,overlapping_hall_violation,3,cadical,4,43991,427994,,,,,,468.654328,UNSATISFIABLE
006_overlapping_hall_violation_scale8_phase4b.cnf,overlapping_hall_violation,3,kissat,7747,10700,231604,,,,,,117.268011,UNSATISFIABLE
006_overlapping_hall_violation_scale8_phase4b.cnf,overlapping_hall_violation,3,lkk_cadical,39885,43991,385594,-1,-1,861,2929,7887874,385.494,UNSATISFIABLE
007_overlapping_hall_violation_scale9_phase4b.cnf,overlapping_hall_violation,1,lkk_cadical,341858,368940,3210303,-1,-1,1156,7883,110561206,4153.82,UNSATISFIABLE
007_overlapping_hall_violation_scale9_phase4b.cnf,overlapping_hall_violation,1,lkk_kissat,20328,29315,600597,1097,-1,-1,-1,-1,379.588,UNSATISFIABLE
007_overlapping_hall_violation_scale9_phase4b.cnf,overlapping_hall_violation,1,lemma_cadical,,,,,,,,,5038.54825,TIMEOUT
007_overlapping_hall_violation_scale9_phase4b.cnf,overlapping_hall_violation,1,cadical,102,368940,3518818,,,,,,3781.568833,UNSATISFIABLE
007_overlapping_hall_violation_scale9_phase4b.cnf,overlapping_hall_violation,1,kissat,20328,29315,600597,,,,,,367.95478,UNSATISFIABLE
007_overlapping_hall_violation_scale9_phase4b.cnf,overlapping_hall_violation,2,lkk_kissat,17904,27377,546537,1118,-1,-1,-1,-1,346.328,UNSATISFIABLE
007_overlapping_hall_violation_scale9_phase4b.cnf,overlapping_hall_violation,2,lemma_cadical,,,,,,,,,5037.784619,TIMEOUT
007_overlapping_hall_violation_scale9_phase4b.cnf,overlapping_hall_violation,2,cadical,22,394508,3674003,,,,,,4182.93923,UNSATISFIABLE
007_overlapping_hall_violation_scale9_phase4b.cnf,overlapping_hall_violation,2,kissat,17904,27377,546537,,,,,,369.065713,UNSATISFIABLE
007_overlapping_hall_violation_scale9_phase4b.cnf,overlapping_hall_violation,2,lkk_cadical,369257,394508,3410704,-1,-1,1098,7720,120515273,4019.51,UNSATISFIABLE
007_overlapping_hall_violation_scale9_phase4b.cnf,overlapping_hall_violation,3,lemma_cadical,313426,337237,2960222,-1,-1,1179,3350,95330736,3713.63,UNSATISFIABLE
007_overlapping_hall_violation_scale9_phase4b.cnf,overlapping_hall_violation,3,cadical,22,337237,3239857,,,,,,3582.810679,UNSATISFIABLE
007_overlapping_hall_violation_scale9_phase4b.cnf,overlapping_hall_violation,3,kissat,20905,29125,613282,,,,,,417.939805,UNSATISFIABLE
007_overlapping_hall_violation_scale9_phase4b.cnf,overlapping_hall_violation,3,lkk_cadical,313426,337237,2960222,-1,-1,1179,3350,95330736,3662.57,UNSATISFIABLE
007_overlapping_hall_violation_scale9_phase4b.cnf,overlapping_hall_violation,3,lkk_kissat,20905,29125,613282,1001,-1,-1,-1,-1,368.613,UNSATISFIABLE
008_overlapping_hall_violation_scale10_phase4b.cnf,overlapping_hall_violation,1,lkk_kissat,125042,168844,3347000,2764,-1,-1,-1,-1,2092.77,UNSATISFIABLE
008_overlapping_hall_violation_scale10_phase4b.cnf,overlapping_hall_violation,1,lemma_cadical,,,,,,,,,5037.05781,TIMEOUT
008_overlapping_hall_violation_scale10_phase4b.cnf,overlapping_hall_violation,1,cadical,,,,,,,,,5038.520721,TIMEOUT
008_overlapping_hall_violation_scale10_phase4b.cnf,overlapping_hall_violation,1,kissat,125042,168844,3347000,,,,,,1773.492293,UNSATISFIABLE
008_overlapping_hall_violation_scale10_phase4b.cnf,overlapping_hall_violation,1,lkk_cadical,,,,,,,,,5035.518242,TIMEOUT
008_overlapping_hall_violation_scale10_phase4b.cnf,overlapping_hall_violation,2,lemma_cadical,,,,,,,,,5037.801265,TIMEOUT
008_overlapping_hall_violation_scale10_phase4b.cnf,overlapping_hall_violation,2,cadical,,,,,,,,,5036.609873,TIMEOUT
008_overlapping_hall_violation_scale10_phase4b.cnf,overlapping_hall_violation,2,kissat,99216,136852,2647287,,,,,,1471.996947,UNSATISFIABLE
008_overlapping_hall_violation_scale10_phase4b.cnf,overlapping_hall_violation,2,lkk_cadical,,,,,,,,,5036.044426,TIMEOUT
008_overlapping_hall_violation_scale10_phase4b.cnf,overlapping_hall_violation,2,lkk_kissat,99216,136852,2647287,2459,-1,-1,-1,-1,1382.84,UNSATISFIABLE
008_overlapping_hall_violation_scale10_phase4b.cnf,overlapping_hall_violation,3,cadical,,,,,,,,,5035.912772,TIMEOUT
008_overlapping_hall_violation_scale10_phase4b.cnf,overlapping_hall_violation,3,kissat,111349,156541,3053072,,,,,,1773.982152,UNSATISFIABLE
008_overlapping_hall_violation_scale10_phase4b.cnf,overlapping_hall_violation,3,lkk_cadical,,,,,,,,,5036.844111,TIMEOUT
008_overlapping_hall_violation_scale10_phase4b.cnf,overlapping_hall_violation,3,lkk_kissat,111349,156541,3053072,3236,-1,-1,-1,-1,1791.06,UNSATISFIABLE
008_overlapping_hall_violation_scale10_phase4b.cnf,overlapping_hall_violation,3,lemma_cadical,,,,,,,,,5036.728352,TIMEOUT
009_overlapping_hall_violation_scale11_phase4b.cnf,overlapping_hall_violation,1,lemma_cadical,,,,,,,,,5037.195927,TIMEOUT
009_overlapping_hall_violation_scale11_phase4b.cnf,overlapping_hall_violation,1,cadical,,,,,,,,,5035.357955,TIMEOUT
009_overlapping_hall_violation_scale11_phase4b.cnf,overlapping_hall_violation,1,kissat,,,,,,,,,5035.341554,TIMEOUT
009_overlapping_hall_violation_scale11_phase4b.cnf,overlapping_hall_violation,1,lkk_cadical,,,,,,,,,5035.079082,TIMEOUT
009_overlapping_hall_violation_scale11_phase4b.cnf,overlapping_hall_violation,1,lkk_kissat,,,,,,,,,5035.85996,TIMEOUT
009_overlapping_hall_violation_scale11_phase4b.cnf,overlapping_hall_violation,2,cadical,,,,,,,,,5035.95299,TIMEOUT
009_overlapping_hall_violation_scale11_phase4b.cnf,overlapping_hall_violation,2,kissat,,,,,,,,,5035.52198,TIMEOUT
009_overlapping_hall_violation_scale11_phase4b.cnf,overlapping_hall_violation,2,lkk_cadical,,,,,,,,,5035.943206,TIMEOUT
009_overlapping_hall_violation_scale11_phase4b.cnf,overlapping_hall_violation,2,lkk_kissat,,,,,,,,,5036.180129,TIMEOUT
009_overlapping_hall_violation_scale11_phase4b.cnf,overlapping_hall_violation,2,lemma_cadical,,,,,,,,,5036.034807,TIMEOUT
009_overlapping_hall_violation_scale11_phase4b.cnf,overlapping_hall_violation,3,kissat,,,,,,,,,5036.720901,TIMEOUT
009_overlapping_hall_violation_scale11_phase4b.cnf,overlapping_hall_violation,3,lkk_cadical,,,,,,,,,5037.767247,TIMEOUT
009_overlapping_hall_violation_scale11_phase4b.cnf,overlapping_hall_violation,3,lkk_kissat,,,,,,,,,5037.287188,TIMEOUT
009_overlapping_hall_violation_scale11_phase4b.cnf,overlapping_hall_violation,3,lemma_cadical,,,,,,,,,5038.994057,TIMEOUT
009_overlapping_hall_violation_scale11_phase4b.cnf,overlapping_hall_violation,3,cadical,,,,,,,,,5035.823774,TIMEOUT
014_capacity2_violation_scale7_phase4b.cnf,capacity2_violation,1,cadical,,,,,,,,,5037.716037,TIMEOUT
014_capacity2_violation_scale7_phase4b.cnf,capacity2_violation,1,kissat,,,,,,,,,5035.979925,TIMEOUT
014_capacity2_violation_scale7_phase4b.cnf,capacity2_violation,1,lkk_cadical,,,,,,,,,5036.275915,TIMEOUT
014_capacity2_violation_scale7_phase4b.cnf,capacity2_violation,1,lkk_kissat,,,,,,,,,5037.827832,TIMEOUT
014_capacity2_violation_scale7_phase4b.cnf,capacity2_violation,1,lemma_cadical,,,,,,,,,5037.376653,TIMEOUT
014_capacity2_violation_scale7_phase4b.cnf,capacity2_violation,2,kissat,,,,,,,,,5035.175782,TIMEOUT
014_capacity2_violation_scale7_phase4b.cnf,capacity2_violation,2,lkk_cadical,,,,,,,,,5034.770008,TIMEOUT
014_capacity2_violation_scale7_phase4b.cnf,capacity2_violation,2,lkk_kissat,,,,,,,,,5037.153418,TIMEOUT
014_capacity2_violation_scale7_phase4b.cnf,capacity2_violation,2,lemma_cadical,,,,,,,,,5034.890439,TIMEOUT
014_capacity2_violation_scale7_phase4b.cnf,capacity2_violation,2,cadical,,,,,,,,,5038.012055,TIMEOUT
014_capacity2_violation_scale7_phase4b.cnf,capacity2_violation,3,lkk_cadical,,,,,,,,,5037.602454,TIMEOUT
014_capacity2_violation_scale7_phase4b.cnf,capacity2_violation,3,lkk_kissat,,,,,,,,,5035.000235,TIMEOUT
014_capacity2_violation_scale7_phase4b.cnf,capacity2_violation,3,lemma_cadical,,,,,,,,,5037.059458,TIMEOUT
014_capacity2_violation_scale7_phase4b.cnf,capacity2_violation,3,cadical,,,,,,,,,5034.575199,TIMEOUT
014_capacity2_violation_scale7_phase4b.cnf,capacity2_violation,3,kissat,,,,,,,,,5035.921998,TIMEOUT
015_capacity2_violation_scale8_phase4b.cnf,capacity2_violation,1,kissat,,,,,,,,,5035.489538,TIMEOUT
015_capacity2_violation_scale8_phase4b.cnf,capacity2_violation,1,lkk_cadical,,,,,,,,,5037.262962,TIMEOUT
015_capacity2_violation_scale8_phase4b.cnf,capacity2_violation,1,lkk_kissat,,,,,,,,,5036.712357,TIMEOUT
015_capacity2_violation_scale8_phase4b.cnf,capacity2_violation,1,lemma_cadical,,,,,,,,,5036.568786,TIMEOUT
015_capacity2_violation_scale8_phase4b.cnf,capacity2_violation,1,cadical,,,,,,,,,5035.725443,TIMEOUT
015_capacity2_violation_scale8_phase4b.cnf,capacity2_violation,2,lkk_cadical,,,,,,,,,5035.406425,TIMEOUT
015_capacity2_violation_scale8_phase4b.cnf,capacity2_violation,2,lkk_kissat,,,,,,,,,5035.905074,TIMEOUT
015_capacity2_violation_scale8_phase4b.cnf,capacity2_violation,2,lemma_cadical,,,,,,,,,5039.463511,TIMEOUT
015_capacity2_violation_scale8_phase4b.cnf,capacity2_violation,2,cadical,,,,,,,,,5037.293641,TIMEOUT
015_capacity2_violation_scale8_phase4b.cnf,capacity2_violation,2,kissat,,,,,,,,,5037.042082,TIMEOUT
015_capacity2_violation_scale8_phase4b.cnf,capacity2_violation,3,lkk_kissat,,,,,,,,,5036.797586,TIMEOUT
015_capacity2_violation_scale8_phase4b.cnf,capacity2_violation,3,lemma_cadical,,,,,,,,,5036.20665,TIMEOUT
015_capacity2_violation_scale8_phase4b.cnf,capacity2_violation,3,cadical,,,,,,,,,5038.287696,TIMEOUT
015_capacity2_violation_scale8_phase4b.cnf,capacity2_violation,3,kissat,,,,,,,,,5036.963432,TIMEOUT
015_capacity2_violation_scale8_phase4b.cnf,capacity2_violation,3,lkk_cadical,,,,,,,,,5037.189314,TIMEOUT
016_satisfiable_capacity_control_scale8_phase4b.cnf,satisfiable_capacity_control,1,lkk_cadical,0,0,0,-1,-1,456,0,0,0.283009,SATISFIABLE
016_satisfiable_capacity_control_scale8_phase4b.cnf,satisfiable_capacity_control,1,lkk_kissat,0,0,64,0,-1,-1,-1,-1,22.2862,SATISFIABLE
016_satisfiable_capacity_control_scale8_phase4b.cnf,satisfiable_capacity_control,1,lemma_cadical,0,0,0,-1,-1,456,0,0,0.288166,SATISFIABLE
016_satisfiable_capacity_control_scale8_phase4b.cnf,satisfiable_capacity_control,1,cadical,0,0,0,,,,,,67.120862,SATISFIABLE
016_satisfiable_capacity_control_scale8_phase4b.cnf,satisfiable_capacity_control,1,kissat,0,0,64,,,,,,19.358099,SATISFIABLE
016_satisfiable_capacity_control_scale8_phase4b.cnf,satisfiable_capacity_control,2,lkk_kissat,0,0,64,0,-1,-1,-1,-1,11.8997,SATISFIABLE
016_satisfiable_capacity_control_scale8_phase4b.cnf,satisfiable_capacity_control,2,lemma_cadical,0,0,0,-1,-1,456,0,0,0.288887,SATISFIABLE
016_satisfiable_capacity_control_scale8_phase4b.cnf,satisfiable_capacity_control,2,cadical,0,0,0,,,,,,68.002453,SATISFIABLE
016_satisfiable_capacity_control_scale8_phase4b.cnf,satisfiable_capacity_control,2,kissat,0,0,64,,,,,,18.473614,SATISFIABLE
016_satisfiable_capacity_control_scale8_phase4b.cnf,satisfiable_capacity_control,2,lkk_cadical,0,0,0,-1,-1,456,0,0,0.26828,SATISFIABLE
016_satisfiable_capacity_control_scale8_phase4b.cnf,satisfiable_capacity_control,3,lemma_cadical,0,0,0,-1,-1,456,0,0,0.277496,SATISFIABLE
016_satisfiable_capacity_control_scale8_phase4b.cnf,satisfiable_capacity_control,3,cadical,0,0,0,,,,,,67.456946,SATISFIABLE
016_satisfiable_capacity_control_scale8_phase4b.cnf,satisfiable_capacity_control,3,kissat,0,0,64,,,,,,18.660433,SATISFIABLE
016_satisfiable_capacity_control_scale8_phase4b.cnf,satisfiable_capacity_control,3,lkk_cadical,0,0,0,-1,-1,456,0,0,0.262728,SATISFIABLE
016_satisfiable_capacity_control_scale8_phase4b.cnf,satisfiable_capacity_control,3,lkk_kissat,0,0,64,0,-1,-1,-1,-1,8.2297,SATISFIABLE
017_satisfiable_capacity_control_scale16_phase4b.cnf,satisfiable_capacity_control,1,lkk_kissat,0,0,256,0,-1,-1,-1,-1,19.0127,SATISFIABLE
017_satisfiable_capacity_control_scale16_phase4b.cnf,satisfiable_capacity_control,1,lemma_cadical,0,0,0,-1,-1,3856,0,0,0.579598,SATISFIABLE
017_satisfiable_capacity_control_scale16_phase4b.cnf,satisfiable_capacity_control,1,cadical,0,0,0,,,,,,66.625567,SATISFIABLE
017_satisfiable_capacity_control_scale16_phase4b.cnf,satisfiable_capacity_control,1,kissat,0,0,256,,,,,,18.598933,SATISFIABLE
017_satisfiable_capacity_control_scale16_phase4b.cnf,satisfiable_capacity_control,1,lkk_cadical,0,0,0,-1,-1,3856,0,0,0.820031,SATISFIABLE
017_satisfiable_capacity_control_scale16_phase4b.cnf,satisfiable_capacity_control,2,lemma_cadical,0,0,0,-1,-1,3856,0,0,0.670459,SATISFIABLE
017_satisfiable_capacity_control_scale16_phase4b.cnf,satisfiable_capacity_control,2,cadical,0,0,0,,,,,,66.894131,SATISFIABLE
017_satisfiable_capacity_control_scale16_phase4b.cnf,satisfiable_capacity_control,2,kissat,0,0,256,,,,,,18.909859,SATISFIABLE
017_satisfiable_capacity_control_scale16_phase4b.cnf,satisfiable_capacity_control,2,lkk_cadical,0,0,0,-1,-1,3856,0,0,0.808277,SATISFIABLE
017_satisfiable_capacity_control_scale16_phase4b.cnf,satisfiable_capacity_control,2,lkk_kissat,0,0,256,0,-1,-1,-1,-1,24.3138,SATISFIABLE
017_satisfiable_capacity_control_scale16_phase4b.cnf,satisfiable_capacity_control,3,cadical,0,0,0,,,,,,67.341059,SATISFIABLE
017_satisfiable_capacity_control_scale16_phase4b.cnf,satisfiable_capacity_control,3,kissat,0,0,256,,,,,,19.275237,SATISFIABLE
017_satisfiable_capacity_control_scale16_phase4b.cnf,satisfiable_capacity_control,3,lkk_cadical,0,0,0,-1,-1,3856,0,0,1.0551,SATISFIABLE
017_satisfiable_capacity_control_scale16_phase4b.cnf,satisfiable_capacity_control,3,lkk_kissat,0,0,256,0,-1,-1,-1,-1,23.1779,SATISFIABLE
017_satisfiable_capacity_control_scale16_phase4b.cnf,satisfiable_capacity_control,3,lemma_cadical,0,0,0,-1,-1,3856,0,0,0.690863,SATISFIABLE
018_satisfiable_capacity_control_scale24_phase4b.cnf,satisfiable_capacity_control,1,lemma_cadical,0,0,0,-1,-1,13272,0,0,1.76845,SATISFIABLE
018_satisfiable_capacity_control_scale24_phase4b.cnf,satisfiable_capacity_control,1,cadical,0,0,0,,,,,,66.242325,SATISFIABLE
018_satisfiable_capacity_control_scale24_phase4b.cnf,satisfiable_capacity_control,1,kissat,0,0,576,,,,,,35.332722,SATISFIABLE
018_satisfiable_capacity_control_scale24_phase4b.cnf,satisfiable_capacity_control,1,lkk_cadical,0,0,0,-1,-1,13272,0,0,2.65041,SATISFIABLE
018_satisfiable_capacity_control_scale24_phase4b.cnf,satisfiable_capacity_control,1,lkk_kissat,0,0,576,0,-1,-1,-1,-1,25.1765,SATISFIABLE
018_satisfiable_capacity_control_scale24_phase4b.cnf,satisfiable_capacity_control,2,cadical,0,0,0,,,,,,117.88691,SATISFIABLE
018_satisfiable_capacity_control_scale24_phase4b.cnf,satisfiable_capacity_control,2,kissat,0,0,576,,,,,,21.672357,SATISFIABLE
018_satisfiable_capacity_control_scale24_phase4b.cnf,satisfiable_capacity_control,2,lkk_cadical,0,0,0,-1,-1,13272,0,0,2.56957,SATISFIABLE
018_satisfiable_capacity_control_scale24_phase4b.cnf,satisfiable_capacity_control,2,lkk_kissat,0,0,576,0,-1,-1,-1,-1,30.5138,SATISFIABLE
018_satisfiable_capacity_control_scale24_phase4b.cnf,satisfiable_capacity_control,2,lemma_cadical,0,0,0,-1,-1,13272,0,0,1.80648,SATISFIABLE
018_satisfiable_capacity_control_scale24_phase4b.cnf,satisfiable_capacity_control,3,kissat,0,0,576,,,,,,34.854056,SATISFIABLE
018_satisfiable_capacity_control_scale24_phase4b.cnf,satisfiable_capacity_control,3,lkk_cadical,0,0,0,-1,-1,13272,0,0,2.79784,SATISFIABLE
018_satisfiable_capacity_control_scale24_phase4b.cnf,satisfiable_capacity_control,3,lkk_kissat,0,0,576,0,-1,-1,-1,-1,27.1832,SATISFIABLE
018_satisfiable_capacity_control_scale24_phase4b.cnf,satisfiable_capacity_control,3,lemma_cadical,0,0,0,-1,-1,13272,0,0,1.71448,SATISFIABLE
018_satisfiable_capacity_control_scale24_phase4b.cnf,satisfiable_capacity_control,3,cadical,0,0,0,,,,,,66.421815,SATISFIABLE
019_satisfiable_capacity_control_scale32_phase4b.cnf,satisfiable_capacity_control,1,cadical,0,0,0,,,,,,116.893769,SATISFIABLE
019_satisfiable_capacity_control_scale32_phase4b.cnf,satisfiable_capacity_control,1,kissat,0,0,1024,,,,,,18.212227,SATISFIABLE
019_satisfiable_capacity_control_scale32_phase4b.cnf,satisfiable_capacity_control,1,lkk_cadical,0,0,0,-1,-1,31776,0,0,4.46118,SATISFIABLE
019_satisfiable_capacity_control_scale32_phase4b.cnf,satisfiable_capacity_control,1,lkk_kissat,0,0,1024,0,-1,-1,-1,-1,18.7279,SATISFIABLE
019_satisfiable_capacity_control_scale32_phase4b.cnf,satisfiable_capacity_control,1,lemma_cadical,0,0,0,-1,-1,31776,0,0,3.82535,SATISFIABLE
019_satisfiable_capacity_control_scale32_phase4b.cnf,satisfiable_capacity_control,2,kissat,0,0,1024,,,,,,35.63353,SATISFIABLE
019_satisfiable_capacity_control_scale32_phase4b.cnf,satisfiable_capacity_control,2,lkk_cadical,0,0,0,-1,-1,31776,0,0,4.28937,SATISFIABLE
019_satisfiable_capacity_control_scale32_phase4b.cnf,satisfiable_capacity_control,2,lkk_kissat,0,0,1024,0,-1,-1,-1,-1,17.4347,SATISFIABLE
019_satisfiable_capacity_control_scale32_phase4b.cnf,satisfiable_capacity_control,2,lemma_cadical,0,0,0,-1,-1,31776,0,0,3.51269,SATISFIABLE
019_satisfiable_capacity_control_scale32_phase4b.cnf,satisfiable_capacity_control,2,cadical,0,0,0,,,,,,117.268657,SATISFIABLE
019_satisfiable_capacity_control_scale32_phase4b.cnf,satisfiable_capacity_control,3,lkk_cadical,0,0,0,-1,-1,31776,0,0,3.881,SATISFIABLE
019_satisfiable_capacity_control_scale32_phase4b.cnf,satisfiable_capacity_control,3,lkk_kissat,0,0,1024,0,-1,-1,-1,-1,20.1192,SATISFIABLE
019_satisfiable_capacity_control_scale32_phase4b.cnf,satisfiable_capacity_control,3,lemma_cadical,0,0,0,-1,-1,31776,0,0,4.52743,SATISFIABLE
019_satisfiable_capacity_control_scale32_phase4b.cnf,satisfiable_capacity_control,3,cadical,0,0,0,,,,,,168.037351,SATISFIABLE
019_satisfiable_capacity_control_scale32_phase4b.cnf,satisfiable_capacity_control,3,kissat,0,0,1024,,,,,,35.306536,SATISFIABLE
025_hidden_pigeonhole_scale9_phase4b_noise100.cnf,hidden_pigeonhole,1,kissat,6838,22749,252286,,,,,,117.124343,UNSATISFIABLE
025_hidden_pigeonhole_scale9_phase4b_noise100.cnf,hidden_pigeonhole,1,lkk_cadical,45815,56623,452600,-1,-1,1137,2785,10553080,496.274,UNSATISFIABLE
025_hidden_pigeonhole_scale9_phase4b_noise100.cnf,hidden_pigeonhole,1,lkk_kissat,6838,22749,252286,201,-1,-1,-1,-1,105.711,UNSATISFIABLE
025_hidden_pigeonhole_scale9_phase4b_noise100.cnf,hidden_pigeonhole,1,lemma_cadical,49113,54367,473080,-1,-1,1103,3023,9136798,451.49,UNSATISFIABLE
025_hidden_pigeonhole_scale9_phase4b_noise100.cnf,hidden_pigeonhole,1,cadical,4,56623,485374,,,,,,467.599461,UNSATISFIABLE
025_hidden_pigeonhole_scale9_phase4b_noise100.cnf,hidden_pigeonhole,2,lkk_cadical,45199,54941,436291,-1,-1,1160,3505,8980636,391.129,UNSATISFIABLE
025_hidden_pigeonhole_scale9_phase4b_noise100.cnf,hidden_pigeonhole,2,lkk_kissat,7249,26790,269001,331,-1,-1,-1,-1,106.838,UNSATISFIABLE
025_hidden_pigeonhole_scale9_phase4b_noise100.cnf,hidden_pigeonhole,2,lemma_cadical,45296,52063,462385,-1,-1,1140,2801,9897560,430.066,UNSATISFIABLE
025_hidden_pigeonhole_scale9_phase4b_noise100.cnf,hidden_pigeonhole,2,cadical,2,54941,472558,,,,,,417.642279,UNSATISFIABLE
025_hidden_pigeonhole_scale9_phase4b_noise100.cnf,hidden_pigeonhole,2,kissat,7249,26790,269001,,,,,,116.484253,UNSATISFIABLE
025_hidden_pigeonhole_scale9_phase4b_noise100.cnf,hidden_pigeonhole,3,lkk_kissat,7291,26804,283190,505,-1,-1,-1,-1,107.431,UNSATISFIABLE
025_hidden_pigeonhole_scale9_phase4b_noise100.cnf,hidden_pigeonhole,3,lemma_cadical,48534,54182,482390,-1,-1,1138,3518,10995472,519.154,UNSATISFIABLE
025_hidden_pigeonhole_scale9_phase4b_noise100.cnf,hidden_pigeonhole,3,cadical,2,46114,397969,,,,,,418.290714,UNSATISFIABLE
025_hidden_pigeonhole_scale9_phase4b_noise100.cnf,hidden_pigeonhole,3,kissat,7291,26804,283190,,,,,,167.968588,UNSATISFIABLE
025_hidden_pigeonhole_scale9_phase4b_noise100.cnf,hidden_pigeonhole,3,lkk_cadical,37506,46114,365852,-1,-1,1129,2263,6857058,357.007,UNSATISFIABLE
026_hidden_pigeonhole_scale10_phase4b_noise0.cnf,hidden_pigeonhole,1,lkk_cadical,385967,421680,3542071,-1,-1,315,2499,112719722,4099.37,UNSATISFIABLE
026_hidden_pigeonhole_scale10_phase4b_noise0.cnf,hidden_pigeonhole,1,lkk_kissat,15127,36073,569350,333,-1,-1,-1,-1,259.399,UNSATISFIABLE
026_hidden_pigeonhole_scale10_phase4b_noise0.cnf,hidden_pigeonhole,1,lemma_cadical,296085,318908,2778843,-1,-1,520,11335,89609088,3668.53,UNSATISFIABLE
026_hidden_pigeonhole_scale10_phase4b_noise0.cnf,hidden_pigeonhole,1,cadical,20,421680,3778827,,,,,,4685.401028,UNSATISFIABLE
026_hidden_pigeonhole_scale10_phase4b_noise0.cnf,hidden_pigeonhole,1,kissat,15127,36073,569350,,,,,,268.617781,UNSATISFIABLE
026_hidden_pigeonhole_scale10_phase4b_noise0.cnf,hidden_pigeonhole,2,lkk_kissat,12903,33088,373721,366,-1,-1,-1,-1,162.328,UNSATISFIABLE
026_hidden_pigeonhole_scale10_phase4b_noise0.cnf,hidden_pigeonhole,2,lemma_cadical,375046,403695,3587207,-1,-1,418,5127,115921875,4627.75,UNSATISFIABLE
026_hidden_pigeonhole_scale10_phase4b_noise0.cnf,hidden_pigeonhole,2,cadical,18,353764,3273151,,,,,,4235.438858,UNSATISFIABLE
026_hidden_pigeonhole_scale10_phase4b_noise0.cnf,hidden_pigeonhole,2,kissat,12903,33088,373721,,,,,,167.799802,UNSATISFIABLE
026_hidden_pigeonhole_scale10_phase4b_noise0.cnf,hidden_pigeonhole,2,lkk_cadical,323385,353764,3048749,-1,-1,503,13825,112407414,3784.67,UNSATISFIABLE
026_hidden_pigeonhole_scale10_phase4b_noise0.cnf,hidden_pigeonhole,3,lemma_cadical,321030,346503,3005989,-1,-1,546,11176,95232703,3636.51,UNSATISFIABLE
026_hidden_pigeonhole_scale10_phase4b_noise0.cnf,hidden_pigeonhole,3,cadical,18,382847,3477435,,,,,,3780.887382,UNSATISFIABLE
026_hidden_pigeonhole_scale10_phase4b_noise0.cnf,hidden_pigeonhole,3,kissat,13855,35270,510071,,,,,,267.214577,UNSATISFIABLE
026_hidden_pigeonhole_scale10_phase4b_noise0.cnf,hidden_pigeonhole,3,lkk_cadical,346898,382847,3247854,-1,-1,522,11057,109012039,4115.36,UNSATISFIABLE
026_hidden_pigeonhole_scale10_phase4b_noise0.cnf,hidden_pigeonhole,3,lkk_kissat,13855,35270,510071,310,-1,-1,-1,-1,246.515,UNSATISFIABLE
027_hidden_pigeonhole_scale10_phase4b_noise100.cnf,hidden_pigeonhole,1,lkk_kissat,17193,56371,635461,604,-1,-1,-1,-1,313.502,UNSATISFIABLE
027_hidden_pigeonhole_scale10_phase4b_noise100.cnf,hidden_pigeonhole,1,lemma_cadical,,,,,,,,,5038.309996,TIMEOUT
027_hidden_pigeonhole_scale10_phase4b_noise100.cnf,hidden_pigeonhole,1,cadical,,,,,,,,,5038.047346,TIMEOUT
027_hidden_pigeonhole_scale10_phase4b_noise100.cnf,hidden_pigeonhole,1,kissat,17193,56371,635461,,,,,,268.954002,UNSATISFIABLE
027_hidden_pigeonhole_scale10_phase4b_noise100.cnf,hidden_pigeonhole,1,lkk_cadical,374274,416614,3637572,-1,-1,1858,7415,132929548,4570.72,UNSATISFIABLE
027_hidden_pigeonhole_scale10_phase4b_noise100.cnf,hidden_pigeonhole,2,lemma_cadical,408376,438535,3775854,-1,-1,1707,3643,133445148,4532.91,UNSATISFIABLE
027_hidden_pigeonhole_scale10_phase4b_noise100.cnf,hidden_pigeonhole,2,cadical,20,375589,3348162,,,,,,4283.194116,UNSATISFIABLE
027_hidden_pigeonhole_scale10_phase4b_noise100.cnf,hidden_pigeonhole,2,kissat,17827,64453,698936,,,,,,317.961463,UNSATISFIABLE
027_hidden_pigeonhole_scale10_phase4b_noise100.cnf,hidden_pigeonhole,2,lkk_cadical,333746,375589,3149817,-1,-1,1932,8457,108602410,3687.88,UNSATISFIABLE
027_hidden_pigeonhole_scale10_phase4b_noise100.cnf,hidden_pigeonhole,2,lkk_kissat,17827,64453,698936,862,-1,-1,-1,-1,299.671,UNSATISFIABLE
027_hidden_pigeonhole_scale10_phase4b_noise100.cnf,hidden_pigeonhole,3,cadical,22,362841,3253236,,,,,,4536.133083,UNSATISFIABLE
027_hidden_pigeonhole_scale10_phase4b_noise100.cnf,hidden_pigeonhole,3,kissat,15221,45549,555862,,,,,,268.342587,UNSATISFIABLE
027_hidden_pigeonhole_scale10_phase4b_noise100.cnf,hidden_pigeonhole,3,lkk_cadical,324390,362841,3087393,-1,-1,1874,7838,105856804,4517.22,UNSATISFIABLE
027_hidden_pigeonhole_scale10_phase4b_noise100.cnf,hidden_pigeonhole,3,lkk_kissat,15221,45549,555862,166,-1,-1,-1,-1,278.382,UNSATISFIABLE
027_hidden_pigeonhole_scale10_phase4b_noise100.cnf,hidden_pigeonhole,3,lemma_cadical,,,,,,,,,5039.819297,TIMEOUT
028_random_3sat_scale150_uniform.cnf,random_3sat,1,lemma_cadical,4874,5576,142022,-1,-1,610,1981,1873167,69.6557,UNSATISFIABLE
028_random_3sat_scale150_uniform.cnf,random_3sat,1,cadical,0,5576,143802,,,,,,168.947466,UNSATISFIABLE
028_random_3sat_scale150_uniform.cnf,random_3sat,1,kissat,3807,5279,114523,,,,,,117.848222,UNSATISFIABLE
028_random_3sat_scale150_uniform.cnf,random_3sat,1,lkk_cadical,4874,5576,142022,-1,-1,610,1981,1873167,65.5124,UNSATISFIABLE
028_random_3sat_scale150_uniform.cnf,random_3sat,1,lkk_kissat,3807,5279,114523,105,-1,-1,-1,-1,90.2036,UNSATISFIABLE
028_random_3sat_scale150_uniform.cnf,random_3sat,2,cadical,0,5576,143802,,,,,,168.188651,UNSATISFIABLE
028_random_3sat_scale150_uniform.cnf,random_3sat,2,kissat,3865,5366,116779,,,,,,118.30195,UNSATISFIABLE
028_random_3sat_scale150_uniform.cnf,random_3sat,2,lkk_cadical,4874,5576,142022,-1,-1,610,1981,1873167,67.1101,UNSATISFIABLE
028_random_3sat_scale150_uniform.cnf,random_3sat,2,lkk_kissat,3865,5366,116779,106,-1,-1,-1,-1,94.4591,UNSATISFIABLE
028_random_3sat_scale150_uniform.cnf,random_3sat,2,lemma_cadical,4874,5576,142022,-1,-1,610,1981,1873167,56.2546,UNSATISFIABLE
028_random_3sat_scale150_uniform.cnf,random_3sat,3,kissat,4272,5469,127645,,,,,,117.949522,UNSATISFIABLE
028_random_3sat_scale150_uniform.cnf,random_3sat,3,lkk_cadical,4874,5576,142022,-1,-1,610,1981,1873167,62.2648,UNSATISFIABLE
028_random_3sat_scale150_uniform.cnf,random_3sat,3,lkk_kissat,4272,5469,127645,48,-1,-1,-1,-1,101.325,UNSATISFIABLE
028_random_3sat_scale150_uniform.cnf,random_3sat,3,lemma_cadical,4874,5576,142022,-1,-1,610,1981,1873167,64.422,UNSATISFIABLE
028_random_3sat_scale150_uniform.cnf,random_3sat,3,cadical,0,5576,143802,,,,,,117.002946,UNSATISFIABLE
029_random_3sat_scale400_uniform.cnf,random_3sat,1,cadical,38,38568,1652666,,,,,,920.732412,SATISFIABLE
029_random_3sat_scale400_uniform.cnf,random_3sat,1,kissat,2894,5763,176860,,,,,,118.729029,SATISFIABLE
029_random_3sat_scale400_uniform.cnf,random_3sat,1,lkk_cadical,28016,38568,1633967,-1,-1,1674,8197,23772095,714.015,SATISFIABLE
029_random_3sat_scale400_uniform.cnf,random_3sat,1,lkk_kissat,2894,5763,176860,81,-1,-1,-1,-1,115.848,SATISFIABLE
029_random_3sat_scale400_uniform.cnf,random_3sat,1,lemma_cadical,28016,38568,1633967,-1,-1,1674,8197,23772095,857.278,SATISFIABLE
029_random_3sat_scale400_uniform.cnf,random_3sat,2,kissat,2848,5805,179089,,,,,,117.925247,SATISFIABLE
029_random_3sat_scale400_uniform.cnf,random_3sat,2,lkk_cadical,28016,36163,1615302,-1,-1,1674,8345,23412091,736.587,SATISFIABLE
029_random_3sat_scale400_uniform.cnf,random_3sat,2,lkk_kissat,2848,5805,179089,85,-1,-1,-1,-1,110.417,SATISFIABLE
029_random_3sat_scale400_uniform.cnf,random_3sat,2,lemma_cadical,28016,36163,1615302,-1,-1,1674,8345,23412091,907.828,SATISFIABLE
029_random_3sat_scale400_uniform.cnf,random_3sat,2,cadical,66,36163,1633238,,,,,,819.763979,SATISFIABLE
029_random_3sat_scale400_uniform.cnf,random_3sat,3,lkk_cadical,28014,38048,1601736,-1,-1,1674,8092,23934151,827.647,SATISFIABLE
029_random_3sat_scale400_uniform.cnf,random_3sat,3,lkk_kissat,2913,5595,176717,75,-1,-1,-1,-1,126.16,SATISFIABLE
029_random_3sat_scale400_uniform.cnf,random_3sat,3,lemma_cadical,28014,38048,1601736,-1,-1,1674,8092,23934151,794.616,SATISFIABLE
029_random_3sat_scale400_uniform.cnf,random_3sat,3,cadical,84,38048,1620564,,,,,,819.716784,SATISFIABLE
029_random_3sat_scale400_uniform.cnf,random_3sat,3,kissat,2913,5595,176717,,,,,,117.475544,SATISFIABLE
030_random_3sat_scale800_uniform.cnf,random_3sat,1,kissat,,,,,,,,,5036.41988,TIMEOUT
030_random_3sat_scale800_uniform.cnf,random_3sat,1,lkk_cadical,,,,,,,,,5039.931478,TIMEOUT
030_random_3sat_scale800_uniform.cnf,random_3sat,1,lkk_kissat,,,,,,,,,5038.078156,TIMEOUT
030_random_3sat_scale800_uniform.cnf,random_3sat,1,lemma_cadical,,,,,,,,,5038.507556,TIMEOUT
030_random_3sat_scale800_uniform.cnf,random_3sat,1,cadical,,,,,,,,,5036.581863,TIMEOUT
030_random_3sat_scale800_uniform.cnf,random_3sat,2,lkk_cadical,,,,,,,,,5035.279814,TIMEOUT
030_random_3sat_scale800_uniform.cnf,random_3sat,2,lkk_kissat,,,,,,,,,5036.956372,TIMEOUT
030_random_3sat_scale800_uniform.cnf,random_3sat,2,lemma_cadical,,,,,,,,,5037.916168,TIMEOUT
030_random_3sat_scale800_uniform.cnf,random_3sat,2,cadical,,,,,,,,,5037.63701,TIMEOUT
030_random_3sat_scale800_uniform.cnf,random_3sat,2,kissat,,,,,,,,,5036.397969,TIMEOUT
030_random_3sat_scale800_uniform.cnf,random_3sat,3,lkk_kissat,,,,,,,,,5038.530896,TIMEOUT
030_random_3sat_scale800_uniform.cnf,random_3sat,3,lemma_cadical,,,,,,,,,5039.401466,TIMEOUT
030_random_3sat_scale800_uniform.cnf,random_3sat,3,cadical,,,,,,,,,5039.071716,TIMEOUT
030_random_3sat_scale800_uniform.cnf,random_3sat,3,kissat,,,,,,,,,5042.555296,TIMEOUT
030_random_3sat_scale800_uniform.cnf,random_3sat,3,lkk_cadical,,,,,,,,,5038.687911,TIMEOUT
031_random_3sat_scale150_planted_sat.cnf,random_3sat,1,lkk_cadical,114,176,3944,-1,-1,639,101,26715,1.50551,SATISFIABLE
031_random_3sat_scale150_planted_sat.cnf,random_3sat,1,lkk_kissat,295,387,10407,0,-1,-1,-1,-1,54.695,SATISFIABLE
031_random_3sat_scale150_planted_sat.cnf,random_3sat,1,lemma_cadical,114,176,3944,-1,-1,639,101,26715,1.1765,SATISFIABLE
031_random_3sat_scale150_planted_sat.cnf,random_3sat,1,cadical,0,176,3944,,,,,,67.001139,SATISFIABLE
031_random_3sat_scale150_planted_sat.cnf,random_3sat,1,kissat,295,387,10407,,,,,,67.378415,SATISFIABLE
031_random_3sat_scale150_planted_sat.cnf,random_3sat,2,lkk_kissat,295,387,10407,0,-1,-1,-1,-1,46.6629,SATISFIABLE
031_random_3sat_scale150_planted_sat.cnf,random_3sat,2,lemma_cadical,114,176,3944,-1,-1,639,101,26715,1.37808,SATISFIABLE
031_random_3sat_scale150_planted_sat.cnf,random_3sat,2,cadical,0,176,3944,,,,,,67.046573,SATISFIABLE
031_random_3sat_scale150_planted_sat.cnf,random_3sat,2,kissat,295,387,10407,,,,,,69.383035,SATISFIABLE
031_random_3sat_scale150_planted_sat.cnf,random_3sat,2,lkk_cadical,114,176,3944,-1,-1,639,101,26715,1.86092,SATISFIABLE
031_random_3sat_scale150_planted_sat.cnf,random_3sat,3,lemma_cadical,114,176,3944,-1,-1,639,101,26715,1.74299,SATISFIABLE
031_random_3sat_scale150_planted_sat.cnf,random_3sat,3,cadical,0,176,3944,,,,,,67.667467,SATISFIABLE
031_random_3sat_scale150_planted_sat.cnf,random_3sat,3,kissat,295,387,10407,,,,,,67.135615,SATISFIABLE
031_random_3sat_scale150_planted_sat.cnf,random_3sat,3,lkk_cadical,114,176,3944,-1,-1,639,101,26715,1.40779,SATISFIABLE
031_random_3sat_scale150_planted_sat.cnf,random_3sat,3,lkk_kissat,295,387,10407,0,-1,-1,-1,-1,51.8342,SATISFIABLE
032_random_3sat_scale400_planted_sat.cnf,random_3sat,1,lkk_kissat,42495,91241,2759545,1457,-1,-1,-1,-1,1260.25,SATISFIABLE
032_random_3sat_scale400_planted_sat.cnf,random_3sat,1,lemma_cadical,28014,44697,1621262,-1,-1,1703,7280,24813363,759.025,SATISFIABLE
032_random_3sat_scale400_planted_sat.cnf,random_3sat,1,cadical,76,44697,1641857,,,,,,820.153999,SATISFIABLE
032_random_3sat_scale400_planted_sat.cnf,random_3sat,1,kissat,42495,91241,2759545,,,,,,1322.171319,SATISFIABLE
032_random_3sat_scale400_planted_sat.cnf,random_3sat,1,lkk_cadical,28014,44697,1621262,-1,-1,1703,7280,24813363,760.046,SATISFIABLE
032_random_3sat_scale400_planted_sat.cnf,random_3sat,2,lemma_cadical,28011,43679,1612042,-1,-1,1703,7778,24720855,755.364,SATISFIABLE
032_random_3sat_scale400_planted_sat.cnf,random_3sat,2,cadical,84,43679,1631929,,,,,,819.673308,SATISFIABLE
032_random_3sat_scale400_planted_sat.cnf,random_3sat,2,kissat,24441,52178,1546691,,,,,,721.25455,SATISFIABLE
032_random_3sat_scale400_planted_sat.cnf,random_3sat,2,lkk_cadical,28011,43679,1612042,-1,-1,1703,7778,24720855,709.23,SATISFIABLE
032_random_3sat_scale400_planted_sat.cnf,random_3sat,2,lkk_kissat,24441,52178,1546691,834,-1,-1,-1,-1,684.411,SATISFIABLE
032_random_3sat_scale400_planted_sat.cnf,random_3sat,3,cadical,90,42707,1640224,,,,,,820.019481,SATISFIABLE
032_random_3sat_scale400_planted_sat.cnf,random_3sat,3,kissat,64362,127272,4078320,,,,,,1572.739413,SATISFIABLE
032_random_3sat_scale400_planted_sat.cnf,random_3sat,3,lkk_cadical,28013,42707,1620990,-1,-1,1703,8473,24293635,685.891,SATISFIABLE
032_random_3sat_scale400_planted_sat.cnf,random_3sat,3,lkk_kissat,64362,127272,4078320,1762,-1,-1,-1,-1,1610.56,SATISFIABLE
032_random_3sat_scale400_planted_sat.cnf,random_3sat,3,lemma_cadical,28013,42707,1620990,-1,-1,1703,8473,24293635,688.314,SATISFIABLE
033_random_3sat_scale800_planted_sat.cnf,random_3sat,1,lemma_cadical,28017,48108,2580051,-1,-1,3372,8900,28114422,1047.74,SATISFIABLE
033_random_3sat_scale800_planted_sat.cnf,random_3sat,1,cadical,120,48108,2617213,,,,,,1120.810893,SATISFIABLE
033_random_3sat_scale800_planted_sat.cnf,random_3sat,1,kissat,3025,6922,292725,,,,,,116.92518,SATISFIABLE
033_random_3sat_scale800_planted_sat.cnf,random_3sat,1,lkk_cadical,28017,48108,2580051,-1,-1,3372,8900,28114422,1097.04,SATISFIABLE
033_random_3sat_scale800_planted_sat.cnf,random_3sat,1,lkk_kissat,3025,6922,292725,45,-1,-1,-1,-1,126.295,SATISFIABLE
033_random_3sat_scale800_planted_sat.cnf,random_3sat,2,cadical,114,48316,2614388,,,,,,1172.754568,SATISFIABLE
033_random_3sat_scale800_planted_sat.cnf,random_3sat,2,kissat,24989,60626,2603092,,,,,,821.153452,SATISFIABLE
033_random_3sat_scale800_planted_sat.cnf,random_3sat,2,lkk_cadical,28013,48316,2577166,-1,-1,3372,8138,27295092,936.956,SATISFIABLE
033_random_3sat_scale800_planted_sat.cnf,random_3sat,2,lkk_kissat,24989,60626,2603092,476,-1,-1,-1,-1,819.486,SATISFIABLE
033_random_3sat_scale800_planted_sat.cnf,random_3sat,2,lemma_cadical,28013,48316,2577166,-1,-1,3372,8138,27295092,931.129,SATISFIABLE
033_random_3sat_scale800_planted_sat.cnf,random_3sat,3,kissat,25282,66022,2691013,,,,,,769.156885,SATISFIABLE
033_random_3sat_scale800_planted_sat.cnf,random_3sat,3,lkk_cadical,28016,50206,2570483,-1,-1,3372,8644,27883995,1049.61,SATISFIABLE
033_random_3sat_scale800_planted_sat.cnf,random_3sat,3,lkk_kissat,25282,66022,2691013,553,-1,-1,-1,-1,890.112,SATISFIABLE
033_random_3sat_scale800_planted_sat.cnf,random_3sat,3,lemma_cadical,28016,50206,2570483,-1,-1,3372,8644,27883995,1094.24,SATISFIABLE
033_random_3sat_scale800_planted_sat.cnf,random_3sat,3,cadical,126,50206,2608771,,,,,,1171.604635,SATISFIABLE
