set,instance,family,scale,cadical_par2_ms,cadical_timeouts,kissat_par2_ms,kissat_timeouts,lkk_cadical_par2_ms,lkk_cadical_timeouts,lkk_kissat_par2_ms,lkk_kissat_timeouts,lkk_none_par2_ms,lkk_none_timeouts,fallback_used,kissat_process_overhead_ms,kissat_serialize_ms,cadical_over_kissat_fallback,kissat_fallback_faster
accepted14,001_pigeonhole_exact1_boundary_low_scale8_noise0.cnf,pigeonhole_exact1,8,118.21332966666667,0,57.585648,0,35.236933666666665,0,35.560424,0,35.63686966666666,0,False,0.0,0.0,0.990903079970775,False
accepted14,002_pigeonhole_exact1_boundary_high_scale10_noise0.cnf,pigeonhole_exact1,10,4450.597589333333,0,468.4710283333333,0,66.63644566666666,0,84.19799533333334,0,66.82339433333334,0,False,0.0,0.0,0.7914255607019874,False
accepted14,003_exact_r_allocation_boundary_low_scale9_noise0.cnf,exact_r_allocation,9,183.75136533333333,0,167.28950333333333,0,45.466140333333335,0,45.690746,0,45.25499533333333,0,False,0.0,0.0,0.9950842197527994,False
accepted14,004_exact_r_allocation_boundary_high_scale11_noise0.cnf,exact_r_allocation,11,10000.0,3,10000.0,3,10000.0,3,10000.0,3,10000.0,3,,,,1.0,False
accepted14,005_overlapping_hall_violation_boundary_low_scale8_noise0.cnf,overlapping_hall_violation,8,418.737034,0,150.727812,0,753.8497209999999,0,485.58618466666667,0,10000.0,3,True,21.662,2.798173333333333,1.5524529832278573,True
accepted14,006_overlapping_hall_violation_boundary_high_scale9_noise0.cnf,overlapping_hall_violation,9,4032.2625803333335,0,401.74225466666667,0,4367.957265666667,0,820.6441196666667,0,10000.0,3,True,32.88603333333333,4.91179,5.322596191197794,True
accepted14,007_capacity2_violation_boundary_low_scale5_noise0.cnf,capacity2_violation,5,1188.1497136666667,0,268.06006633333334,0,268.41942466666666,0,267.925068,0,285.8214853333333,0,False,0.0,0.0,1.0018451303207905,True
accepted14,008_capacity2_violation_noise100_scale5_noise100.cnf,capacity2_violation,5,1505.7766103333333,0,234.39591066666668,0,335.0916956666667,0,385.23982266666667,0,368.95484733333336,0,False,0.0,0.0,0.8698262120128966,False
accepted14,009_hidden_pigeonhole_visible_noise0_scale9_noise0.cnf,hidden_pigeonhole,9,485.5277996666667,0,134.40127966666665,0,68.25625,0,84.769854,0,67.03100633333334,0,False,0.0,0.0,0.8051948514621718,False
accepted14,010_hidden_pigeonhole_hidden_noise100_scale9_noise100.cnf,hidden_pigeonhole,9,484.832841,0,134.438039,0,486.16154866666665,0,167.232629,0,10000.0,3,True,24.848866666666666,2.63478,2.907097446077145,True
accepted14,011_satisfiable_capacity_control_sat_fallback_scale24_noise0.cnf,satisfiable_capacity_control,24,83.58912,0,24.002946666666666,0,66.75611766666667,0,117.380242,0,10000.0,3,True,7.431663333333333,7.431663333333333,0.5687168174918796,False
accepted14,012_random_3sat_uniform_scale150_noise0.cnf,random_3sat,150,117.96675133333333,0,83.93629966666667,0,67.17098066666667,0,118.080167,0,10000.0,3,True,22.580766666666666,1.8899133333333333,0.5688591265853026,False
accepted14,013_random_3sat_planted_sat_scale400_noise0.cnf,random_3sat,400,887.4810296666667,0,971.2338726666667,0,853.8218653333333,0,1155.1127333333334,0,10000.0,3,True,71.74116666666666,2.2330266666666665,0.7391675640778727,False
accepted14,014_random_3sat_planted_sat_scale800_noise0.cnf,random_3sat,800,971.1163806666666,0,185.53510166666666,0,972.1173753333334,0,234.95993133333334,0,10000.0,3,True,30.848233333333333,3.89344,4.137375125268522,True
expanded,001_exact_r_allocation_scale7_phase4b.cnf,exact_r_allocation,7,66.957918,0,34.767666,0,18.746722,0,18.348213,0,18.308023,0,False,0.0,0.0,1.0217192268260673,True
expanded,002_exact_r_allocation_scale9_phase4b.cnf,exact_r_allocation,9,166.719445,0,167.574737,0,66.912799,0,34.53065,0,34.457203,0,False,0.0,0.0,1.9377798854061539,True
expanded,003_exact_r_allocation_scale11_phase4b.cnf,exact_r_allocation,11,10000.0,1,10000.0,1,10000.0,1,10000.0,1,10000.0,1,,,,1.0,False
expanded,004_exact_r_allocation_scale13_phase4b.cnf,exact_r_allocation,13,10000.0,1,10000.0,1,10000.0,1,10000.0,1,10000.0,1,,,,1.0,False
expanded,005_overlapping_hall_violation_scale6_phase4b.cnf,overlapping_hall_violation,6,66.783596,0,34.941388,0,66.660947,0,66.682347,0,66.981163,0,False,0.0,0.0,0.999679075483051,False
expanded,006_overlapping_hall_violation_scale8_phase4b.cnf,overlapping_hall_violation,8,518.235796,0,116.952987,0,820.459082,0,468.857215,0,10000.0,1,True,19.9241,2.25228,1.7499124589561876,True
expanded,007_overlapping_hall_violation_scale9_phase4b.cnf,overlapping_hall_violation,9,4635.355386,0,418.403311,0,4083.00171,0,820.064764,0,10000.0,1,True,35.7729,3.41146,4.978877143903235,True
expanded,008_overlapping_hall_violation_scale10_phase4b.cnf,overlapping_hall_violation,10,10000.0,1,1873.966886,0,10000.0,1,2577.264128,0,10000.0,1,,-15.1464,2.94132,3.8800834929403094,True
expanded,009_overlapping_hall_violation_scale11_phase4b.cnf,overlapping_hall_violation,11,10000.0,1,10000.0,1,10000.0,1,10000.0,1,10000.0,1,,,,1.0,False
expanded,010_capacity2_violation_scale3_phase4b.cnf,capacity2_violation,3,66.928357,0,18.673021,0,18.315191,0,18.784088,0,19.469682,0,False,0.0,0.0,0.9750375424135576,False
expanded,011_capacity2_violation_scale4_phase4b.cnf,capacity2_violation,4,118.025127,0,34.965043,0,67.006791,0,68.162003,0,67.524904,0,False,0.0,0.0,0.9830519651835937,False
expanded,012_capacity2_violation_scale5_phase4b.cnf,capacity2_violation,5,668.928984,0,268.338354,0,318.691261,0,319.602974,0,267.086446,0,False,0.0,0.0,0.9971473575837251,False
expanded,013_capacity2_violation_scale6_phase4b.cnf,capacity2_violation,6,10000.0,1,2124.561056,0,970.038797,0,1172.304456,0,1222.981307,0,False,0.0,0.0,0.8274632003957852,False
expanded,014_capacity2_violation_scale7_phase4b.cnf,capacity2_violation,7,10000.0,1,10000.0,1,10000.0,1,10000.0,1,10000.0,1,,,,1.0,False
expanded,015_capacity2_violation_scale8_phase4b.cnf,capacity2_violation,8,10000.0,1,10000.0,1,10000.0,1,10000.0,1,10000.0,1,,,,1.0,False
expanded,016_satisfiable_capacity_control_scale8_phase4b.cnf,satisfiable_capacity_control,8,67.653258,0,18.509256,0,36.399441,0,67.997741,0,10000.0,1,True,2.49168,2.49168,0.5353036801619631,False
expanded,017_satisfiable_capacity_control_scale16_phase4b.cnf,satisfiable_capacity_control,16,67.595471,0,19.846839,0,68.017586,0,118.141234,0,10000.0,1,True,3.41869,3.41869,0.5757311287268253,False
expanded,018_satisfiable_capacity_control_scale24_phase4b.cnf,satisfiable_capacity_control,24,118.223639,0,37.521694,0,68.346023,0,168.083995,0,10000.0,1,True,8.09468,8.09468,0.40661826844370286,False
expanded,019_satisfiable_capacity_control_scale32_phase4b.cnf,satisfiable_capacity_control,32,116.978151,0,18.138334,0,117.816675,0,116.902286,0,10000.0,1,True,9.11786,9.11786,1.007821823090782,True
expanded,020_hidden_pigeonhole_scale7_phase4b_noise0.cnf,hidden_pigeonhole,7,66.820495,0,35.381202,0,35.63591,0,35.532167,0,35.32712,0,False,0.0,0.0,1.0029196924578228,True
expanded,021_hidden_pigeonhole_scale7_phase4b_noise100.cnf,hidden_pigeonhole,7,67.568998,0,67.232829,0,35.973494,0,35.398271,0,35.022086,0,False,0.0,0.0,1.0162500309690268,True
expanded,022_hidden_pigeonhole_scale8_phase4b_noise0.cnf,hidden_pigeonhole,8,117.291265,0,67.055163,0,35.765682,0,35.390074,0,35.216486,0,False,0.0,0.0,1.0106133714216026,True
expanded,023_hidden_pigeonhole_scale8_phase4b_noise100.cnf,hidden_pigeonhole,8,118.977638,0,117.697576,0,67.970299,0,67.076255,0,69.482286,0,False,0.0,0.0,1.0133287703673974,True
expanded,024_hidden_pigeonhole_scale9_phase4b_noise0.cnf,hidden_pigeonhole,9,418.16675,0,167.688366,0,67.139306,0,66.525226,0,67.601393,0,False,0.0,0.0,1.0092307841239052,True
expanded,025_hidden_pigeonhole_scale9_phase4b_noise100.cnf,hidden_pigeonhole,9,568.427443,0,117.167283,0,519.661194,0,218.521977,0,10000.0,1,True,28.9803,2.97068,2.378072911174513,True
expanded,026_hidden_pigeonhole_scale10_phase4b_noise0.cnf,hidden_pigeonhole,10,3729.034842,0,268.190879,0,4332.896027,0,318.919763,0,10000.0,1,True,32.7686,2.88215,13.586163448265198,True
expanded,027_hidden_pigeonhole_scale10_phase4b_noise100.cnf,hidden_pigeonhole,10,4533.250671,0,268.422574,0,4584.028155,0,317.35896,0,10000.0,1,True,30.9738,3.07136,14.44430040670665,True
expanded,028_random_3sat_scale150_uniform.cnf,random_3sat,150,117.307963,0,119.83185,0,119.473771,0,116.906394,0,10000.0,1,True,20.2472,1.54117,1.0219609630590436,True
expanded,029_random_3sat_scale400_uniform.cnf,random_3sat,400,770.44702,0,117.217224,0,669.781754,0,116.868523,0,10000.0,1,True,15.5063,2.19842,5.731070580912536,True
expanded,030_random_3sat_scale800_uniform.cnf,random_3sat,800,10000.0,1,10000.0,1,10000.0,1,10000.0,1,10000.0,1,,,,1.0,False
expanded,031_random_3sat_scale150_planted_sat.cnf,random_3sat,150,68.05741,0,67.54618,0,18.307402,0,117.564976,0,10000.0,1,True,24.3196,1.97664,0.15572156455847871,False
expanded,032_random_3sat_scale400_planted_sat.cnf,random_3sat,400,819.080289,0,1120.913187,0,820.682268,0,1171.788127,0,10000.0,1,True,129.606,2.65763,0.7003674547386842,False
expanded,033_random_3sat_scale800_planted_sat.cnf,random_3sat,800,1070.671365,0,117.757545,0,970.399278,0,182.664177,0,10000.0,1,True,30.8337,3.14957,5.312477213307128,True
