set,instance,family,scale,seed,solver,parse_ms,gate_ms,recovery_ms,registry_ms,flow_ms,witness_ms,fallback_ms,fallback_serialize_ms,fallback_solver_self_ms,fallback_overhead_ms,runtime_ms,structural_result,fallback_used,peak_rss_kb
accepted14,001_pigeonhole_exact1_boundary_low_scale8_noise0.cnf,pigeonhole_exact1,8,1,lkk_cadical,2.21792,0.06038,0.119874,11.2331,0.018374,3.71886,0,0,0,0,35.272377,UNSAT,False,4160
accepted14,001_pigeonhole_exact1_boundary_low_scale8_noise0.cnf,pigeonhole_exact1,8,1,lkk_kissat,2.48864,0.069125,0.127391,10.1418,0.013573,2.97886,0,0,0,0,35.444232,UNSAT,False,4176
accepted14,001_pigeonhole_exact1_boundary_low_scale8_noise0.cnf,pigeonhole_exact1,8,1,lkk_none,2.26966,0.062428,0.123621,10.0531,0.017412,2.63655,0,0,0,0,36.002382,UNSAT,False,4076
accepted14,001_pigeonhole_exact1_boundary_low_scale8_noise0.cnf,pigeonhole_exact1,8,2,lkk_cadical,2.22698,0.060302,0.129893,9.87345,0.012669,2.49273,0,0,0,0,34.992437,UNSAT,False,4116
accepted14,001_pigeonhole_exact1_boundary_low_scale8_noise0.cnf,pigeonhole_exact1,8,2,lkk_kissat,2.01755,0.058189,0.127184,9.14908,0.014112,3.00125,0,0,0,0,35.101438,UNSAT,False,4168
accepted14,001_pigeonhole_exact1_boundary_low_scale8_noise0.cnf,pigeonhole_exact1,8,2,lkk_none,2.51483,0.086373,0.134313,10.1455,0.012736,2.74911,0,0,0,0,35.359728,UNSAT,False,4212
accepted14,001_pigeonhole_exact1_boundary_low_scale8_noise0.cnf,pigeonhole_exact1,8,3,lkk_kissat,2.77866,0.08459,0.156267,12.1,0.016327,3.67295,0,0,0,0,36.135602,UNSAT,False,4160
accepted14,001_pigeonhole_exact1_boundary_low_scale8_noise0.cnf,pigeonhole_exact1,8,3,lkk_none,2.53114,0.082899,0.141415,11.3853,0.015755,3.38582,0,0,0,0,35.548499,UNSAT,False,4268
accepted14,001_pigeonhole_exact1_boundary_low_scale8_noise0.cnf,pigeonhole_exact1,8,3,lkk_cadical,2.51696,0.097256,0.144399,10.4971,0.014195,3.06437,0,0,0,0,35.445987,UNSAT,False,4072
accepted14,002_pigeonhole_exact1_boundary_high_scale10_noise0.cnf,pigeonhole_exact1,10,1,lkk_cadical,2.52186,0.111191,0.238712,46.0574,0.023235,5.01929,0,0,0,0,66.807389,UNSAT,False,4300
accepted14,002_pigeonhole_exact1_boundary_high_scale10_noise0.cnf,pigeonhole_exact1,10,1,lkk_kissat,2.52645,0.136247,0.288559,47.9523,0.022646,3.76982,0,0,0,0,67.403054,UNSAT,False,4188
accepted14,002_pigeonhole_exact1_boundary_high_scale10_noise0.cnf,pigeonhole_exact1,10,1,lkk_none,2.6765,0.123918,0.242865,48.1041,0.022128,4.6723,0,0,0,0,67.385281,UNSAT,False,4400
accepted14,002_pigeonhole_exact1_boundary_high_scale10_noise0.cnf,pigeonhole_exact1,10,2,lkk_kissat,2.44992,0.11346,0.26104,59.8314,0.025218,6.54061,0,0,0,0,117.968125,UNSAT,False,4264
accepted14,002_pigeonhole_exact1_boundary_high_scale10_noise0.cnf,pigeonhole_exact1,10,2,lkk_none,1.85413,0.131057,0.209202,47.0425,0.022533,5.51167,0,0,0,0,66.642744,UNSAT,False,4252
accepted14,002_pigeonhole_exact1_boundary_high_scale10_noise0.cnf,pigeonhole_exact1,10,2,lkk_cadical,1.98582,0.099967,0.199421,43.2661,0.021443,4.46781,0,0,0,0,66.564549,UNSAT,False,4452
accepted14,002_pigeonhole_exact1_boundary_high_scale10_noise0.cnf,pigeonhole_exact1,10,3,lkk_none,2.0792,0.113934,0.204618,49.4127,0.020213,4.29754,0,0,0,0,66.442158,UNSAT,False,4196
accepted14,002_pigeonhole_exact1_boundary_high_scale10_noise0.cnf,pigeonhole_exact1,10,3,lkk_cadical,2.26003,0.129974,0.199691,39.3086,0.017914,3.78208,0,0,0,0,66.537399,UNSAT,False,4260
accepted14,002_pigeonhole_exact1_boundary_high_scale10_noise0.cnf,pigeonhole_exact1,10,3,lkk_kissat,2.14,0.105432,0.23224,45.0214,0.02013,6.40865,0,0,0,0,67.222807,UNSAT,False,4344
accepted14,003_exact_r_allocation_boundary_low_scale9_noise0.cnf,exact_r_allocation,9,1,lkk_kissat,1.86089,0.106768,0.159472,19.2391,0.01955,3.97627,0,0,0,0,34.264727,UNSAT,False,4152
accepted14,003_exact_r_allocation_boundary_low_scale9_noise0.cnf,exact_r_allocation,9,1,lkk_none,1.89339,0.108829,0.164566,16.9154,0.010843,2.95724,0,0,0,0,34.436742,UNSAT,False,4256
accepted14,003_exact_r_allocation_boundary_low_scale9_noise0.cnf,exact_r_allocation,9,1,lkk_cadical,2.14399,0.107001,0.159151,18.841,0.012977,3.55609,0,0,0,0,34.332644,UNSAT,False,4148
accepted14,003_exact_r_allocation_boundary_low_scale9_noise0.cnf,exact_r_allocation,9,2,lkk_none,1.92157,0.097063,0.178328,21.8019,0.016438,5.27447,0,0,0,0,67.022408,UNSAT,False,4304
accepted14,003_exact_r_allocation_boundary_low_scale9_noise0.cnf,exact_r_allocation,9,2,lkk_cadical,2.48575,0.117113,0.186359,23.9008,0.021368,4.2393,0,0,0,0,67.621811,UNSAT,False,4196
accepted14,003_exact_r_allocation_boundary_low_scale9_noise0.cnf,exact_r_allocation,9,2,lkk_kissat,3.56799,0.180416,0.231483,23.6617,0.015256,4.20816,0,0,0,0,68.812514,UNSAT,False,4280
accepted14,003_exact_r_allocation_boundary_low_scale9_noise0.cnf,exact_r_allocation,9,3,lkk_cadical,1.88846,0.09401,0.156727,17.9408,0.012464,3.27645,0,0,0,0,34.443966,UNSAT,False,4048
accepted14,003_exact_r_allocation_boundary_low_scale9_noise0.cnf,exact_r_allocation,9,3,lkk_kissat,1.87326,0.104411,0.162662,18.552,0.013267,4.43597,0,0,0,0,33.994997,UNSAT,False,4216
accepted14,003_exact_r_allocation_boundary_low_scale9_noise0.cnf,exact_r_allocation,9,3,lkk_none,1.81652,0.097866,0.163241,18.325,0.011259,2.83083,0,0,0,0,34.305836,UNSAT,False,4252
accepted14,004_exact_r_allocation_boundary_high_scale11_noise0.cnf,exact_r_allocation,11,1,lkk_none,2.48404,0.229445,0.348834,27.0783,0,0,0,0,0,0,66.752258,UNKNOWN,True,4428
accepted14,004_exact_r_allocation_boundary_high_scale11_noise0.cnf,exact_r_allocation,11,1,lkk_cadical,,,,,,,,,,,5038.040132,,,1728
accepted14,004_exact_r_allocation_boundary_high_scale11_noise0.cnf,exact_r_allocation,11,1,lkk_kissat,,,,,,,,,,,5036.377105,,,1652
accepted14,004_exact_r_allocation_boundary_high_scale11_noise0.cnf,exact_r_allocation,11,2,lkk_cadical,,,,,,,,,,,5036.265025,,,1760
accepted14,004_exact_r_allocation_boundary_high_scale11_noise0.cnf,exact_r_allocation,11,2,lkk_kissat,,,,,,,,,,,5036.585575,,,1660
accepted14,004_exact_r_allocation_boundary_high_scale11_noise0.cnf,exact_r_allocation,11,2,lkk_none,3.19875,0.245255,0.475056,33.2189,0,0,0,0,0,0,67.975323,UNKNOWN,True,4416
accepted14,004_exact_r_allocation_boundary_high_scale11_noise0.cnf,exact_r_allocation,11,3,lkk_cadical,,,,,,,,,,,5037.74524,,,1668
accepted14,004_exact_r_allocation_boundary_high_scale11_noise0.cnf,exact_r_allocation,11,3,lkk_kissat,,,,,,,,,,,5037.323318,,,1756
accepted14,004_exact_r_allocation_boundary_high_scale11_noise0.cnf,exact_r_allocation,11,3,lkk_none,2.44389,0.200268,0.352409,29.189,0,0,0,0,0,0,67.001529,UNKNOWN,True,4556
accepted14,005_overlapping_hall_violation_boundary_low_scale8_noise0.cnf,overlapping_hall_violation,8,1,lkk_cadical,2.15022,0.120184,0.289539,325.402,0,0,423.116,0,423.116,0,769.754118,UNKNOWN,True,6864
accepted14,005_overlapping_hall_violation_boundary_low_scale8_noise0.cnf,overlapping_hall_violation,8,1,lkk_kissat,2.50632,0.177887,0.35223,342.64,0,0,108.029,2.29694,90,20.326,519.373185,UNKNOWN,True,4236
accepted14,005_overlapping_hall_violation_boundary_low_scale8_noise0.cnf,overlapping_hall_violation,8,1,lkk_none,3.228,0.175348,0.358058,454.069,0,0,0,0,0,0,469.67389,UNKNOWN,True,4504
accepted14,005_overlapping_hall_violation_boundary_low_scale8_noise0.cnf,overlapping_hall_violation,8,2,lkk_cadical,3.06844,0.186885,0.411958,403.215,0,0,346.947,0,346.947,0,771.509203,UNKNOWN,True,6192
accepted14,005_overlapping_hall_violation_boundary_low_scale8_noise0.cnf,overlapping_hall_violation,8,2,lkk_kissat,2.2809,0.137224,0.322255,295.89,0,0,129.012,3.06274,110,22.0749,468.409142,UNKNOWN,True,4512
accepted14,005_overlapping_hall_violation_boundary_low_scale8_noise0.cnf,overlapping_hall_violation,8,2,lkk_none,4.04664,0.176006,0.44153,345.686,0,0,0,0,0,0,369.441238,UNKNOWN,True,4492
accepted14,005_overlapping_hall_violation_boundary_low_scale8_noise0.cnf,overlapping_hall_violation,8,3,lkk_cadical,3.67297,0.169322,0.395471,351.037,0,0,336.714,0,336.714,0,720.285842,UNKNOWN,True,6680
accepted14,005_overlapping_hall_violation_boundary_low_scale8_noise0.cnf,overlapping_hall_violation,8,3,lkk_kissat,3.00507,0.171402,0.415668,315.177,0,0,99.5502,3.03484,80,22.5851,468.976227,UNKNOWN,True,4512
accepted14,005_overlapping_hall_violation_boundary_low_scale8_noise0.cnf,overlapping_hall_violation,8,3,lkk_none,3.15453,0.174996,0.368406,357.92,0,0,0,0,0,0,419.231592,UNKNOWN,True,4304
accepted14,006_overlapping_hall_violation_boundary_high_scale9_noise0.cnf,overlapping_hall_violation,9,1,lkk_cadical,3.50603,0.246587,0.524678,425.661,0,0,4160.9,0,4160.9,0,4636.693835,UNKNOWN,True,10052
accepted14,006_overlapping_hall_violation_boundary_high_scale9_noise0.cnf,overlapping_hall_violation,9,1,lkk_kissat,4.27967,0.311606,0.616686,515.528,0,0,378.154,3.11214,340,41.266,972.426006,UNKNOWN,True,4620
accepted14,006_overlapping_hall_violation_boundary_high_scale9_noise0.cnf,overlapping_hall_violation,9,1,lkk_none,2.77488,0.23853,0.518933,425.657,0,0,0,0,0,0,469.482898,UNKNOWN,True,4560
accepted14,006_overlapping_hall_violation_boundary_high_scale9_noise0.cnf,overlapping_hall_violation,9,2,lkk_cadical,2.86333,0.256207,0.465539,483.014,0,0,4122.74,0,4122.74,0,4635.471021,UNKNOWN,True,10616
accepted14,006_overlapping_hall_violation_boundary_high_scale9_noise0.cnf,overlapping_hall_violation,9,2,lkk_kissat,2.40174,0.188354,0.414172,354.795,0,0,312.823,3.6197,290,26.4425,718.909219,UNKNOWN,True,4712
accepted14,006_overlapping_hall_violation_boundary_high_scale9_noise0.cnf,overlapping_hall_violation,9,2,lkk_none,2.52482,0.215609,0.396035,394.683,0,0,0,0,0,0,418.304917,UNKNOWN,True,4572
accepted14,006_overlapping_hall_violation_boundary_high_scale9_noise0.cnf,overlapping_hall_violation,9,3,lkk_kissat,3.17141,0.265852,0.527218,376.694,0,0,342.946,8.00353,320,30.9496,770.597134,UNKNOWN,True,4544
accepted14,006_overlapping_hall_violation_boundary_high_scale9_noise0.cnf,overlapping_hall_violation,9,3,lkk_none,4.10557,0.295877,0.551973,430.303,0,0,0,0,0,0,470.118163,UNKNOWN,True,4536
accepted14,006_overlapping_hall_violation_boundary_high_scale9_noise0.cnf,overlapping_hall_violation,9,3,lkk_cadical,2.58285,0.24159,0.459403,375.157,0,0,3411.47,0,3411.47,0,3831.706941,UNKNOWN,True,8980
accepted14,007_capacity2_violation_boundary_low_scale5_noise0.cnf,capacity2_violation,5,1,lkk_cadical,2.60417,0.138194,0.327182,218.079,0.013913,5.55797,0,0,0,0,268.249753,UNSAT,False,4368
accepted14,007_capacity2_violation_boundary_low_scale5_noise0.cnf,capacity2_violation,5,1,lkk_kissat,2.03838,0.121167,0.309555,206.409,0.013596,4.67325,0,0,0,0,267.74463,UNSAT,False,4316
accepted14,007_capacity2_violation_boundary_low_scale5_noise0.cnf,capacity2_violation,5,1,lkk_none,2.22238,0.143085,0.280733,230.642,0.015037,4.2215,0,0,0,0,268.111102,UNSAT,False,4328
accepted14,007_capacity2_violation_boundary_low_scale5_noise0.cnf,capacity2_violation,5,2,lkk_kissat,2.63945,0.131261,0.288246,250.317,0.016716,5.3765,0,0,0,0,268.319258,UNSAT,False,4524
accepted14,007_capacity2_violation_boundary_low_scale5_noise0.cnf,capacity2_violation,5,2,lkk_none,2.82319,0.141091,0.30027,228.366,0.014373,5.98982,0,0,0,0,268.069199,UNSAT,False,4480
accepted14,007_capacity2_violation_boundary_low_scale5_noise0.cnf,capacity2_violation,5,2,lkk_cadical,2.4625,0.13434,0.316156,233.424,0.016766,14.1152,0,0,0,0,269.06937,UNSAT,False,4364
accepted14,007_capacity2_violation_boundary_low_scale5_noise0.cnf,capacity2_violation,5,3,lkk_none,4.37001,0.235168,0.502368,260.055,0.018397,6.27137,0,0,0,0,321.284155,UNSAT,False,4460
accepted14,007_capacity2_violation_boundary_low_scale5_noise0.cnf,capacity2_violation,5,3,lkk_cadical,2.59552,0.142333,0.312465,217.448,0.012963,5.04926,0,0,0,0,267.939151,UNSAT,False,4384
accepted14,007_capacity2_violation_boundary_low_scale5_noise0.cnf,capacity2_violation,5,3,lkk_kissat,2.14356,0.120699,0.267246,221.072,0.014485,4.77577,0,0,0,0,267.711316,UNSAT,False,4528
accepted14,008_capacity2_violation_noise100_scale5_noise100.cnf,capacity2_violation,5,1,lkk_kissat,3.02125,0.355675,0.719554,349.255,0.014345,7.66201,0,0,0,0,419.822867,UNSAT,False,4576
accepted14,008_capacity2_violation_noise100_scale5_noise100.cnf,capacity2_violation,5,1,lkk_none,4.36127,0.462274,0.886159,342.454,0.026214,7.58064,0,0,0,0,369.650255,UNSAT,False,4612
accepted14,008_capacity2_violation_noise100_scale5_noise100.cnf,capacity2_violation,5,1,lkk_cadical,3.46386,0.410111,0.82398,303.631,0.016143,6.84645,0,0,0,0,368.890734,UNSAT,False,4444
accepted14,008_capacity2_violation_noise100_scale5_noise100.cnf,capacity2_violation,5,2,lkk_none,3.12505,0.388794,0.683111,313.565,0.014426,7.31707,0,0,0,0,368.33164,UNSAT,False,4720
accepted14,008_capacity2_violation_noise100_scale5_noise100.cnf,capacity2_violation,5,2,lkk_cadical,3.7226,0.444293,0.82893,291.796,0.013478,6.95867,0,0,0,0,318.82678,UNSAT,False,4784
accepted14,008_capacity2_violation_noise100_scale5_noise100.cnf,capacity2_violation,5,2,lkk_kissat,2.71302,0.309995,0.629997,303.324,0.013304,6.42944,0,0,0,0,368.123176,UNSAT,False,4684
accepted14,008_capacity2_violation_noise100_scale5_noise100.cnf,capacity2_violation,5,3,lkk_cadical,2.35929,0.315249,0.623335,291.139,0.018822,6.99589,0,0,0,0,317.557573,UNSAT,False,4712
accepted14,008_capacity2_violation_noise100_scale5_noise100.cnf,capacity2_violation,5,3,lkk_kissat,2.5399,0.35407,0.634482,305.398,0.020102,6.6232,0,0,0,0,367.773425,UNSAT,False,4496
accepted14,008_capacity2_violation_noise100_scale5_noise100.cnf,capacity2_violation,5,3,lkk_none,3.69454,0.386455,0.74542,319.856,0.014397,6.82689,0,0,0,0,368.882647,UNSAT,False,4596
accepted14,009_hidden_pigeonhole_visible_noise0_scale9_noise0.cnf,hidden_pigeonhole,9,1,lkk_none,2.299,0.171799,0.939781,36.3712,0.01919,6.0558,0,0,0,0,66.651049,UNSAT,False,4608
accepted14,009_hidden_pigeonhole_visible_noise0_scale9_noise0.cnf,hidden_pigeonhole,9,1,lkk_cadical,3.00064,0.192201,1.05439,34.5413,0.020321,7.07386,0,0,0,0,67.935739,UNSAT,False,4436
accepted14,009_hidden_pigeonhole_visible_noise0_scale9_noise0.cnf,hidden_pigeonhole,9,1,lkk_kissat,3.81306,0.292856,1.36849,44.5129,0.021543,7.68475,0,0,0,0,119.06197,UNSAT,False,4652
accepted14,009_hidden_pigeonhole_visible_noise0_scale9_noise0.cnf,hidden_pigeonhole,9,2,lkk_cadical,2.50517,0.199171,1.11955,38.7237,0.02371,8.09272,0,0,0,0,68.801746,UNSAT,False,4544
accepted14,009_hidden_pigeonhole_visible_noise0_scale9_noise0.cnf,hidden_pigeonhole,9,2,lkk_kissat,2.57016,0.204094,1.12194,40.5626,0.028719,9.83835,0,0,0,0,68.49248,UNSAT,False,4648
accepted14,009_hidden_pigeonhole_visible_noise0_scale9_noise0.cnf,hidden_pigeonhole,9,2,lkk_none,5.46802,0.221352,1.24286,34.3103,0.019458,6.66739,0,0,0,0,67.455362,UNSAT,False,4644
accepted14,009_hidden_pigeonhole_visible_noise0_scale9_noise0.cnf,hidden_pigeonhole,9,3,lkk_cadical,3.21334,0.225928,1.14136,33.6006,0.016275,5.90795,0,0,0,0,68.031265,UNSAT,False,4680
accepted14,009_hidden_pigeonhole_visible_noise0_scale9_noise0.cnf,hidden_pigeonhole,9,3,lkk_kissat,2.18089,0.170925,0.952183,36.9211,0.022096,7.58804,0,0,0,0,66.755112,UNSAT,False,4696
accepted14,009_hidden_pigeonhole_visible_noise0_scale9_noise0.cnf,hidden_pigeonhole,9,3,lkk_none,2.39942,0.179646,1.08822,34.6362,0.018765,7.48756,0,0,0,0,66.986608,UNSAT,False,4532
accepted14,010_hidden_pigeonhole_hidden_noise100_scale9_noise100.cnf,hidden_pigeonhole,9,1,lkk_cadical,3.71739,0.458786,1.63478,12.1932,0,0,408.468,0,408.468,0,469.774102,UNKNOWN,True,7356
accepted14,010_hidden_pigeonhole_hidden_noise100_scale9_noise100.cnf,hidden_pigeonhole,9,1,lkk_kissat,3.53816,0.390659,1.47933,14.3285,0,0,114.517,3.28786,90,27.8052,167.770952,UNKNOWN,True,4920
accepted14,010_hidden_pigeonhole_hidden_noise100_scale9_noise100.cnf,hidden_pigeonhole,9,1,lkk_none,3.1513,0.391417,1.45507,14.4496,0,0,0,0,0,0,35.672336,UNKNOWN,True,4776
accepted14,010_hidden_pigeonhole_hidden_noise100_scale9_noise100.cnf,hidden_pigeonhole,9,2,lkk_cadical,4.55784,0.547029,2.14493,17.5849,0,0,443.337,0,443.337,0,519.918157,UNKNOWN,True,7192
accepted14,010_hidden_pigeonhole_hidden_noise100_scale9_noise100.cnf,hidden_pigeonhole,9,2,lkk_kissat,3.50598,0.415367,1.58838,11.689,0,0,103.822,2.4354,80,26.2569,167.129028,UNKNOWN,True,4740
accepted14,010_hidden_pigeonhole_hidden_noise100_scale9_noise100.cnf,hidden_pigeonhole,9,2,lkk_none,3.01833,0.394866,1.49653,11.605,0,0,0,0,0,0,34.464432,UNKNOWN,True,4736
accepted14,010_hidden_pigeonhole_hidden_noise100_scale9_noise100.cnf,hidden_pigeonhole,9,3,lkk_cadical,3.84616,0.471562,1.84252,12.3974,0,0,434.838,0,434.838,0,468.792387,UNKNOWN,True,7284
accepted14,010_hidden_pigeonhole_hidden_noise100_scale9_noise100.cnf,hidden_pigeonhole,9,3,lkk_kissat,2.92591,0.391633,1.46989,11.5846,0,0,108.303,2.18108,90,20.4845,166.797907,UNKNOWN,True,4936
accepted14,010_hidden_pigeonhole_hidden_noise100_scale9_noise100.cnf,hidden_pigeonhole,9,3,lkk_none,2.73525,0.382346,1.43586,12.0899,0,0,0,0,0,0,34.117046,UNKNOWN,True,4936
accepted14,011_satisfiable_capacity_control_sat_fallback_scale24_noise0.cnf,satisfiable_capacity_control,24,1,lkk_cadical,8.01613,1.58529,2.98206,19.4558,0,0,2.44603,0,2.44603,0,66.707993,UNKNOWN,True,8592
accepted14,011_satisfiable_capacity_control_sat_fallback_scale24_noise0.cnf,satisfiable_capacity_control,24,1,lkk_kissat,7.63153,1.60405,3.30469,22.9448,0,0,30.0519,7.40375,0,7.40375,117.422145,UNKNOWN,True,7252
accepted14,011_satisfiable_capacity_control_sat_fallback_scale24_noise0.cnf,satisfiable_capacity_control,24,1,lkk_none,10.4466,2.1653,3.83221,22.1036,0,0,0,0,0,0,67.637632,UNKNOWN,True,6920
accepted14,011_satisfiable_capacity_control_sat_fallback_scale24_noise0.cnf,satisfiable_capacity_control,24,2,lkk_cadical,8.36872,1.61667,3.28345,18.4008,0,0,1.99855,0,1.99855,0,67.037035,UNKNOWN,True,8532
accepted14,011_satisfiable_capacity_control_sat_fallback_scale24_noise0.cnf,satisfiable_capacity_control,24,2,lkk_kissat,12.3819,2.20568,4.12636,25.4386,0,0,35.3358,8.46617,0,8.46617,117.784598,UNKNOWN,True,7332
accepted14,011_satisfiable_capacity_control_sat_fallback_scale24_noise0.cnf,satisfiable_capacity_control,24,2,lkk_none,9.29501,1.76817,3.07934,16.1301,0,0,0,0,0,0,67.417448,UNKNOWN,True,7024
accepted14,011_satisfiable_capacity_control_sat_fallback_scale24_noise0.cnf,satisfiable_capacity_control,24,3,lkk_kissat,7.96361,1.63581,3.7108,23.0343,0,0,30.5218,6.42507,0,6.42507,116.933983,UNKNOWN,True,7320
accepted14,011_satisfiable_capacity_control_sat_fallback_scale24_noise0.cnf,satisfiable_capacity_control,24,3,lkk_none,11.5536,2.09348,3.83891,25.1557,0,0,0,0,0,0,68.855883,UNKNOWN,True,6976
accepted14,011_satisfiable_capacity_control_sat_fallback_scale24_noise0.cnf,satisfiable_capacity_control,24,3,lkk_cadical,7.52046,1.69763,3.00318,16.5426,0,0,1.99005,0,1.99005,0,66.523325,UNKNOWN,True,8652
accepted14,012_random_3sat_uniform_scale150_noise0.cnf,random_3sat,150,1,lkk_cadical,2.28637,0.141491,0.259364,0.581183,0,0,26.902,0,26.902,0,66.596397,UNKNOWN,True,5968
accepted14,012_random_3sat_uniform_scale150_noise0.cnf,random_3sat,150,1,lkk_kissat,2.75215,0.169964,0.292021,0.666718,0,0,84.7113,2.18888,60,26.9002,118.042469,UNKNOWN,True,4272
accepted14,012_random_3sat_uniform_scale150_noise0.cnf,random_3sat,150,1,lkk_none,2.81319,0.19235,0.287938,0.663784,0,0,0,0,0,0,19.241652,UNKNOWN,True,4320
accepted14,012_random_3sat_uniform_scale150_noise0.cnf,random_3sat,150,2,lkk_kissat,2.40245,0.14088,0.253699,0.666679,0,0,64.485,1.66128,50,16.1463,118.299489,UNKNOWN,True,4324
accepted14,012_random_3sat_uniform_scale150_noise0.cnf,random_3sat,150,2,lkk_none,2.09243,0.149799,0.242757,0.603044,0,0,0,0,0,0,18.62741,UNKNOWN,True,4176
accepted14,012_random_3sat_uniform_scale150_noise0.cnf,random_3sat,150,2,lkk_cadical,1.93325,0.142809,0.252651,0.597173,0,0,31.6617,0,31.6617,0,67.150771,UNKNOWN,True,5872
accepted14,012_random_3sat_uniform_scale150_noise0.cnf,random_3sat,150,3,lkk_none,2.84898,0.162114,0.252974,0.646528,0,0,0,0,0,0,19.540788,UNKNOWN,True,4188
accepted14,012_random_3sat_uniform_scale150_noise0.cnf,random_3sat,150,3,lkk_cadical,2.34189,0.143185,0.244521,0.59776,0,0,31.6865,0,31.6865,0,67.765774,UNKNOWN,True,5984
accepted14,012_random_3sat_uniform_scale150_noise0.cnf,random_3sat,150,3,lkk_kissat,2.95771,0.154613,0.30222,0.667951,0,0,82.8762,1.81958,60,24.6958,117.898543,UNKNOWN,True,4168
accepted14,013_random_3sat_planted_sat_scale400_noise0.cnf,random_3sat,400,1,lkk_kissat,2.7955,0.354548,0.558107,3.50108,0,0,106.253,1.84705,90,18.1005,166.990027,UNKNOWN,True,4520
accepted14,013_random_3sat_planted_sat_scale400_noise0.cnf,random_3sat,400,1,lkk_none,2.83653,0.366121,0.56905,3.66458,0,0,0,0,0,0,18.268534,UNKNOWN,True,4464
accepted14,013_random_3sat_planted_sat_scale400_noise0.cnf,random_3sat,400,1,lkk_cadical,2.68614,0.349277,0.559727,3.50721,0,0,748.72,0,748.72,0,769.343038,UNKNOWN,True,8932
accepted14,013_random_3sat_planted_sat_scale400_noise0.cnf,random_3sat,400,2,lkk_none,3.03126,0.350792,0.596868,3.52826,0,0,0,0,0,0,18.087409,UNKNOWN,True,4608
accepted14,013_random_3sat_planted_sat_scale400_noise0.cnf,random_3sat,400,2,lkk_cadical,2.71213,0.385157,0.596267,3.7477,0,0,774.316,0,774.316,0,820.1186,UNKNOWN,True,8572
accepted14,013_random_3sat_planted_sat_scale400_noise0.cnf,random_3sat,400,2,lkk_kissat,2.63058,0.349495,0.576858,3.58382,0,0,2431.72,2.16239,2000,433.878,2477.400987,UNKNOWN,True,5592
accepted14,013_random_3sat_planted_sat_scale400_noise0.cnf,random_3sat,400,3,lkk_cadical,4.2238,0.467087,0.621842,3.90533,0,0,906.105,0,906.105,0,972.003958,UNKNOWN,True,8628
accepted14,013_random_3sat_planted_sat_scale400_noise0.cnf,random_3sat,400,3,lkk_kissat,3.52428,0.490515,0.747577,4.59156,0,0,760.556,2.68964,1000,-236.755,820.947186,UNKNOWN,True,4704
accepted14,013_random_3sat_planted_sat_scale400_noise0.cnf,random_3sat,400,3,lkk_none,3.56448,0.490726,0.719722,4.55616,0,0,0,0,0,0,19.252489,UNKNOWN,True,4476
accepted14,014_random_3sat_planted_sat_scale800_noise0.cnf,random_3sat,800,1,lkk_none,5.47692,1.02691,1.64867,23.1014,0,0,0,0,0,0,68.08834,UNKNOWN,True,4908
accepted14,014_random_3sat_planted_sat_scale800_noise0.cnf,random_3sat,800,1,lkk_cadical,6.58714,1.14274,1.84868,28.8628,0,0,791.4,0,791.4,0,872.658939,UNKNOWN,True,10020
accepted14,014_random_3sat_planted_sat_scale800_noise0.cnf,random_3sat,800,1,lkk_kissat,4.46072,0.818198,1.32205,19.1993,0,0,130.464,3.39616,100,33.8599,217.706002,UNKNOWN,True,4768
accepted14,014_random_3sat_planted_sat_scale800_noise0.cnf,random_3sat,800,2,lkk_cadical,5.20397,0.984127,1.64772,20.5689,0,0,763.394,0,763.394,0,821.183199,UNKNOWN,True,9972
accepted14,014_random_3sat_planted_sat_scale800_noise0.cnf,random_3sat,800,2,lkk_kissat,4.5032,1.00878,1.70114,19.8457,0,0,179.278,4.71473,150,33.9929,268.945094,UNKNOWN,True,4816
accepted14,014_random_3sat_planted_sat_scale800_noise0.cnf,random_3sat,800,2,lkk_none,5.1613,1.05109,1.45087,18.0592,0,0,0,0,0,0,68.532074,UNKNOWN,True,4844
accepted14,014_random_3sat_planted_sat_scale800_noise0.cnf,random_3sat,800,3,lkk_cadical,4.73637,0.974984,1.59194,20.2251,0,0,1143.96,0,1143.96,0,1222.509988,UNKNOWN,True,10604
accepted14,014_random_3sat_planted_sat_scale800_noise0.cnf,random_3sat,800,3,lkk_kissat,4.63186,0.936832,1.47657,18.2653,0,0,121.123,3.56943,100,24.6919,218.228698,UNKNOWN,True,4932
accepted14,014_random_3sat_planted_sat_scale800_noise0.cnf,random_3sat,800,3,lkk_none,3.4543,0.694055,1.2181,15.979,0,0,0,0,0,0,34.605379,UNKNOWN,True,4724
expanded,001_exact_r_allocation_scale7_phase4b.cnf,exact_r_allocation,7,1,lkk_cadical,1.3556,0.04959,0.132416,3.7212,0.008883,1.87557,0,0,0,0,18.746722,UNSAT,False,4148
expanded,001_exact_r_allocation_scale7_phase4b.cnf,exact_r_allocation,7,1,lkk_kissat,1.22174,0.044067,0.077784,2.97917,0.008214,1.7823,0,0,0,0,18.348213,UNSAT,False,4212
expanded,001_exact_r_allocation_scale7_phase4b.cnf,exact_r_allocation,7,1,lkk_none,1.54112,0.051639,0.07536,2.98689,0.008112,1.93862,0,0,0,0,18.308023,UNSAT,False,4056
expanded,002_exact_r_allocation_scale9_phase4b.cnf,exact_r_allocation,9,1,lkk_cadical,1.48271,0.116232,0.16093,22.6427,0.013432,3.27572,0,0,0,0,66.912799,UNSAT,False,4300
expanded,002_exact_r_allocation_scale9_phase4b.cnf,exact_r_allocation,9,1,lkk_kissat,1.44856,0.095092,0.156591,20.2318,0.015242,4.66347,0,0,0,0,34.53065,UNSAT,False,4304
expanded,002_exact_r_allocation_scale9_phase4b.cnf,exact_r_allocation,9,1,lkk_none,1.50129,0.102718,0.17872,19.5142,0.013532,3.81875,0,0,0,0,34.457203,UNSAT,False,4280
expanded,003_exact_r_allocation_scale11_phase4b.cnf,exact_r_allocation,11,1,lkk_kissat,,,,,,,,,,,5037.481627,,,1744
expanded,003_exact_r_allocation_scale11_phase4b.cnf,exact_r_allocation,11,1,lkk_none,2.38707,0.286291,0.454625,32.2852,0,0,0,0,0,0,67.758948,UNKNOWN,True,4452
expanded,003_exact_r_allocation_scale11_phase4b.cnf,exact_r_allocation,11,1,lkk_cadical,,,,,,,,,,,5036.392283,,,1756
expanded,004_exact_r_allocation_scale13_phase4b.cnf,exact_r_allocation,13,1,lkk_none,3.10036,0.469553,0.741386,31.3406,0,0,0,0,0,0,67.562376,UNKNOWN,True,4508
expanded,004_exact_r_allocation_scale13_phase4b.cnf,exact_r_allocation,13,1,lkk_cadical,,,,,,,,,,,5039.422148,,,1700
expanded,004_exact_r_allocation_scale13_phase4b.cnf,exact_r_allocation,13,1,lkk_kissat,,,,,,,,,,,5037.44016,,,1652
expanded,005_overlapping_hall_violation_scale6_phase4b.cnf,overlapping_hall_violation,6,1,lkk_cadical,1.93901,0.079964,0.155379,46.5627,0.018313,3.42566,0,0,0,0,66.660947,UNSAT,False,4164
expanded,005_overlapping_hall_violation_scale6_phase4b.cnf,overlapping_hall_violation,6,1,lkk_kissat,1.37568,0.069839,0.13335,37.7326,0.019228,4.10223,0,0,0,0,66.682347,UNSAT,False,4092
expanded,005_overlapping_hall_violation_scale6_phase4b.cnf,overlapping_hall_violation,6,1,lkk_none,1.32317,0.064711,0.136116,44.3703,0.021301,4.53391,0,0,0,0,66.981163,UNSAT,False,4140
expanded,006_overlapping_hall_violation_scale8_phase4b.cnf,overlapping_hall_violation,8,1,lkk_cadical,1.67311,0.124005,0.290743,331.136,0,0,434.418,0,434.418,0,820.459082,UNKNOWN,True,7012
expanded,006_overlapping_hall_violation_scale8_phase4b.cnf,overlapping_hall_violation,8,1,lkk_kissat,1.66081,0.127597,0.304893,302.084,0,0,117.672,2.25228,100,19.9241,468.857215,UNKNOWN,True,4352
expanded,006_overlapping_hall_violation_scale8_phase4b.cnf,overlapping_hall_violation,8,1,lkk_none,1.96266,0.137717,0.325612,319.066,0,0,0,0,0,0,368.789215,UNKNOWN,True,4236
expanded,007_overlapping_hall_violation_scale9_phase4b.cnf,overlapping_hall_violation,9,1,lkk_cadical,2.1096,0.182146,0.40176,366.507,0,0,3670.84,0,3670.84,0,4083.00171,UNKNOWN,True,10252
expanded,007_overlapping_hall_violation_scale9_phase4b.cnf,overlapping_hall_violation,9,1,lkk_kissat,1.97346,0.195651,0.404692,381.569,0,0,362.361,3.41146,330,35.7729,820.064764,UNKNOWN,True,4712
expanded,007_overlapping_hall_violation_scale9_phase4b.cnf,overlapping_hall_violation,9,1,lkk_none,2.04615,0.187657,0.402585,391.012,0,0,0,0,0,0,418.769676,UNKNOWN,True,4428
expanded,008_overlapping_hall_violation_scale10_phase4b.cnf,overlapping_hall_violation,10,1,lkk_kissat,2.97592,0.287526,0.841447,557.032,0,0,1981.91,2.94132,2000,-15.1464,2577.264128,UNKNOWN,True,5844
expanded,008_overlapping_hall_violation_scale10_phase4b.cnf,overlapping_hall_violation,10,1,lkk_none,2.70711,0.328318,0.687214,528.489,0,0,0,0,0,0,569.855834,UNKNOWN,True,4556
expanded,008_overlapping_hall_violation_scale10_phase4b.cnf,overlapping_hall_violation,10,1,lkk_cadical,,,,,,,,,,,5035.508673,,,1744
expanded,009_overlapping_hall_violation_scale11_phase4b.cnf,overlapping_hall_violation,11,1,lkk_none,2.73696,0.334593,0.700044,329.166,0,0,0,0,0,0,367.655783,UNKNOWN,True,4884
expanded,009_overlapping_hall_violation_scale11_phase4b.cnf,overlapping_hall_violation,11,1,lkk_cadical,,,,,,,,,,,5038.218041,,,1684
expanded,009_overlapping_hall_violation_scale11_phase4b.cnf,overlapping_hall_violation,11,1,lkk_kissat,,,,,,,,,,,5037.820109,,,1596
expanded,010_capacity2_violation_scale3_phase4b.cnf,capacity2_violation,3,1,lkk_cadical,1.75403,0.027918,0.06868,3.88466,0.009202,2.13381,0,0,0,0,18.315191,UNSAT,False,4032
expanded,010_capacity2_violation_scale3_phase4b.cnf,capacity2_violation,3,1,lkk_kissat,1.39928,0.033142,0.061266,3.44648,0.011938,1.94601,0,0,0,0,18.784088,UNSAT,False,4212
expanded,010_capacity2_violation_scale3_phase4b.cnf,capacity2_violation,3,1,lkk_none,1.78636,0.029279,0.064944,3.99237,0.008604,2.41609,0,0,0,0,19.469682,UNSAT,False,4000
expanded,011_capacity2_violation_scale4_phase4b.cnf,capacity2_violation,4,1,lkk_cadical,1.35556,0.058441,0.124737,41.6743,0.0142,3.6337,0,0,0,0,67.006791,UNSAT,False,4264
expanded,011_capacity2_violation_scale4_phase4b.cnf,capacity2_violation,4,1,lkk_kissat,2.15685,0.076152,0.166107,40.1981,0.016898,3.97267,0,0,0,0,68.162003,UNSAT,False,4268
expanded,011_capacity2_violation_scale4_phase4b.cnf,capacity2_violation,4,1,lkk_none,1.7063,0.077988,0.138762,34.4189,0.029813,3.96726,0,0,0,0,67.524904,UNSAT,False,4276
expanded,012_capacity2_violation_scale5_phase4b.cnf,capacity2_violation,5,1,lkk_cadical,2.5023,0.177315,0.36994,251.256,0.016518,5.32188,0,0,0,0,318.691261,UNSAT,False,4472
expanded,012_capacity2_violation_scale5_phase4b.cnf,capacity2_violation,5,1,lkk_kissat,2.32456,0.176988,0.351994,257.263,0.014257,4.78407,0,0,0,0,319.602974,UNSAT,False,4464
expanded,012_capacity2_violation_scale5_phase4b.cnf,capacity2_violation,5,1,lkk_none,1.7144,0.127272,0.28511,238.154,0.014193,5.33032,0,0,0,0,267.086446,UNSAT,False,4376
expanded,013_capacity2_violation_scale6_phase4b.cnf,capacity2_violation,6,1,lkk_kissat,2.66429,0.252826,0.559037,1141.94,0.025175,8.61298,0,0,0,0,1172.304456,UNSAT,False,4676
expanded,013_capacity2_violation_scale6_phase4b.cnf,capacity2_violation,6,1,lkk_none,3.45295,0.287936,0.70251,1197.17,0.024194,8.099,0,0,0,0,1222.981307,UNSAT,False,4864
expanded,013_capacity2_violation_scale6_phase4b.cnf,capacity2_violation,6,1,lkk_cadical,2.35001,0.365509,0.599829,952.487,0.01825,6.42362,0,0,0,0,970.038797,UNSAT,False,4796
expanded,014_capacity2_violation_scale7_phase4b.cnf,capacity2_violation,7,1,lkk_none,2.98078,0.426346,0.905176,3413.6,0,0,0,0,0,0,3429.138194,UNKNOWN,True,5100
expanded,014_capacity2_violation_scale7_phase4b.cnf,capacity2_violation,7,1,lkk_cadical,,,,,,,,,,,5036.950732,,,1700
expanded,014_capacity2_violation_scale7_phase4b.cnf,capacity2_violation,7,1,lkk_kissat,,,,,,,,,,,5037.407413,,,1736
expanded,015_capacity2_violation_scale8_phase4b.cnf,capacity2_violation,8,1,lkk_cadical,,,,,,,,,,,5035.794477,,,1728
expanded,015_capacity2_violation_scale8_phase4b.cnf,capacity2_violation,8,1,lkk_kissat,,,,,,,,,,,5036.605264,,,1728
expanded,015_capacity2_violation_scale8_phase4b.cnf,capacity2_violation,8,1,lkk_none,4.20912,0.739394,1.42493,3035.83,0,0,0,0,0,0,3077.722635,UNKNOWN,True,5804
expanded,016_satisfiable_capacity_control_scale8_phase4b.cnf,satisfiable_capacity_control,8,1,lkk_cadical,2.4057,0.075064,0.146521,13.5299,0.019909,0,0.278041,0,0.278041,0,36.399441,FEASIBLE,True,4964
expanded,016_satisfiable_capacity_control_scale8_phase4b.cnf,satisfiable_capacity_control,8,1,lkk_kissat,2.16332,0.110525,0.187141,16.1023,0.018742,0,14.4207,2.49168,0,2.49168,67.997741,FEASIBLE,True,4280
expanded,016_satisfiable_capacity_control_scale8_phase4b.cnf,satisfiable_capacity_control,8,1,lkk_none,2.00859,0.072822,0.187669,12.1844,0.020707,0,0,0,0,0,35.050309,FEASIBLE,True,4228
expanded,017_satisfiable_capacity_control_scale16_phase4b.cnf,satisfiable_capacity_control,16,1,lkk_cadical,4.38858,0.426238,0.956878,21.6657,0,0,1.03562,0,1.03562,0,68.017586,UNKNOWN,True,6000
expanded,017_satisfiable_capacity_control_scale16_phase4b.cnf,satisfiable_capacity_control,16,1,lkk_kissat,4.09949,0.493122,1.08391,19.0201,0,0,19.3188,3.41869,0,3.41869,118.141234,UNKNOWN,True,4896
expanded,017_satisfiable_capacity_control_scale16_phase4b.cnf,satisfiable_capacity_control,16,1,lkk_none,4.08047,0.574483,1.12523,21.7192,0,0,0,0,0,0,68.121747,UNKNOWN,True,4860
expanded,018_satisfiable_capacity_control_scale24_phase4b.cnf,satisfiable_capacity_control,24,1,lkk_kissat,9.61366,2.38146,3.88974,37.9449,0,0,32.1891,8.09468,0,8.09468,168.083995,UNKNOWN,True,7460
expanded,018_satisfiable_capacity_control_scale24_phase4b.cnf,satisfiable_capacity_control,24,1,lkk_none,10.7026,2.22254,4.43204,20.928,0,0,0,0,0,0,67.747024,UNKNOWN,True,6988
expanded,018_satisfiable_capacity_control_scale24_phase4b.cnf,satisfiable_capacity_control,24,1,lkk_cadical,11.0424,2.30839,6.64617,28.2986,0,0,2.67043,0,2.67043,0,68.346023,UNKNOWN,True,8456
expanded,019_satisfiable_capacity_control_scale32_phase4b.cnf,satisfiable_capacity_control,32,1,lkk_none,20.8544,4.65992,8.12498,21.8974,0,0,0,0,0,0,117.212445,UNKNOWN,True,11480
expanded,019_satisfiable_capacity_control_scale32_phase4b.cnf,satisfiable_capacity_control,32,1,lkk_cadical,21.2814,5.4166,8.9074,19.9789,0,0,4.74747,0,4.74747,0,117.816675,UNKNOWN,True,14296
expanded,019_satisfiable_capacity_control_scale32_phase4b.cnf,satisfiable_capacity_control,32,1,lkk_kissat,17.0311,4.78751,9.22294,19.3091,0,0,15.9104,9.11786,0,9.11786,116.902286,UNKNOWN,True,11732
expanded,020_hidden_pigeonhole_scale7_phase4b_noise0.cnf,hidden_pigeonhole,7,1,lkk_cadical,2.04767,0.108231,0.560061,6.21333,0.011772,3.41973,0,0,0,0,35.63591,UNSAT,False,4388
expanded,020_hidden_pigeonhole_scale7_phase4b_noise0.cnf,hidden_pigeonhole,7,1,lkk_kissat,2.11637,0.10102,0.539145,6.54036,0.012844,4.22387,0,0,0,0,35.532167,UNSAT,False,4112
expanded,020_hidden_pigeonhole_scale7_phase4b_noise0.cnf,hidden_pigeonhole,7,1,lkk_none,2.27886,0.106705,0.516643,6.75382,0.013012,4.13885,0,0,0,0,35.32712,UNSAT,False,4232
expanded,021_hidden_pigeonhole_scale7_phase4b_noise100.cnf,hidden_pigeonhole,7,1,lkk_cadical,2.44615,0.247754,0.772248,8.16047,0.01264,4.94563,0,0,0,0,35.973494,UNSAT,False,4384
expanded,021_hidden_pigeonhole_scale7_phase4b_noise100.cnf,hidden_pigeonhole,7,1,lkk_kissat,1.60876,0.24679,0.735974,7.06552,0.010372,3.77131,0,0,0,0,35.398271,UNSAT,False,4548
expanded,021_hidden_pigeonhole_scale7_phase4b_noise100.cnf,hidden_pigeonhole,7,1,lkk_none,1.91934,0.197348,0.602658,6.65133,0.010707,5.25919,0,0,0,0,35.022086,UNSAT,False,4340
expanded,022_hidden_pigeonhole_scale8_phase4b_noise0.cnf,hidden_pigeonhole,8,1,lkk_cadical,2.1695,0.180713,0.837551,15.1843,0.016038,5.25594,0,0,0,0,35.765682,UNSAT,False,4524
expanded,022_hidden_pigeonhole_scale8_phase4b_noise0.cnf,hidden_pigeonhole,8,1,lkk_kissat,1.95659,0.145753,0.859387,16.0026,0.014178,4.29464,0,0,0,0,35.390074,UNSAT,False,4476
expanded,022_hidden_pigeonhole_scale8_phase4b_noise0.cnf,hidden_pigeonhole,8,1,lkk_none,1.88108,0.117704,0.677279,14.3885,0.015077,4.85751,0,0,0,0,35.216486,UNSAT,False,4520
expanded,023_hidden_pigeonhole_scale8_phase4b_noise100.cnf,hidden_pigeonhole,8,1,lkk_kissat,2.43898,0.342662,1.12005,20.3755,0.015332,6.45269,0,0,0,0,67.076255,UNSAT,False,4612
expanded,023_hidden_pigeonhole_scale8_phase4b_noise100.cnf,hidden_pigeonhole,8,1,lkk_none,3.95732,0.57589,1.92486,24.5937,0.017184,8.55823,0,0,0,0,69.482286,UNSAT,False,4736
expanded,023_hidden_pigeonhole_scale8_phase4b_noise100.cnf,hidden_pigeonhole,8,1,lkk_cadical,2.98141,0.374897,1.27452,22.9383,0.016259,7.05891,0,0,0,0,67.970299,UNSAT,False,4660
expanded,024_hidden_pigeonhole_scale9_phase4b_noise0.cnf,hidden_pigeonhole,9,1,lkk_none,2.91498,0.259415,1.29953,38.5208,0.019472,7.47822,0,0,0,0,67.601393,UNSAT,False,4544
expanded,024_hidden_pigeonhole_scale9_phase4b_noise0.cnf,hidden_pigeonhole,9,1,lkk_cadical,2.2233,0.21157,1.20365,34.7358,0.017369,5.78036,0,0,0,0,67.139306,UNSAT,False,4648
expanded,024_hidden_pigeonhole_scale9_phase4b_noise0.cnf,hidden_pigeonhole,9,1,lkk_kissat,1.83166,0.169326,0.938761,27.6617,0.014587,5.24606,0,0,0,0,66.525226,UNSAT,False,4608
expanded,025_hidden_pigeonhole_scale9_phase4b_noise100.cnf,hidden_pigeonhole,9,1,lkk_cadical,3.30972,0.536321,1.80073,13.9457,0,0,477.124,0,477.124,0,519.661194,UNKNOWN,True,7512
expanded,025_hidden_pigeonhole_scale9_phase4b_noise100.cnf,hidden_pigeonhole,9,1,lkk_kissat,3.21338,0.523667,1.9137,13.9284,0,0,126.01,2.97068,100,28.9803,218.521977,UNKNOWN,True,4800
expanded,025_hidden_pigeonhole_scale9_phase4b_noise100.cnf,hidden_pigeonhole,9,1,lkk_none,3.07002,0.466199,1.80748,13.6889,0,0,0,0,0,0,34.867121,UNKNOWN,True,4672
expanded,026_hidden_pigeonhole_scale10_phase4b_noise0.cnf,hidden_pigeonhole,10,1,lkk_cadical,2.38846,0.293878,1.79985,18.5699,0,0,4259.29,0,4259.29,0,4332.896027,UNKNOWN,True,9932
expanded,026_hidden_pigeonhole_scale10_phase4b_noise0.cnf,hidden_pigeonhole,10,1,lkk_kissat,2.68616,0.269679,1.82562,19.2749,0,0,229.886,2.88215,200,32.7686,318.919763,UNKNOWN,True,4736
expanded,026_hidden_pigeonhole_scale10_phase4b_noise0.cnf,hidden_pigeonhole,10,1,lkk_none,2.102,0.232541,1.52263,16.4699,0,0,0,0,0,0,34.350193,UNKNOWN,True,4736
expanded,027_hidden_pigeonhole_scale10_phase4b_noise100.cnf,hidden_pigeonhole,10,1,lkk_cadical,3.32956,0.590156,2.14032,13.4582,0,0,4522.37,0,4522.37,0,4584.028155,UNKNOWN,True,12112
expanded,027_hidden_pigeonhole_scale10_phase4b_noise100.cnf,hidden_pigeonhole,10,1,lkk_kissat,2.87701,0.549334,2.14611,11.165,0,0,237.902,3.07136,210,30.9738,317.35896,UNKNOWN,True,5088
expanded,027_hidden_pigeonhole_scale10_phase4b_noise100.cnf,hidden_pigeonhole,10,1,lkk_none,2.69428,0.560721,2.20303,11.9229,0,0,0,0,0,0,34.300346,UNKNOWN,True,5080
expanded,028_random_3sat_scale150_uniform.cnf,random_3sat,150,1,lkk_kissat,1.47976,0.129466,0.21886,0.508941,0,0,68.706,1.54117,50,20.2472,116.906394,UNKNOWN,True,4340
expanded,028_random_3sat_scale150_uniform.cnf,random_3sat,150,1,lkk_none,1.48466,0.139512,0.229187,0.54918,0,0,0,0,0,0,9.872272,UNKNOWN,True,4192
expanded,028_random_3sat_scale150_uniform.cnf,random_3sat,150,1,lkk_cadical,2.56556,0.193856,0.33587,0.709805,0,0,66.2958,0,66.2958,0,119.473771,UNKNOWN,True,6116
expanded,029_random_3sat_scale400_uniform.cnf,random_3sat,400,1,lkk_none,2.92464,0.476085,0.756495,5.44812,0,0,0,0,0,0,35.91775,UNKNOWN,True,4600
expanded,029_random_3sat_scale400_uniform.cnf,random_3sat,400,1,lkk_cadical,2.22925,0.347432,0.575793,4.09424,0,0,639.394,0,639.394,0,669.781754,UNKNOWN,True,8668
expanded,029_random_3sat_scale400_uniform.cnf,random_3sat,400,1,lkk_kissat,2.48919,0.359277,0.563941,4.05939,0,0,83.3079,2.19842,70,15.5063,116.868523,UNKNOWN,True,4608
expanded,030_random_3sat_scale800_uniform.cnf,random_3sat,800,1,lkk_cadical,,,,,,,,,,,5036.940481,,,1708
expanded,030_random_3sat_scale800_uniform.cnf,random_3sat,800,1,lkk_kissat,,,,,,,,,,,5035.98871,,,1736
expanded,030_random_3sat_scale800_uniform.cnf,random_3sat,800,1,lkk_none,3.48317,0.721812,1.23188,17.2067,0,0,0,0,0,0,34.805503,UNKNOWN,True,4828
expanded,031_random_3sat_scale150_planted_sat.cnf,random_3sat,150,1,lkk_cadical,1.88176,0.162592,0.290469,0.867238,0,0,1.24118,0,1.24118,0,18.307402,UNKNOWN,True,5176
expanded,031_random_3sat_scale150_planted_sat.cnf,random_3sat,150,1,lkk_kissat,2.18128,0.159924,0.270315,0.61534,0,0,52.3429,1.97664,30,24.3196,117.564976,UNKNOWN,True,4392
expanded,031_random_3sat_scale150_planted_sat.cnf,random_3sat,150,1,lkk_none,1.88998,0.156156,0.24585,0.628421,0,0,0,0,0,0,19.358327,UNKNOWN,True,4180
expanded,032_random_3sat_scale400_planted_sat.cnf,random_3sat,400,1,lkk_cadical,2.87621,0.425651,0.635079,3.4163,0,0,758.037,0,758.037,0,820.682268,UNKNOWN,True,8616
expanded,032_random_3sat_scale400_planted_sat.cnf,random_3sat,400,1,lkk_kissat,3.08508,0.524191,0.78948,4.64072,0,0,1126.95,2.65763,1000,129.606,1171.788127,UNKNOWN,True,5004
expanded,032_random_3sat_scale400_planted_sat.cnf,random_3sat,400,1,lkk_none,2.02915,0.340045,0.558021,2.99832,0,0,0,0,0,0,17.921894,UNKNOWN,True,4404
expanded,033_random_3sat_scale800_planted_sat.cnf,random_3sat,800,1,lkk_kissat,2.88729,0.698913,1.20732,12.9027,0,0,107.684,3.14957,80,30.8337,182.664177,UNKNOWN,True,4980
expanded,033_random_3sat_scale800_planted_sat.cnf,random_3sat,800,1,lkk_none,3.50579,0.713833,1.22185,17.2849,0,0,0,0,0,0,68.640536,UNKNOWN,True,4880
expanded,033_random_3sat_scale800_planted_sat.cnf,random_3sat,800,1,lkk_cadical,2.9367,0.713944,1.21154,15.0895,0,0,925.412,0,925.412,0,970.399278,UNKNOWN,True,10784
