configuration,instance,family,runtime_ms,status,structural_result,registry_status,family_checks
budget=100000,000_pigeonhole_exact1_s6_n0.cnf,pigeonhole_exact1,10.180366,UNSATISFIABLE,UNSAT,COMPLETE,2301
budget=100000,001_pigeonhole_exact1_s7_n0.cnf,pigeonhole_exact1,10.69013,UNSATISFIABLE,UNSAT,COMPLETE,5383
budget=100000,002_pigeonhole_exact1_s9_n0.cnf,pigeonhole_exact1,18.863046,UNSATISFIABLE,UNSAT,COMPLETE,20961
budget=100000,003_pigeonhole_exact1_s11_n0.cnf,pigeonhole_exact1,18.527414,UNSATISFIABLE,UNSAT,COMPLETE,60951
budget=100000,004_exact_r_allocation_s5_n0.cnf,exact_r_allocation,11.113038,UNSATISFIABLE,UNSAT,COMPLETE,270
budget=100000,005_exact_r_allocation_s7_n0.cnf,exact_r_allocation,11.521306,UNSATISFIABLE,UNSAT,COMPLETE,1610
budget=200000,000_pigeonhole_exact1_s6_n0.cnf,pigeonhole_exact1,11.09182,UNSATISFIABLE,UNSAT,COMPLETE,2301
budget=200000,001_pigeonhole_exact1_s7_n0.cnf,pigeonhole_exact1,10.955752,UNSATISFIABLE,UNSAT,COMPLETE,5383
budget=200000,002_pigeonhole_exact1_s9_n0.cnf,pigeonhole_exact1,19.082037,UNSATISFIABLE,UNSAT,COMPLETE,20961
budget=200000,003_pigeonhole_exact1_s11_n0.cnf,pigeonhole_exact1,36.200824,UNSATISFIABLE,UNSAT,COMPLETE,60951
budget=200000,004_exact_r_allocation_s5_n0.cnf,exact_r_allocation,10.141056,UNSATISFIABLE,UNSAT,COMPLETE,270
budget=200000,005_exact_r_allocation_s7_n0.cnf,exact_r_allocation,11.074745,UNSATISFIABLE,UNSAT,COMPLETE,1610
budget=300000,000_pigeonhole_exact1_s6_n0.cnf,pigeonhole_exact1,10.645253,UNSATISFIABLE,UNSAT,COMPLETE,2301
budget=300000,001_pigeonhole_exact1_s7_n0.cnf,pigeonhole_exact1,10.808917,UNSATISFIABLE,UNSAT,COMPLETE,5383
budget=300000,002_pigeonhole_exact1_s9_n0.cnf,pigeonhole_exact1,18.943658,UNSATISFIABLE,UNSAT,COMPLETE,20961
budget=300000,003_pigeonhole_exact1_s11_n0.cnf,pigeonhole_exact1,19.092574,UNSATISFIABLE,UNSAT,COMPLETE,60951
budget=300000,004_exact_r_allocation_s5_n0.cnf,exact_r_allocation,10.1652,UNSATISFIABLE,UNSAT,COMPLETE,270
budget=300000,005_exact_r_allocation_s7_n0.cnf,exact_r_allocation,10.063056,UNSATISFIABLE,UNSAT,COMPLETE,1610
budget=500000,000_pigeonhole_exact1_s6_n0.cnf,pigeonhole_exact1,10.706072,UNSATISFIABLE,UNSAT,COMPLETE,2301
budget=500000,001_pigeonhole_exact1_s7_n0.cnf,pigeonhole_exact1,10.529027,UNSATISFIABLE,UNSAT,COMPLETE,5383
budget=500000,002_pigeonhole_exact1_s9_n0.cnf,pigeonhole_exact1,18.805286,UNSATISFIABLE,UNSAT,COMPLETE,20961
budget=500000,003_pigeonhole_exact1_s11_n0.cnf,pigeonhole_exact1,18.918598,UNSATISFIABLE,UNSAT,COMPLETE,60951
budget=500000,004_exact_r_allocation_s5_n0.cnf,exact_r_allocation,11.316796,UNSATISFIABLE,UNSAT,COMPLETE,270
budget=500000,005_exact_r_allocation_s7_n0.cnf,exact_r_allocation,10.156052,UNSATISFIABLE,UNSAT,COMPLETE,1610
budget=1000000,000_pigeonhole_exact1_s6_n0.cnf,pigeonhole_exact1,11.590441,UNSATISFIABLE,UNSAT,COMPLETE,2301
budget=1000000,001_pigeonhole_exact1_s7_n0.cnf,pigeonhole_exact1,19.794967,UNSATISFIABLE,UNSAT,COMPLETE,5383
budget=1000000,002_pigeonhole_exact1_s9_n0.cnf,pigeonhole_exact1,20.292727,UNSATISFIABLE,UNSAT,COMPLETE,20961
budget=1000000,003_pigeonhole_exact1_s11_n0.cnf,pigeonhole_exact1,36.185396,UNSATISFIABLE,UNSAT,COMPLETE,60951
budget=1000000,004_exact_r_allocation_s5_n0.cnf,exact_r_allocation,10.866011,UNSATISFIABLE,UNSAT,COMPLETE,270
budget=1000000,005_exact_r_allocation_s7_n0.cnf,exact_r_allocation,11.136351,UNSATISFIABLE,UNSAT,COMPLETE,1610
RACE,after 6,dropped,,budget=1000000,,,
budget=100000,006_exact_r_allocation_s10_n0.cnf,exact_r_allocation,19.003767,UNSATISFIABLE,UNSAT,COMPLETE,12330
budget=100000,007_exact_r_allocation_s12_n0.cnf,exact_r_allocation,18.529424,UNSATISFIABLE,UNSAT,COMPLETE,30436
budget=100000,008_overlapping_hall_violation_s5_n0.cnf,overlapping_hall_violation,18.281294,UNSATISFIABLE,UNSAT,COMPLETE,3596
budget=100000,009_overlapping_hall_violation_s7_n0.cnf,overlapping_hall_violation,18.884614,UNSATISFIABLE,UNSAT,COMPLETE,18411
budget=100000,010_overlapping_hall_violation_s10_n0.cnf,overlapping_hall_violation,5041.214636,ERROR,UNKNOWN,,
budget=100000,011_capacity2_violation_s3_n0.cnf,capacity2_violation,10.569509,UNSATISFIABLE,UNSAT,COMPLETE,7714
budget=200000,006_exact_r_allocation_s10_n0.cnf,exact_r_allocation,9.988194,UNSATISFIABLE,UNSAT,COMPLETE,12330
budget=200000,007_exact_r_allocation_s12_n0.cnf,exact_r_allocation,18.656924,UNSATISFIABLE,UNSAT,COMPLETE,30436
budget=200000,008_overlapping_hall_violation_s5_n0.cnf,overlapping_hall_violation,10.53324,UNSATISFIABLE,UNSAT,COMPLETE,3596
budget=200000,009_overlapping_hall_violation_s7_n0.cnf,overlapping_hall_violation,18.91935,UNSATISFIABLE,UNSAT,COMPLETE,18411
budget=200000,010_overlapping_hall_violation_s10_n0.cnf,overlapping_hall_violation,35.152806,UNSATISFIABLE,UNSAT,COMPLETE,106116
budget=200000,011_capacity2_violation_s3_n0.cnf,capacity2_violation,10.624059,UNSATISFIABLE,UNSAT,COMPLETE,7714
budget=300000,006_exact_r_allocation_s10_n0.cnf,exact_r_allocation,18.683918,UNSATISFIABLE,UNSAT,COMPLETE,12330
budget=300000,007_exact_r_allocation_s12_n0.cnf,exact_r_allocation,18.614179,UNSATISFIABLE,UNSAT,COMPLETE,30436
budget=300000,008_overlapping_hall_violation_s5_n0.cnf,overlapping_hall_violation,10.631402,UNSATISFIABLE,UNSAT,COMPLETE,3596
budget=300000,009_overlapping_hall_violation_s7_n0.cnf,overlapping_hall_violation,18.695258,UNSATISFIABLE,UNSAT,COMPLETE,18411
budget=300000,010_overlapping_hall_violation_s10_n0.cnf,overlapping_hall_violation,35.327003,UNSATISFIABLE,UNSAT,COMPLETE,106116
budget=300000,011_capacity2_violation_s3_n0.cnf,capacity2_violation,10.668238,UNSATISFIABLE,UNSAT,COMPLETE,7714
budget=500000,006_exact_r_allocation_s10_n0.cnf,exact_r_allocation,10.243415,UNSATISFIABLE,UNSAT,COMPLETE,12330
budget=500000,007_exact_r_allocation_s12_n0.cnf,exact_r_allocation,18.533821,UNSATISFIABLE,UNSAT,COMPLETE,30436
budget=500000,008_overlapping_hall_violation_s5_n0.cnf,overlapping_hall_violation,10.647468,UNSATISFIABLE,UNSAT,COMPLETE,3596
budget=500000,009_overlapping_hall_violation_s7_n0.cnf,overlapping_hall_violation,19.694025,UNSATISFIABLE,UNSAT,COMPLETE,18411
budget=500000,010_overlapping_hall_violation_s10_n0.cnf,overlapping_hall_violation,34.716419,UNSATISFIABLE,UNSAT,COMPLETE,106116
budget=500000,011_capacity2_violation_s3_n0.cnf,capacity2_violation,10.17727,UNSATISFIABLE,UNSAT,COMPLETE,7714
RACE,after 12,dropped,,budget=100000,,,
budget=200000,012_capacity2_violation_s4_n0.cnf,capacity2_violation,18.012329,UNSATISFIABLE,UNSAT,COMPLETE,59253
budget=200000,013_capacity2_violation_s6_n0.cnf,capacity2_violation,5041.30883,ERROR,UNKNOWN,,
budget=200000,014_hidden_pigeonhole_s6_n0.cnf,hidden_pigeonhole,11.296649,UNSATISFIABLE,UNSAT,COMPLETE,2529
budget=200000,015_hidden_pigeonhole_s6_n100.cnf,hidden_pigeonhole,10.648759,UNSATISFIABLE,UNSAT,COMPLETE,2534
budget=200000,016_hidden_pigeonhole_s8_n0.cnf,hidden_pigeonhole,18.271732,UNSATISFIABLE,UNSAT,COMPLETE,12060
budget=200000,017_hidden_pigeonhole_s8_n100.cnf,hidden_pigeonhole,20.041035,UNSATISFIABLE,UNSAT,COMPLETE,12062
budget=300000,012_capacity2_violation_s4_n0.cnf,capacity2_violation,35.873335,UNSATISFIABLE,UNSAT,COMPLETE,59253
budget=300000,013_capacity2_violation_s6_n0.cnf,capacity2_violation,5055.642117,ERROR,UNKNOWN,,
budget=300000,014_hidden_pigeonhole_s6_n0.cnf,hidden_pigeonhole,21.14866,UNSATISFIABLE,UNSAT,COMPLETE,2529
budget=300000,015_hidden_pigeonhole_s6_n100.cnf,hidden_pigeonhole,19.930804,UNSATISFIABLE,UNSAT,COMPLETE,2534
budget=300000,016_hidden_pigeonhole_s8_n0.cnf,hidden_pigeonhole,19.501503,UNSATISFIABLE,UNSAT,COMPLETE,12060
budget=300000,017_hidden_pigeonhole_s8_n100.cnf,hidden_pigeonhole,18.534463,UNSATISFIABLE,UNSAT,COMPLETE,12062
budget=500000,012_capacity2_violation_s4_n0.cnf,capacity2_violation,35.819941,UNSATISFIABLE,UNSAT,COMPLETE,59253
budget=500000,013_capacity2_violation_s6_n0.cnf,capacity2_violation,5040.284587,ERROR,UNKNOWN,,
budget=500000,014_hidden_pigeonhole_s6_n0.cnf,hidden_pigeonhole,11.016509,UNSATISFIABLE,UNSAT,COMPLETE,2529
budget=500000,015_hidden_pigeonhole_s6_n100.cnf,hidden_pigeonhole,10.730594,UNSATISFIABLE,UNSAT,COMPLETE,2534
budget=500000,016_hidden_pigeonhole_s8_n0.cnf,hidden_pigeonhole,19.231601,UNSATISFIABLE,UNSAT,COMPLETE,12060
budget=500000,017_hidden_pigeonhole_s8_n100.cnf,hidden_pigeonhole,18.847463,UNSATISFIABLE,UNSAT,COMPLETE,12062
budget=200000,018_satisfiable_capacity_control_s10_n0.cnf,satisfiable_capacity_control,19.205887,SATISFIABLE,FEASIBLE,COMPLETE,40960
budget=200000,019_satisfiable_capacity_control_s18_n0.cnf,satisfiable_capacity_control,67.514115,SATISFIABLE,UNKNOWN,UNKNOWN,200001
budget=200000,020_satisfiable_capacity_control_s26_n0.cnf,satisfiable_capacity_control,117.493603,SATISFIABLE,UNKNOWN,UNKNOWN,200001
budget=200000,021_random_3sat_s120_n0.cnf,random_3sat,19.229164,SATISFIABLE,UNKNOWN,UNKNOWN,9
budget=200000,022_random_3sat_s300_n0.cnf,random_3sat,5040.62805,ERROR,UNKNOWN,,
budget=300000,018_satisfiable_capacity_control_s10_n0.cnf,satisfiable_capacity_control,19.100682,SATISFIABLE,FEASIBLE,COMPLETE,40960
budget=300000,019_satisfiable_capacity_control_s18_n0.cnf,satisfiable_capacity_control,67.067509,SATISFIABLE,UNKNOWN,UNKNOWN,300001
budget=300000,020_satisfiable_capacity_control_s26_n0.cnf,satisfiable_capacity_control,118.225285,SATISFIABLE,UNKNOWN,UNKNOWN,300001
budget=300000,021_random_3sat_s120_n0.cnf,random_3sat,10.894557,SATISFIABLE,UNKNOWN,UNKNOWN,9
budget=300000,022_random_3sat_s300_n0.cnf,random_3sat,5041.91514,ERROR,UNKNOWN,,
budget=500000,018_satisfiable_capacity_control_s10_n0.cnf,satisfiable_capacity_control,18.415103,SATISFIABLE,FEASIBLE,COMPLETE,40960
budget=500000,019_satisfiable_capacity_control_s18_n0.cnf,satisfiable_capacity_control,118.051299,SATISFIABLE,UNKNOWN,UNKNOWN,500001
budget=500000,020_satisfiable_capacity_control_s26_n0.cnf,satisfiable_capacity_control,167.33515,SATISFIABLE,UNKNOWN,UNKNOWN,500001
budget=500000,021_random_3sat_s120_n0.cnf,random_3sat,19.42498,SATISFIABLE,UNKNOWN,UNKNOWN,9
budget=500000,022_random_3sat_s300_n0.cnf,random_3sat,5040.383252,ERROR,UNKNOWN,,
