instance,family,scale,variant,noise_percent,seed,variables,clauses,direct_structural_clauses,encoded_structural_clauses,noise_clauses,boxes,resources,demands,capacities,reachable,expected_result,cnf_sha256
001_pigeonhole_exact1_default_scale8.cnf,pigeonhole_exact1,8,default,0,31001,56,372,372,372,0,8,7,"[1,1,1,1,1,1,1,1]","[1,1,1,1,1,1,1]","[[0,1,2,3,4,5,6],[0,1,2,3,4,5,6],[0,1,2,3,4,5,6],[0,1,2,3,4,5,6],[0,1,2,3,4,5,6],[0,1,2,3,4,5,6],[0,1,2,3,4,5,6],[0,1,2,3,4,5,6]]",UNSATISFIABLE,7766d3b76977d7d3367835032bfa8240eb259ae2e271c1b90babeb1d043aaa85
002_pigeonhole_exact1_default_scale10.cnf,pigeonhole_exact1,10,default,0,31002,90,775,775,775,0,10,9,"[1,1,1,1,1,1,1,1,1,1]","[1,1,1,1,1,1,1,1,1]","[[0,1,2,3,4,5,6,7,8],[0,1,2,3,4,5,6,7,8],[0,1,2,3,4,5,6,7,8],[0,1,2,3,4,5,6,7,8],[0,1,2,3,4,5,6,7,8],[0,1,2,3,4,5,6,7,8],[0,1,2,3,4,5,6,7,8],[0,1,2,3,4,5,6,7,8],[0,1,2,3,4,5,6,7,8],[0,1,2,3,4,5,6,7,8]]",UNSATISFIABLE,8a8cc99c445d2cac8e5a7864b10573035a9fe79b090bd701c91e0db55cdbe4c1
003_pigeonhole_exact1_default_scale12.cnf,pigeonhole_exact1,12,default,0,31003,132,1398,1398,1398,0,12,11,"[1,1,1,1,1,1,1,1,1,1,1,1]","[1,1,1,1,1,1,1,1,1,1,1]","[[0,1,2,3,4,5,6,7,8,9,10],[0,1,2,3,4,5,6,7,8,9,10],[0,1,2,3,4,5,6,7,8,9,10],[0,1,2,3,4,5,6,7,8,9,10],[0,1,2,3,4,5,6,7,8,9,10],[0,1,2,3,4,5,6,7,8,9,10],[0,1,2,3,4,5,6,7,8,9,10],[0,1,2,3,4,5,6,7,8,9,10],[0,1,2,3,4,5,6,7,8,9,10],[0,1,2,3,4,5,6,7,8,9,10],[0,1,2,3,4,5,6,7,8,9,10],[0,1,2,3,4,5,6,7,8,9,10]]",UNSATISFIABLE,e18bd470649772d3ce9da2f3733e36a10807cd2f904e41f35541002031e693ec
004_pigeonhole_exact1_default_scale14.cnf,pigeonhole_exact1,14,default,0,31004,182,2289,2289,2289,0,14,13,"[1,1,1,1,1,1,1,1,1,1,1,1,1,1]","[1,1,1,1,1,1,1,1,1,1,1,1,1]","[[0,1,2,3,4,5,6,7,8,9,10,11,12],[0,1,2,3,4,5,6,7,8,9,10,11,12],[0,1,2,3,4,5,6,7,8,9,10,11,12],[0,1,2,3,4,5,6,7,8,9,10,11,12],[0,1,2,3,4,5,6,7,8,9,10,11,12],[0,1,2,3,4,5,6,7,8,9,10,11,12],[0,1,2,3,4,5,6,7,8,9,10,11,12],[0,1,2,3,4,5,6,7,8,9,10,11,12],[0,1,2,3,4,5,6,7,8,9,10,11,12],[0,1,2,3,4,5,6,7,8,9,10,11,12],[0,1,2,3,4,5,6,7,8,9,10,11,12],[0,1,2,3,4,5,6,7,8,9,10,11,12],[0,1,2,3,4,5,6,7,8,9,10,11,12],[0,1,2,3,4,5,6,7,8,9,10,11,12]]",UNSATISFIABLE,fd65524b7ef059478e1b11d165cd18f90a89fd30c2a62363a821e22d7734101b
005_pigeonhole_exact1_default_scale16.cnf,pigeonhole_exact1,16,default,0,31005,240,3496,3496,3496,0,16,15,"[1,1,1,1,1,1,1,1,1,1,1,1,1,1,1,1]","[1,1,1,1,1,1,1,1,1,1,1,1,1,1,1]","[[0,1,2,3,4,5,6,7,8,9,10,11,12,13,14],[0,1,2,3,4,5,6,7,8,9,10,11,12,13,14],[0,1,2,3,4,5,6,7,8,9,10,11,12,13,14],[0,1,2,3,4,5,6,7,8,9,10,11,12,13,14],[0,1,2,3,4,5,6,7,8,9,10,11,12,13,14],[0,1,2,3,4,5,6,7,8,9,10,11,12,13,14],[0,1,2,3,4,5,6,7,8,9,10,11,12,13,14],[0,1,2,3,4,5,6,7,8,9,10,11,12,13,14],[0,1,2,3,4,5,6,7,8,9,10,11,12,13,14],[0,1,2,3,4,5,6,7,8,9,10,11,12,13,14],[0,1,2,3,4,5,6,7,8,9,10,11,12,13,14],[0,1,2,3,4,5,6,7,8,9,10,11,12,13,14],[0,1,2,3,4,5,6,7,8,9,10,11,12,13,14],[0,1,2,3,4,5,6,7,8,9,10,11,12,13,14],[0,1,2,3,4,5,6,7,8,9,10,11,12,13,14],[0,1,2,3,4,5,6,7,8,9,10,11,12,13,14]]",UNSATISFIABLE,3281b430a5d4dfceaba52d2a4ccc7411ed4fc3d052bde6dbd8a7bcb2f4d00199
006_pigeonhole_exact1_default_scale18.cnf,pigeonhole_exact1,18,default,0,31006,306,5067,5067,5067,0,18,17,"[1,1,1,1,1,1,1,1,1,1,1,1,1,1,1,1,1,1]","[1,1,1,1,1,1,1,1,1,1,1,1,1,1,1,1,1]","[[0,1,2,3,4,5,6,7,8,9,10,11,12,13,14,15,16],[0,1,2,3,4,5,6,7,8,9,10,11,12,13,14,15,16],[0,1,2,3,4,5,6,7,8,9,10,11,12,13,14,15,16],[0,1,2,3,4,5,6,7,8,9,10,11,12,13,14,15,16],[0,1,2,3,4,5,6,7,8,9,10,11,12,13,14,15,16],[0,1,2,3,4,5,6,7,8,9,10,11,12,13,14,15,16],[0,1,2,3,4,5,6,7,8,9,10,11,12,13,14,15,16],[0,1,2,3,4,5,6,7,8,9,10,11,12,13,14,15,16],[0,1,2,3,4,5,6,7,8,9,10,11,12,13,14,15,16],[0,1,2,3,4,5,6,7,8,9,10,11,12,13,14,15,16],[0,1,2,3,4,5,6,7,8,9,10,11,12,13,14,15,16],[0,1,2,3,4,5,6,7,8,9,10,11,12,13,14,15,16],[0,1,2,3,4,5,6,7,8,9,10,11,12,13,14,15,16],[0,1,2,3,4,5,6,7,8,9,10,11,12,13,14,15,16],[0,1,2,3,4,5,6,7,8,9,10,11,12,13,14,15,16],[0,1,2,3,4,5,6,7,8,9,10,11,12,13,14,15,16],[0,1,2,3,4,5,6,7,8,9,10,11,12,13,14,15,16],[0,1,2,3,4,5,6,7,8,9,10,11,12,13,14,15,16]]",UNSATISFIABLE,b350657cae82551c4f47365f747b16df55a3690b02c488ae97e9c7db6dd2a0a9
007_pigeonhole_exact1_default_scale20.cnf,pigeonhole_exact1,20,default,0,31007,380,7050,7050,7050,0,20,19,"[1,1,1,1,1,1,1,1,1,1,1,1,1,1,1,1,1,1,1,1]","[1,1,1,1,1,1,1,1,1,1,1,1,1,1,1,1,1,1,1]","[[0,1,2,3,4,5,6,7,8,9,10,11,12,13,14,15,16,17,18],[0,1,2,3,4,5,6,7,8,9,10,11,12,13,14,15,16,17,18],[0,1,2,3,4,5,6,7,8,9,10,11,12,13,14,15,16,17,18],[0,1,2,3,4,5,6,7,8,9,10,11,12,13,14,15,16,17,18],[0,1,2,3,4,5,6,7,8,9,10,11,12,13,14,15,16,17,18],[0,1,2,3,4,5,6,7,8,9,10,11,12,13,14,15,16,17,18],[0,1,2,3,4,5,6,7,8,9,10,11,12,13,14,15,16,17,18],[0,1,2,3,4,5,6,7,8,9,10,11,12,13,14,15,16,17,18],[0,1,2,3,4,5,6,7,8,9,10,11,12,13,14,15,16,17,18],[0,1,2,3,4,5,6,7,8,9,10,11,12,13,14,15,16,17,18],[0,1,2,3,4,5,6,7,8,9,10,11,12,13,14,15,16,17,18],[0,1,2,3,4,5,6,7,8,9,10,11,12,13,14,15,16,17,18],[0,1,2,3,4,5,6,7,8,9,10,11,12,13,14,15,16,17,18],[0,1,2,3,4,5,6,7,8,9,10,11,12,13,14,15,16,17,18],[0,1,2,3,4,5,6,7,8,9,10,11,12,13,14,15,16,17,18],[0,1,2,3,4,5,6,7,8,9,10,11,12,13,14,15,16,17,18],[0,1,2,3,4,5,6,7,8,9,10,11,12,13,14,15,16,17,18],[0,1,2,3,4,5,6,7,8,9,10,11,12,13,14,15,16,17,18],[0,1,2,3,4,5,6,7,8,9,10,11,12,13,14,15,16,17,18],[0,1,2,3,4,5,6,7,8,9,10,11,12,13,14,15,16,17,18]]",UNSATISFIABLE,c735c0f78323f74b5f2fad51ea8f9a13c776e5cac09772c47dfe3782f32e6465
008_exact_r_allocation_default_scale7.cnf,exact_r_allocation,7,default,0,31008,28,210,210,210,0,4,7,"[2,2,2,2]","[1,1,1,1,1,1,1]","[[0,1,2,3,4,5,6],[0,1,2,3,4,5,6],[0,1,2,3,4,5,6],[0,1,2,3,4,5,6]]",UNSATISFIABLE,45a763616433481f148ed5010af52187626a9b6ce398b7e6c014d5ffd681407b
009_exact_r_allocation_default_scale9.cnf,exact_r_allocation,9,default,0,31009,45,555,555,555,0,5,9,"[2,2,2,2,2]","[1,1,1,1,1,1,1,1,1]","[[0,1,2,3,4,5,6,7,8],[0,1,2,3,4,5,6,7,8],[0,1,2,3,4,5,6,7,8],[0,1,2,3,4,5,6,7,8],[0,1,2,3,4,5,6,7,8]]",UNSATISFIABLE,2236fb5aae38c57a628d75825fd02dfb25ca4cefea686d0dbec2bf18bd29f312
010_exact_r_allocation_default_scale11.cnf,exact_r_allocation,11,default,0,31010,66,1221,1221,1221,0,6,11,"[2,2,2,2,2,2]","[1,1,1,1,1,1,1,1,1,1,1]","[[0,1,2,3,4,5,6,7,8,9,10],[0,1,2,3,4,5,6,7,8,9,10],[0,1,2,3,4,5,6,7,8,9,10],[0,1,2,3,4,5,6,7,8,9,10],[0,1,2,3,4,5,6,7,8,9,10],[0,1,2,3,4,5,6,7,8,9,10]]",UNSATISFIABLE,c8ed90fffda64d6aafcea282a91d7be01e109b84f4fd5ed0fafeb16352384bc7
011_exact_r_allocation_default_scale13.cnf,exact_r_allocation,13,default,0,31011,91,2366,2366,2366,0,7,13,"[2,2,2,2,2,2,2]","[1,1,1,1,1,1,1,1,1,1,1,1,1]","[[0,1,2,3,4,5,6,7,8,9,10,11,12],[0,1,2,3,4,5,6,7,8,9,10,11,12],[0,1,2,3,4,5,6,7,8,9,10,11,12],[0,1,2,3,4,5,6,7,8,9,10,11,12],[0,1,2,3,4,5,6,7,8,9,10,11,12],[0,1,2,3,4,5,6,7,8,9,10,11,12],[0,1,2,3,4,5,6,7,8,9,10,11,12]]",UNSATISFIABLE,7acd1a5951d9cda4c9920b7b0a71f7ec89906b698ab8793328b61e9b7b96f1a9
012_exact_r_allocation_default_scale15.cnf,exact_r_allocation,15,default,0,31012,120,4180,4180,4180,0,8,15,"[2,2,2,2,2,2,2,2]","[1,1,1,1,1,1,1,1,1,1,1,1,1,1,1]","[[0,1,2,3,4,5,6,7,8,9,10,11,12,13,14],[0,1,2,3,4,5,6,7,8,9,10,11,12,13,14],[0,1,2,3,4,5,6,7,8,9,10,11,12,13,14],[0,1,2,3,4,5,6,7,8,9,10,11,12,13,14],[0,1,2,3,4,5,6,7,8,9,10,11,12,13,14],[0,1,2,3,4,5,6,7,8,9,10,11,12,13,14],[0,1,2,3,4,5,6,7,8,9,10,11,12,13,14],[0,1,2,3,4,5,6,7,8,9,10,11,12,13,14]]",UNSATISFIABLE,4edc834d37cc032a4fe467a3a5d54da8290bcf72e0cd35b59219ded13fe8055d
013_overlapping_hall_violation_default_scale8.cnf,overlapping_hall_violation,8,default,0,31013,144,1097,1097,1097,0,17,17,"[1,1,1,1,1,1,1,1,1,1,1,1,1,1,1,1,1]","[1,1,1,1,1,1,1,1,1,1,1,1,1,1,1,1,1]","[[0,1,2,3,4,5,6,7],[0,1,2,3,4,5,6,7],[0,1,2,3,4,5,6,7],[0,1,2,3,4,5,6,7],[0,1,2,3,4,5,6,7],[0,1,2,3,4,5,6,7],[0,1,2,3,4,5,6,7],[0,1,2,3,4,5,6,7],[0,1,2,3,4,5,6,7],[8,9,10,11,12,13,14,15,16],[8,9,10,11,12,13,14,15,16],[8,9,10,11,12,13,14,15,16],[8,9,10,11,12,13,14,15,16],[8,9,10,11,12,13,14,15,16],[8,9,10,11,12,13,14,15,16],[8,9,10,11,12,13,14,15,16],[8,9,10,11,12,13,14,15,16]]",UNSATISFIABLE,cf31b96f37438b0218ecda4e7d72b804509d91efae1f769757d3733ef2b7e957
014_overlapping_hall_violation_default_scale10.cnf,overlapping_hall_violation,10,default,0,31014,220,2111,2111,2111,0,21,21,"[1,1,1,1,1,1,1,1,1,1,1,1,1,1,1,1,1,1,1,1,1]","[1,1,1,1,1,1,1,1,1,1,1,1,1,1,1,1,1,1,1,1,1]","[[0,1,2,3,4,5,6,7,8,9],[0,1,2,3,4,5,6,7,8,9],[0,1,2,3,4,5,6,7,8,9],[0,1,2,3,4,5,6,7,8,9],[0,1,2,3,4,5,6,7,8,9],[0,1,2,3,4,5,6,7,8,9],[0,1,2,3,4,5,6,7,8,9],[0,1,2,3,4,5,6,7,8,9],[0,1,2,3,4,5,6,7,8,9],[0,1,2,3,4,5,6,7,8,9],[0,1,2,3,4,5,6,7,8,9],[10,11,12,13,14,15,16,17,18,19,20],[10,11,12,13,14,15,16,17,18,19,20],[10,11,12,13,14,15,16,17,18,19,20],[10,11,12,13,14,15,16,17,18,19,20],[10,11,12,13,14,15,16,17,18,19,20],[10,11,12,13,14,15,16,17,18,19,20],[10,11,12,13,14,15,16,17,18,19,20],[10,11,12,13,14,15,16,17,18,19,20],[10,11,12,13,14,15,16,17,18,19,20],[10,11,12,13,14,15,16,17,18,19,20]]",UNSATISFIABLE,5ee560b6be4d112f6655f4dc430604c914021f932c8bbc2c0173c8f8b4a23186
015_overlapping_hall_violation_default_scale12.cnf,overlapping_hall_violation,12,default,0,31015,312,3613,3613,3613,0,25,25,"[1,1,1,1,1,1,1,1,1,1,1,1,1,1,1,1,1,1,1,1,1,1,1,1,1]","[1,1,1,1,1,1,1,1,1,1,1,1,1,1,1,1,1,1,1,1,1,1,1,1,1]","[[0,1,2,3,4,5,6,7,8,9,10,11],[0,1,2,3,4,5,6,7,8,9,10,11],[0,1,2,3,4,5,6,7,8,9,10,11],[0,1,2,3,4,5,6,7,8,9,10,11],[0,1,2,3,4,5,6,7,8,9,10,11],[0,1,2,3,4,5,6,7,8,9,10,11],[0,1,2,3,4,5,6,7,8,9,10,11],[0,1,2,3,4,5,6,7,8,9,10,11],[0,1,2,3,4,5,6,7,8,9,10,11],[0,1,2,3,4,5,6,7,8,9,10,11],[0,1,2,3,4,5,6,7,8,9,10,11],[0,1,2,3,4,5,6,7,8,9,10,11],[0,1,2,3,4,5,6,7,8,9,10,11],[12,13,14,15,16,17,18,19,20,21,22,23,24],[12,13,14,15,16,17,18,19,20,21,22,23,24],[12,13,14,15,16,17,18,19,20,21,22,23,24],[12,13,14,15,16,17,18,19,20,21,22,23,24],[12,13,14,15,16,17,18,19,20,21,22,23,24],[12,13,14,15,16,17,18,19,20,21,22,23,24],[12,13,14,15,16,17,18,19,20,21,22,23,24],[12,13,14,15,16,17,18,19,20,21,22,23,24],[12,13,14,15,16,17,18,19,20,21,22,23,24],[12,13,14,15,16,17,18,19,20,21,22,23,24],[12,13,14,15,16,17,18,19,20,21,22,23,24],[12,13,14,15,16,17,18,19,20,21,22,23,24]]",UNSATISFIABLE,18be3d0d6ef0baf780d4be54228c3d0bdc4b2506667a4834ba6477beabf67f53
016_overlapping_hall_violation_default_scale14.cnf,overlapping_hall_violation,14,default,0,31016,420,5699,5699,5699,0,29,29,"[1,1,1,1,1,1,1,1,1,1,1,1,1,1,1,1,1,1,1,1,1,1,1,1,1,1,1,1,1]","[1,1,1,1,1,1,1,1,1,1,1,1,1,1,1,1,1,1,1,1,1,1,1,1,1,1,1,1,1]","[[0,1,2,3,4,5,6,7,8,9,10,11,12,13],[0,1,2,3,4,5,6,7,8,9,10,11,12,13],[0,1,2,3,4,5,6,7,8,9,10,11,12,13],[0,1,2,3,4,5,6,7,8,9,10,11,12,13],[0,1,2,3,4,5,6,7,8,9,10,11,12,13],[0,1,2,3,4,5,6,7,8,9,10,11,12,13],[0,1,2,3,4,5,6,7,8,9,10,11,12,13],[0,1,2,3,4,5,6,7,8,9,10,11,12,13],[0,1,2,3,4,5,6,7,8,9,10,11,12,13],[0,1,2,3,4,5,6,7,8,9,10,11,12,13],[0,1,2,3,4,5,6,7,8,9,10,11,12,13],[0,1,2,3,4,5,6,7,8,9,10,11,12,13],[0,1,2,3,4,5,6,7,8,9,10,11,12,13],[0,1,2,3,4,5,6,7,8,9,10,11,12,13],[0,1,2,3,4,5,6,7,8,9,10,11,12,13],[14,15,16,17,18,19,20,21,22,23,24,25,26,27,28],[14,15,16,17,18,19,20,21,22,23,24,25,26,27,28],[14,15,16,17,18,19,20,21,22,23,24,25,26,27,28],[14,15,16,17,18,19,20,21,22,23,24,25,26,27,28],[14,15,16,17,18,19,20,21,22,23,24,25,26,27,28],[14,15,16,17,18,19,20,21,22,23,24,25,26,27,28],[14,15,16,17,18,19,20,21,22,23,24,25,26,27,28],[14,15,16,17,18,19,20,21,22,23,24,25,26,27,28],[14,15,16,17,18,19,20,21,22,23,24,25,26,27,28],[14,15,16,17,18,19,20,21,22,23,24,25,26,27,28],[14,15,16,17,18,19,20,21,22,23,24,25,26,27,28],[14,15,16,17,18,19,20,21,22,23,24,25,26,27,28],[14,15,16,17,18,19,20,21,22,23,24,25,26,27,28],[14,15,16,17,18,19,20,21,22,23,24,25,26,27,28]]",UNSATISFIABLE,58a2d68ff5124ecdd9890140f5f9ad80221e7e14068ccc7094a993a0ece61f51
017_overlapping_hall_violation_default_scale16.cnf,overlapping_hall_violation,16,default,0,31017,544,8465,8465,8465,0,33,33,"[1,1,1,1,1,1,1,1,1,1,1,1,1,1,1,1,1,1,1,1,1,1,1,1,1,1,1,1,1,1,1,1,1]","[1,1,1,1,1,1,1,1,1,1,1,1,1,1,1,1,1,1,1,1,1,1,1,1,1,1,1,1,1,1,1,1,1]","[[0,1,2,3,4,5,6,7,8,9,10,11,12,13,14,15],[0,1,2,3,4,5,6,7,8,9,10,11,12,13,14,15],[0,1,2,3,4,5,6,7,8,9,10,11,12,13,14,15],[0,1,2,3,4,5,6,7,8,9,10,11,12,13,14,15],[0,1,2,3,4,5,6,7,8,9,10,11,12,13,14,15],[0,1,2,3,4,5,6,7,8,9,10,11,12,13,14,15],[0,1,2,3,4,5,6,7,8,9,10,11,12,13,14,15],[0,1,2,3,4,5,6,7,8,9,10,11,12,13,14,15],[0,1,2,3,4,5,6,7,8,9,10,11,12,13,14,15],[0,1,2,3,4,5,6,7,8,9,10,11,12,13,14,15],[0,1,2,3,4,5,6,7,8,9,10,11,12,13,14,15],[0,1,2,3,4,5,6,7,8,9,10,11,12,13,14,15],[0,1,2,3,4,5,6,7,8,9,10,11,12,13,14,15],[0,1,2,3,4,5,6,7,8,9,10,11,12,13,14,15],[0,1,2,3,4,5,6,7,8,9,10,11,12,13,14,15],[0,1,2,3,4,5,6,7,8,9,10,11,12,13,14,15],[0,1,2,3,4,5,6,7,8,9,10,11,12,13,14,15],[16,17,18,19,20,21,22,23,24,25,26,27,28,29,30,31,32],[16,17,18,19,20,21,22,23,24,25,26,27,28,29,30,31,32],[16,17,18,19,20,21,22,23,24,25,26,27,28,29,30,31,32],[16,17,18,19,20,21,22,23,24,25,26,27,28,29,30,31,32],[16,17,18,19,20,21,22,23,24,25,26,27,28,29,30,31,32],[16,17,18,19,20,21,22,23,24,25,26,27,28,29,30,31,32],[16,17,18,19,20,21,22,23,24,25,26,27,28,29,30,31,32],[16,17,18,19,20,21,22,23,24,25,26,27,28,29,30,31,32],[16,17,18,19,20,21,22,23,24,25,26,27,28,29,30,31,32],[16,17,18,19,20,21,22,23,24,25,26,27,28,29,30,31,32],[16,17,18,19,20,21,22,23,24,25,26,27,28,29,30,31,32],[16,17,18,19,20,21,22,23,24,25,26,27,28,29,30,31,32],[16,17,18,19,20,21,22,23,24,25,26,27,28,29,30,31,32],[16,17,18,19,20,21,22,23,24,25,26,27,28,29,30,31,32],[16,17,18,19,20,21,22,23,24,25,26,27,28,29,30,31,32],[16,17,18,19,20,21,22,23,24,25,26,27,28,29,30,31,32]]",UNSATISFIABLE,c030816b9028391df8320aee8c071f58079b030e6c47230e1dbd5940465968b8
018_overlapping_hall_violation_default_scale18.cnf,overlapping_hall_violation,18,default,0,31018,684,12007,12007,12007,0,37,37,"[1,1,1,1,1,1,1,1,1,1,1,1,1,1,1,1,1,1,1,1,1,1,1,1,1,1,1,1,1,1,1,1,1,1,1,1,1]","[1,1,1,1,1,1,1,1,1,1,1,1,1,1,1,1,1,1,1,1,1,1,1,1,1,1,1,1,1,1,1,1,1,1,1,1,1]","[[0,1,2,3,4,5,6,7,8,9,10,11,12,13,14,15,16,17],[0,1,2,3,4,5,6,7,8,9,10,11,12,13,14,15,16,17],[0,1,2,3,4,5,6,7,8,9,10,11,12,13,14,15,16,17],[0,1,2,3,4,5,6,7,8,9,10,11,12,13,14,15,16,17],[0,1,2,3,4,5,6,7,8,9,10,11,12,13,14,15,16,17],[0,1,2,3,4,5,6,7,8,9,10,11,12,13,14,15,16,17],[0,1,2,3,4,5,6,7,8,9,10,11,12,13,14,15,16,17],[0,1,2,3,4,5,6,7,8,9,10,11,12,13,14,15,16,17],[0,1,2,3,4,5,6,7,8,9,10,11,12,13,14,15,16,17],[0,1,2,3,4,5,6,7,8,9,10,11,12,13,14,15,16,17],[0,1,2,3,4,5,6,7,8,9,10,11,12,13,14,15,16,17],[0,1,2,3,4,5,6,7,8,9,10,11,12,13,14,15,16,17],[0,1,2,3,4,5,6,7,8,9,10,11,12,13,14,15,16,17],[0,1,2,3,4,5,6,7,8,9,10,11,12,13,14,15,16,17],[0,1,2,3,4,5,6,7,8,9,10,11,12,13,14,15,16,17],[0,1,2,3,4,5,6,7,8,9,10,11,12,13,14,15,16,17],[0,1,2,3,4,5,6,7,8,9,10,11,12,13,14,15,16,17],[0,1,2,3,4,5,6,7,8,9,10,11,12,13,14,15,16,17],[0,1,2,3,4,5,6,7,8,9,10,11,12,13,14,15,16,17],[18,19,20,21,22,23,24,25,26,27,28,29,30,31,32,33,34,35,36],[18,19,20,21,22,23,24,25,26,27,28,29,30,31,32,33,34,35,36],[18,19,20,21,22,23,24,25,26,27,28,29,30,31,32,33,34,35,36],[18,19,20,21,22,23,24,25,26,27,28,29,30,31,32,33,34,35,36],[18,19,20,21,22,23,24,25,26,27,28,29,30,31,32,33,34,35,36],[18,19,20,21,22,23,24,25,26,27,28,29,30,31,32,33,34,35,36],[18,19,20,21,22,23,24,25,26,27,28,29,30,31,32,33,34,35,36],[18,19,20,21,22,23,24,25,26,27,28,29,30,31,32,33,34,35,36],[18,19,20,21,22,23,24,25,26,27,28,29,30,31,32,33,34,35,36],[18,19,20,21,22,23,24,25,26,27,28,29,30,31,32,33,34,35,36],[18,19,20,21,22,23,24,25,26,27,28,29,30,31,32,33,34,35,36],[18,19,20,21,22,23,24,25,26,27,28,29,30,31,32,33,34,35,36],[18,19,20,21,22,23,24,25,26,27,28,29,30,31,32,33,34,35,36],[18,19,20,21,22,23,24,25,26,27,28,29,30,31,32,33,34,35,36],[18,19,20,21,22,23,24,25,26,27,28,29,30,31,32,33,34,35,36],[18,19,20,21,22,23,24,25,26,27,28,29,30,31,32,33,34,35,36],[18,19,20,21,22,23,24,25,26,27,28,29,30,31,32,33,34,35,36],[18,19,20,21,22,23,24,25,26,27,28,29,30,31,32,33,34,35,36]]",UNSATISFIABLE,383b29fa8ee2e6673f930a336beeb3855659043067fa95070c45b7e1d158f0e6
019_capacity2_violation_default_scale3.cnf,capacity2_violation,3,default,0,31019,21,133,133,133,0,7,3,"[1,1,1,1,1,1,1]","[2,2,2]","[[0,1,2],[0,1,2],[0,1,2],[0,1,2],[0,1,2],[0,1,2],[0,1,2]]",UNSATISFIABLE,5bdc7f5e1213720d7e6fcedb724e9641e9dead86dee6c5b2cc002e19f53174d4
020_capacity2_violation_default_scale4.cnf,capacity2_violation,4,default,0,31020,36,399,399,399,0,9,4,"[1,1,1,1,1,1,1,1,1]","[2,2,2,2]","[[0,1,2,3],[0,1,2,3],[0,1,2,3],[0,1,2,3],[0,1,2,3],[0,1,2,3],[0,1,2,3],[0,1,2,3],[0,1,2,3]]",UNSATISFIABLE,f8fba1ed4de970af85057f3cfa79edaf64a9ea6ff0979646d74917d382136c3e
021_capacity2_violation_default_scale5.cnf,capacity2_violation,5,default,0,31021,55,946,946,946,0,11,5,"[1,1,1,1,1,1,1,1,1,1,1]","[2,2,2,2,2]","[[0,1,2,3,4],[0,1,2,3,4],[0,1,2,3,4],[0,1,2,3,4],[0,1,2,3,4],[0,1,2,3,4],[0,1,2,3,4],[0,1,2,3,4],[0,1,2,3,4],[0,1,2,3,4],[0,1,2,3,4]]",UNSATISFIABLE,c92e5e4a7962311241d38d25c90cb0b0bc01ebb87cbbac0cc3799a52214a7f48
022_capacity2_violation_default_scale6.cnf,capacity2_violation,6,default,0,31022,78,1924,1924,1924,0,13,6,"[1,1,1,1,1,1,1,1,1,1,1,1,1]","[2,2,2,2,2,2]","[[0,1,2,3,4,5],[0,1,2,3,4,5],[0,1,2,3,4,5],[0,1,2,3,4,5],[0,1,2,3,4,5],[0,1,2,3,4,5],[0,1,2,3,4,5],[0,1,2,3,4,5],[0,1,2,3,4,5],[0,1,2,3,4,5],[0,1,2,3,4,5],[0,1,2,3,4,5],[0,1,2,3,4,5]]",UNSATISFIABLE,b44b7cbac646d700d9647253d428ae639d7ee5556ddd7ba426df3b8c7f985066
023_capacity2_violation_default_scale7.cnf,capacity2_violation,7,default,0,31023,105,3515,3515,3515,0,15,7,"[1,1,1,1,1,1,1,1,1,1,1,1,1,1,1]","[2,2,2,2,2,2,2]","[[0,1,2,3,4,5,6],[0,1,2,3,4,5,6],[0,1,2,3,4,5,6],[0,1,2,3,4,5,6],[0,1,2,3,4,5,6],[0,1,2,3,4,5,6],[0,1,2,3,4,5,6],[0,1,2,3,4,5,6],[0,1,2,3,4,5,6],[0,1,2,3,4,5,6],[0,1,2,3,4,5,6],[0,1,2,3,4,5,6],[0,1,2,3,4,5,6],[0,1,2,3,4,5,6],[0,1,2,3,4,5,6]]",UNSATISFIABLE,78a1c1e92f74e57880bce68779390838aaa3aa5477b22f693b032f4a90f65982
024_capacity2_violation_default_scale8.cnf,capacity2_violation,8,default,0,31024,136,5933,5933,5933,0,17,8,"[1,1,1,1,1,1,1,1,1,1,1,1,1,1,1,1,1]","[2,2,2,2,2,2,2,2]","[[0,1,2,3,4,5,6,7],[0,1,2,3,4,5,6,7],[0,1,2,3,4,5,6,7],[0,1,2,3,4,5,6,7],[0,1,2,3,4,5,6,7],[0,1,2,3,4,5,6,7],[0,1,2,3,4,5,6,7],[0,1,2,3,4,5,6,7],[0,1,2,3,4,5,6,7],[0,1,2,3,4,5,6,7],[0,1,2,3,4,5,6,7],[0,1,2,3,4,5,6,7],[0,1,2,3,4,5,6,7],[0,1,2,3,4,5,6,7],[0,1,2,3,4,5,6,7],[0,1,2,3,4,5,6,7],[0,1,2,3,4,5,6,7]]",UNSATISFIABLE,64b068f4fc93ae77b8e4ce1d087fb93c62caf70f0aec009d981234feb0898240
025_hidden_pigeonhole_default_scale6.cnf,hidden_pigeonhole,6,default,0,31025,177,288,141,288,0,6,5,"[1,1,1,1,1,1]","[1,1,1,1,1]","[[0,1,2,3,4],[0,1,2,3,4],[0,1,2,3,4],[0,1,2,3,4],[0,1,2,3,4],[0,1,2,3,4]]",UNSATISFIABLE,adcbdc8455506e0ed426378d3fbb459f04898b2d4d57b945c8fee93d4c32c3ce
026_hidden_pigeonhole_default_scale7.cnf,hidden_pigeonhole,7,default,0,31026,294,490,238,490,0,7,6,"[1,1,1,1,1,1,1]","[1,1,1,1,1,1]","[[0,1,2,3,4,5],[0,1,2,3,4,5],[0,1,2,3,4,5],[0,1,2,3,4,5],[0,1,2,3,4,5],[0,1,2,3,4,5],[0,1,2,3,4,5]]",UNSATISFIABLE,4d9dd3cc946b1cb41cf2588d4959553327f880fb202f6d58079abcafff488aca
027_hidden_pigeonhole_default_scale8.cnf,hidden_pigeonhole,8,default,0,31027,452,768,372,768,0,8,7,"[1,1,1,1,1,1,1,1]","[1,1,1,1,1,1,1]","[[0,1,2,3,4,5,6],[0,1,2,3,4,5,6],[0,1,2,3,4,5,6],[0,1,2,3,4,5,6],[0,1,2,3,4,5,6],[0,1,2,3,4,5,6],[0,1,2,3,4,5,6],[0,1,2,3,4,5,6]]",UNSATISFIABLE,386c49b25cad33f8151a36da3dad7e52dafbbd8f5b15d6ed6fb25b8f8ba23e2d
028_hidden_pigeonhole_default_scale9.cnf,hidden_pigeonhole,9,default,0,31028,657,1134,549,1134,0,9,8,"[1,1,1,1,1,1,1,1,1]","[1,1,1,1,1,1,1,1]","[[0,1,2,3,4,5,6,7],[0,1,2,3,4,5,6,7],[0,1,2,3,4,5,6,7],[0,1,2,3,4,5,6,7],[0,1,2,3,4,5,6,7],[0,1,2,3,4,5,6,7],[0,1,2,3,4,5,6,7],[0,1,2,3,4,5,6,7],[0,1,2,3,4,5,6,7]]",UNSATISFIABLE,3a5822826ec44cf8b531d493cbbb56d97461ac05f944d9a465294eae9e9b5fc1
029_hidden_pigeonhole_default_scale10.cnf,hidden_pigeonhole,10,default,0,31029,915,1600,775,1600,0,10,9,"[1,1,1,1,1,1,1,1,1,1]","[1,1,1,1,1,1,1,1,1]","[[0,1,2,3,4,5,6,7,8],[0,1,2,3,4,5,6,7,8],[0,1,2,3,4,5,6,7,8],[0,1,2,3,4,5,6,7,8],[0,1,2,3,4,5,6,7,8],[0,1,2,3,4,5,6,7,8],[0,1,2,3,4,5,6,7,8],[0,1,2,3,4,5,6,7,8],[0,1,2,3,4,5,6,7,8],[0,1,2,3,4,5,6,7,8]]",UNSATISFIABLE,d8e7d01d43e9324726d6847a7e08ba8ab1d3c4cf58ee972f5bfda956cfe44d8d
030_satisfiable_capacity_control_default_scale8.cnf,satisfiable_capacity_control,8,default,0,31030,64,456,456,456,0,8,8,"[1,1,1,1,1,1,1,1]","[1,1,1,1,1,1,1,1]","[[0,1,2,3,4,5,6,7],[0,1,2,3,4,5,6,7],[0,1,2,3,4,5,6,7],[0,1,2,3,4,5,6,7],[0,1,2,3,4,5,6,7],[0,1,2,3,4,5,6,7],[0,1,2,3,4,5,6,7],[0,1,2,3,4,5,6,7]]",SATISFIABLE,beaa2652aec859ccc8f5f08c75b6d8da07ae1627531d0793c6729badfcf7a87e
031_satisfiable_capacity_control_default_scale12.cnf,satisfiable_capacity_control,12,default,0,31031,144,1596,1596,1596,0,12,12,"[1,1,1,1,1,1,1,1,1,1,1,1]","[1,1,1,1,1,1,1,1,1,1,1,1]","[[0,1,2,3,4,5,6,7,8,9,10,11],[0,1,2,3,4,5,6,7,8,9,10,11],[0,1,2,3,4,5,6,7,8,9,10,11],[0,1,2,3,4,5,6,7,8,9,10,11],[0,1,2,3,4,5,6,7,8,9,10,11],[0,1,2,3,4,5,6,7,8,9,10,11],[0,1,2,3,4,5,6,7,8,9,10,11],[0,1,2,3,4,5,6,7,8,9,10,11],[0,1,2,3,4,5,6,7,8,9,10,11],[0,1,2,3,4,5,6,7,8,9,10,11],[0,1,2,3,4,5,6,7,8,9,10,11],[0,1,2,3,4,5,6,7,8,9,10,11]]",SATISFIABLE,f672ea09eee2a7e731154962b986c6834980ebf11e49ef430c4f7d358670b2d7
032_satisfiable_capacity_control_default_scale16.cnf,satisfiable_capacity_control,16,default,0,31032,256,3856,3856,3856,0,16,16,"[1,1,1,1,1,1,1,1,1,1,1,1,1,1,1,1]","[1,1,1,1,1,1,1,1,1,1,1,1,1,1,1,1]","[[0,1,2,3,4,5,6,7,8,9,10,11,12,13,14,15],[0,1,2,3,4,5,6,7,8,9,10,11,12,13,14,15],[0,1,2,3,4,5,6,7,8,9,10,11,12,13,14,15],[0,1,2,3,4,5,6,7,8,9,10,11,12,13,14,15],[0,1,2,3,4,5,6,7,8,9,10,11,12,13,14,15],[0,1,2,3,4,5,6,7,8,9,10,11,12,13,14,15],[0,1,2,3,4,5,6,7,8,9,10,11,12,13,14,15],[0,1,2,3,4,5,6,7,8,9,10,11,12,13,14,15],[0,1,2,3,4,5,6,7,8,9,10,11,12,13,14,15],[0,1,2,3,4,5,6,7,8,9,10,11,12,13,14,15],[0,1,2,3,4,5,6,7,8,9,10,11,12,13,14,15],[0,1,2,3,4,5,6,7,8,9,10,11,12,13,14,15],[0,1,2,3,4,5,6,7,8,9,10,11,12,13,14,15],[0,1,2,3,4,5,6,7,8,9,10,11,12,13,14,15],[0,1,2,3,4,5,6,7,8,9,10,11,12,13,14,15],[0,1,2,3,4,5,6,7,8,9,10,11,12,13,14,15]]",SATISFIABLE,b5d64c309272d6ec870280fc43f3f1079df3417f2226dc1393fbe87ea54bdc3d
033_satisfiable_capacity_control_default_scale20.cnf,satisfiable_capacity_control,20,default,0,31033,400,7620,7620,7620,0,20,20,"[1,1,1,1,1,1,1,1,1,1,1,1,1,1,1,1,1,1,1,1]","[1,1,1,1,1,1,1,1,1,1,1,1,1,1,1,1,1,1,1,1]","[[0,1,2,3,4,5,6,7,8,9,10,11,12,13,14,15,16,17,18,19],[0,1,2,3,4,5,6,7,8,9,10,11,12,13,14,15,16,17,18,19],[0,1,2,3,4,5,6,7,8,9,10,11,12,13,14,15,16,17,18,19],[0,1,2,3,4,5,6,7,8,9,10,11,12,13,14,15,16,17,18,19],[0,1,2,3,4,5,6,7,8,9,10,11,12,13,14,15,16,17,18,19],[0,1,2,3,4,5,6,7,8,9,10,11,12,13,14,15,16,17,18,19],[0,1,2,3,4,5,6,7,8,9,10,11,12,13,14,15,16,17,18,19],[0,1,2,3,4,5,6,7,8,9,10,11,12,13,14,15,16,17,18,19],[0,1,2,3,4,5,6,7,8,9,10,11,12,13,14,15,16,17,18,19],[0,1,2,3,4,5,6,7,8,9,10,11,12,13,14,15,16,17,18,19],[0,1,2,3,4,5,6,7,8,9,10,11,12,13,14,15,16,17,18,19],[0,1,2,3,4,5,6,7,8,9,10,11,12,13,14,15,16,17,18,19],[0,1,2,3,4,5,6,7,8,9,10,11,12,13,14,15,16,17,18,19],[0,1,2,3,4,5,6,7,8,9,10,11,12,13,14,15,16,17,18,19],[0,1,2,3,4,5,6,7,8,9,10,11,12,13,14,15,16,17,18,19],[0,1,2,3,4,5,6,7,8,9,10,11,12,13,14,15,16,17,18,19],[0,1,2,3,4,5,6,7,8,9,10,11,12,13,14,15,16,17,18,19],[0,1,2,3,4,5,6,7,8,9,10,11,12,13,14,15,16,17,18,19],[0,1,2,3,4,5,6,7,8,9,10,11,12,13,14,15,16,17,18,19],[0,1,2,3,4,5,6,7,8,9,10,11,12,13,14,15,16,17,18,19]]",SATISFIABLE,f59b6bfe14bf92ce5b04bfd080f3c777e071c2c85e19531fdc273d028ea6a9af
034_satisfiable_capacity_control_default_scale24.cnf,satisfiable_capacity_control,24,default,0,31034,576,13272,13272,13272,0,24,24,"[1,1,1,1,1,1,1,1,1,1,1,1,1,1,1,1,1,1,1,1,1,1,1,1]","[1,1,1,1,1,1,1,1,1,1,1,1,1,1,1,1,1,1,1,1,1,1,1,1]","[[0,1,2,3,4,5,6,7,8,9,10,11,12,13,14,15,16,17,18,19,20,21,22,23],[0,1,2,3,4,5,6,7,8,9,10,11,12,13,14,15,16,17,18,19,20,21,22,23],[0,1,2,3,4,5,6,7,8,9,10,11,12,13,14,15,16,17,18,19,20,21,22,23],[0,1,2,3,4,5,6,7,8,9,10,11,12,13,14,15,16,17,18,19,20,21,22,23],[0,1,2,3,4,5,6,7,8,9,10,11,12,13,14,15,16,17,18,19,20,21,22,23],[0,1,2,3,4,5,6,7,8,9,10,11,12,13,14,15,16,17,18,19,20,21,22,23],[0,1,2,3,4,5,6,7,8,9,10,11,12,13,14,15,16,17,18,19,20,21,22,23],[0,1,2,3,4,5,6,7,8,9,10,11,12,13,14,15,16,17,18,19,20,21,22,23],[0,1,2,3,4,5,6,7,8,9,10,11,12,13,14,15,16,17,18,19,20,21,22,23],[0,1,2,3,4,5,6,7,8,9,10,11,12,13,14,15,16,17,18,19,20,21,22,23],[0,1,2,3,4,5,6,7,8,9,10,11,12,13,14,15,16,17,18,19,20,21,22,23],[0,1,2,3,4,5,6,7,8,9,10,11,12,13,14,15,16,17,18,19,20,21,22,23],[0,1,2,3,4,5,6,7,8,9,10,11,12,13,14,15,16,17,18,19,20,21,22,23],[0,1,2,3,4,5,6,7,8,9,10,11,12,13,14,15,16,17,18,19,20,21,22,23],[0,1,2,3,4,5,6,7,8,9,10,11,12,13,14,15,16,17,18,19,20,21,22,23],[0,1,2,3,4,5,6,7,8,9,10,11,12,13,14,15,16,17,18,19,20,21,22,23],[0,1,2,3,4,5,6,7,8,9,10,11,12,13,14,15,16,17,18,19,20,21,22,23],[0,1,2,3,4,5,6,7,8,9,10,11,12,13,14,15,16,17,18,19,20,21,22,23],[0,1,2,3,4,5,6,7,8,9,10,11,12,13,14,15,16,17,18,19,20,21,22,23],[0,1,2,3,4,5,6,7,8,9,10,11,12,13,14,15,16,17,18,19,20,21,22,23],[0,1,2,3,4,5,6,7,8,9,10,11,12,13,14,15,16,17,18,19,20,21,22,23],[0,1,2,3,4,5,6,7,8,9,10,11,12,13,14,15,16,17,18,19,20,21,22,23],[0,1,2,3,4,5,6,7,8,9,10,11,12,13,14,15,16,17,18,19,20,21,22,23],[0,1,2,3,4,5,6,7,8,9,10,11,12,13,14,15,16,17,18,19,20,21,22,23]]",SATISFIABLE,11db98ee599a19ff00d4121e5cda400cd504ad62391a24b08558c8433d8128f1
035_random_3sat_uniform_scale150.cnf,random_3sat,150,uniform,0,31035,150,639,0,0,639,0,0,[],[],[],TO_VALIDATE,d3cdad761a797fc6bb525744e20d8dd35086bc6158c9fdd707a99843578872c4
036_random_3sat_planted_sat_scale150.cnf,random_3sat,150,planted_sat,0,31036,150,639,0,0,639,0,0,[],[],[],SATISFIABLE,d7287a0be3355d9645c05692f7dbb2355004a814a1bd8dd1c265f75bbdeb22bb
037_random_3sat_uniform_scale250.cnf,random_3sat,250,uniform,0,31037,250,1065,0,0,1065,0,0,[],[],[],TO_VALIDATE,81123137c1a2a20a09fca045cb353e999f58ecd04a2d569dd34b9092ac75f3f8
038_random_3sat_planted_sat_scale250.cnf,random_3sat,250,planted_sat,0,31038,250,1065,0,0,1065,0,0,[],[],[],SATISFIABLE,cd9daa4efb7c36a6a2cb14a0965d0c0b30f9207b6c6922bffa0605e45d64ccd9
039_random_3sat_uniform_scale400.cnf,random_3sat,400,uniform,0,31039,400,1704,0,0,1704,0,0,[],[],[],TO_VALIDATE,e73e416f99d4a988b9a594e16627c841d27d87f652c95d1fd94b6fce7faf993e
040_random_3sat_planted_sat_scale400.cnf,random_3sat,400,planted_sat,0,31040,400,1704,0,0,1704,0,0,[],[],[],SATISFIABLE,786f09b40adbd0d1f1c40d80f16d4ae80aab8f57d4256382c2b6d568b74ded30
041_random_3sat_uniform_scale600.cnf,random_3sat,600,uniform,0,31041,600,2556,0,0,2556,0,0,[],[],[],TO_VALIDATE,fd2f0e817612d2db5b86c5185258e28a339988d13fe2a5bd1b5cb1e7cbae3bbb
042_random_3sat_planted_sat_scale600.cnf,random_3sat,600,planted_sat,0,31042,600,2556,0,0,2556,0,0,[],[],[],SATISFIABLE,22cf3d1b7643b996d8ffcbb26687addabf90095bbf246a99e98446ebf112f92d
043_random_3sat_uniform_scale800.cnf,random_3sat,800,uniform,0,31043,800,3408,0,0,3408,0,0,[],[],[],TO_VALIDATE,cdc5f67625906960b95a3eb274a734adec7c4a7243685c459781b41321851063
044_random_3sat_planted_sat_scale800.cnf,random_3sat,800,planted_sat,0,31044,800,3408,0,0,3408,0,0,[],[],[],SATISFIABLE,26befeea6d191a36d3a90996268db3df22b5c4f4cc0f8cc1826ca182e57d5a87
