instance,family,scale,variant,variables,clauses,cnf_sha256,solver,runtime_ms,status,timed_out,parse_ms,gate_ms,recovery_ms,registry_ms,flow_ms,fallback_ms,structural_result,fallback_used,peak_rss_kb,witness_check_ms
001_pigeonhole_exact1_scale8_phase4a_sweep.cnf,pigeonhole_exact1,8,phase4a_sweep,56,372,b592f7eb50acaf4ef19086702489f78a4652b8720ca6dbb776a2f57332fb8c76,native_lkk,34.318324,UNSATISFIABLE,False,1.25784,0.048094,0.104247,8.30787,0.011305,0,UNSAT,False,4144,5.8744
001_pigeonhole_exact1_scale8_phase4a_sweep.cnf,pigeonhole_exact1,8,phase4a_sweep,56,372,b592f7eb50acaf4ef19086702489f78a4652b8720ca6dbb776a2f57332fb8c76,cadical,117.125938,UNSATISFIABLE,False,,,,,,,,,2552,
001_pigeonhole_exact1_scale8_phase4a_sweep.cnf,pigeonhole_exact1,8,phase4a_sweep,56,372,b592f7eb50acaf4ef19086702489f78a4652b8720ca6dbb776a2f57332fb8c76,kissat,34.483545,UNSATISFIABLE,False,,,,,,,,,1732,
002_pigeonhole_exact1_scale9_phase4a_sweep.cnf,pigeonhole_exact1,9,phase4a_sweep,72,549,8375ac92c5794a81d337eb6bc8af7a45549221f0853944c3300a6dc0631341cc,native_lkk,66.709686,UNSATISFIABLE,False,1.47756,0.085657,0.15376,24.6379,0.021394,0,UNSAT,False,4228,7.4515
002_pigeonhole_exact1_scale9_phase4a_sweep.cnf,pigeonhole_exact1,9,phase4a_sweep,72,549,8375ac92c5794a81d337eb6bc8af7a45549221f0853944c3300a6dc0631341cc,cadical,518.587651,UNSATISFIABLE,False,,,,,,,,,3372,
002_pigeonhole_exact1_scale9_phase4a_sweep.cnf,pigeonhole_exact1,9,phase4a_sweep,72,549,8375ac92c5794a81d337eb6bc8af7a45549221f0853944c3300a6dc0631341cc,kissat,219.488448,UNSATISFIABLE,False,,,,,,,,,2060,
003_pigeonhole_exact1_scale10_phase4a_sweep.cnf,pigeonhole_exact1,10,phase4a_sweep,90,775,7056875616f4c990cc82f321add903343d824a8b48d83f67141fa097e309c5d6,native_lkk,117.121411,UNSATISFIABLE,False,1.79723,0.0943,0.203866,54.4565,0.023668,0,UNSAT,False,4152,11.6417
003_pigeonhole_exact1_scale10_phase4a_sweep.cnf,pigeonhole_exact1,10,phase4a_sweep,90,775,7056875616f4c990cc82f321add903343d824a8b48d83f67141fa097e309c5d6,cadical,4233.535163,UNSATISFIABLE,False,,,,,,,,,7748,
003_pigeonhole_exact1_scale10_phase4a_sweep.cnf,pigeonhole_exact1,10,phase4a_sweep,90,775,7056875616f4c990cc82f321add903343d824a8b48d83f67141fa097e309c5d6,kissat,468.297509,UNSATISFIABLE,False,,,,,,,,,3124,
004_pigeonhole_exact1_scale11_phase4a_sweep.cnf,pigeonhole_exact1,11,phase4a_sweep,110,1056,ac8478458a27bf67a0d59744432c05a178323902e42e08673dd8d6d74df8a79f,native_lkk,117.067548,UNSATISFIABLE,False,1.62217,0.111067,0.304804,88.1716,0.033352,0,UNSAT,False,4420,18.2091
004_pigeonhole_exact1_scale11_phase4a_sweep.cnf,pigeonhole_exact1,11,phase4a_sweep,110,1056,ac8478458a27bf67a0d59744432c05a178323902e42e08673dd8d6d74df8a79f,cadical,5044.290048,TIMEOUT,True,,,,,,,,,1760,
004_pigeonhole_exact1_scale11_phase4a_sweep.cnf,pigeonhole_exact1,11,phase4a_sweep,110,1056,ac8478458a27bf67a0d59744432c05a178323902e42e08673dd8d6d74df8a79f,kissat,2576.864465,UNSATISFIABLE,False,,,,,,,,,5708,
005_pigeonhole_exact1_scale12_phase4a_sweep.cnf,pigeonhole_exact1,12,phase4a_sweep,132,1398,8526cccc50cd98feae01c8fb943d9867839eb02e831e8286d3d4ff29e4c8e5b0,native_lkk,217.71145,UNSATISFIABLE,False,1.70539,0.163525,0.353038,176.214,0.054889,0,UNSAT,False,4348,27.6706
005_pigeonhole_exact1_scale12_phase4a_sweep.cnf,pigeonhole_exact1,12,phase4a_sweep,132,1398,8526cccc50cd98feae01c8fb943d9867839eb02e831e8286d3d4ff29e4c8e5b0,cadical,5037.543487,TIMEOUT,True,,,,,,,,,1740,
005_pigeonhole_exact1_scale12_phase4a_sweep.cnf,pigeonhole_exact1,12,phase4a_sweep,132,1398,8526cccc50cd98feae01c8fb943d9867839eb02e831e8286d3d4ff29e4c8e5b0,kissat,5035.303418,TIMEOUT,True,,,,,,,,,1700,
006_capacity2_violation_scale3_phase4a_sweep.cnf,capacity2_violation,3,phase4a_sweep,21,133,f52a3d4f79faec0aa3e1b1a3a80eef9b526c8b32b387949922226f42285ea867,native_lkk,18.658856,UNSATISFIABLE,False,1.21371,0.021951,0.050379,3.06842,0.007401,0,UNSAT,False,4164,2.4358
006_capacity2_violation_scale3_phase4a_sweep.cnf,capacity2_violation,3,phase4a_sweep,21,133,f52a3d4f79faec0aa3e1b1a3a80eef9b526c8b32b387949922226f42285ea867,cadical,66.286058,UNSATISFIABLE,False,,,,,,,,,1924,
006_capacity2_violation_scale3_phase4a_sweep.cnf,capacity2_violation,3,phase4a_sweep,21,133,f52a3d4f79faec0aa3e1b1a3a80eef9b526c8b32b387949922226f42285ea867,kissat,18.028366,UNSATISFIABLE,False,,,,,,,,,1704,
007_capacity2_violation_scale4_phase4a_sweep.cnf,capacity2_violation,4,phase4a_sweep,36,399,97b5a4068543f43066e725c8217ad79fa61eb6b1a91d81e804fda604625eeda2,native_lkk,67.187772,UNSATISFIABLE,False,1.29007,0.053985,0.126195,32.8963,0.010127,0,UNSAT,False,4036,6.0711
007_capacity2_violation_scale4_phase4a_sweep.cnf,capacity2_violation,4,phase4a_sweep,36,399,97b5a4068543f43066e725c8217ad79fa61eb6b1a91d81e804fda604625eeda2,cadical,66.867909,UNSATISFIABLE,False,,,,,,,,,2536,
007_capacity2_violation_scale4_phase4a_sweep.cnf,capacity2_violation,4,phase4a_sweep,36,399,97b5a4068543f43066e725c8217ad79fa61eb6b1a91d81e804fda604625eeda2,kissat,36.38865,UNSATISFIABLE,False,,,,,,,,,1684,
008_capacity2_violation_scale5_phase4a_sweep.cnf,capacity2_violation,5,phase4a_sweep,55,946,56f6d7ffe29e4b7ffa61a1ddf44945a570783e4c7947ec5e471f3c2522086a76,native_lkk,269.230876,UNSATISFIABLE,False,1.8054,0.123054,0.27569,218.715,0.016359,0,UNSAT,False,4368,16.4366
008_capacity2_violation_scale5_phase4a_sweep.cnf,capacity2_violation,5,phase4a_sweep,55,946,56f6d7ffe29e4b7ffa61a1ddf44945a570783e4c7947ec5e471f3c2522086a76,cadical,669.359405,UNSATISFIABLE,False,,,,,,,,,4784,
008_capacity2_violation_scale5_phase4a_sweep.cnf,capacity2_violation,5,phase4a_sweep,55,946,56f6d7ffe29e4b7ffa61a1ddf44945a570783e4c7947ec5e471f3c2522086a76,kissat,217.49256,UNSATISFIABLE,False,,,,,,,,,2820,
009_capacity2_violation_scale6_phase4a_sweep.cnf,capacity2_violation,6,phase4a_sweep,78,1924,b8db3ddfe498dd98fcc01040d71c9f76c65f85fa90be21a62d78bb67b3a6cf3f,native_lkk,1120.61482,UNSATISFIABLE,False,2.12626,0.224173,0.523816,1083.5,0.02128,0,UNSAT,False,4664,48.8712
009_capacity2_violation_scale6_phase4a_sweep.cnf,capacity2_violation,6,phase4a_sweep,78,1924,b8db3ddfe498dd98fcc01040d71c9f76c65f85fa90be21a62d78bb67b3a6cf3f,cadical,5036.670899,TIMEOUT,True,,,,,,,,,1736,
009_capacity2_violation_scale6_phase4a_sweep.cnf,capacity2_violation,6,phase4a_sweep,78,1924,b8db3ddfe498dd98fcc01040d71c9f76c65f85fa90be21a62d78bb67b3a6cf3f,kissat,2124.538488,UNSATISFIABLE,False,,,,,,,,,6660,
010_capacity2_violation_scale7_phase4a_sweep.cnf,capacity2_violation,7,phase4a_sweep,105,3515,be1ee15e5c96254630e90af570545198f61668985441c3abf8d2cbc9b54ad625,native_lkk,5036.547307,TIMEOUT,True,,,,,,,,,1732,0.0
010_capacity2_violation_scale7_phase4a_sweep.cnf,capacity2_violation,7,phase4a_sweep,105,3515,be1ee15e5c96254630e90af570545198f61668985441c3abf8d2cbc9b54ad625,cadical,5035.066188,TIMEOUT,True,,,,,,,,,1708,
010_capacity2_violation_scale7_phase4a_sweep.cnf,capacity2_violation,7,phase4a_sweep,105,3515,be1ee15e5c96254630e90af570545198f61668985441c3abf8d2cbc9b54ad625,kissat,5038.189242,TIMEOUT,True,,,,,,,,,1624,
011_capacity2_violation_scale8_phase4a_sweep.cnf,capacity2_violation,8,phase4a_sweep,136,5933,0b5cafd1773afe0c13ed23de8f6586cf95c29a9bdb91f2e68564ec2967e1699a,native_lkk,5038.09705,TIMEOUT,True,,,,,,,,,1748,0.0
011_capacity2_violation_scale8_phase4a_sweep.cnf,capacity2_violation,8,phase4a_sweep,136,5933,0b5cafd1773afe0c13ed23de8f6586cf95c29a9bdb91f2e68564ec2967e1699a,cadical,5039.753445,TIMEOUT,True,,,,,,,,,1656,
011_capacity2_violation_scale8_phase4a_sweep.cnf,capacity2_violation,8,phase4a_sweep,136,5933,0b5cafd1773afe0c13ed23de8f6586cf95c29a9bdb91f2e68564ec2967e1699a,kissat,5035.837731,TIMEOUT,True,,,,,,,,,1656,
012_exact_r_allocation_scale11_phase4a_profile.cnf,exact_r_allocation,11,phase4a_profile,66,1221,748d66cdb044d673f5f8343a4b5673ec60dd7a6043ce077dc46ab6c329521858,native_lkk,5036.704277,TIMEOUT,True,,,,,,,,,1756,0.0
012_exact_r_allocation_scale11_phase4a_profile.cnf,exact_r_allocation,11,phase4a_profile,66,1221,748d66cdb044d673f5f8343a4b5673ec60dd7a6043ce077dc46ab6c329521858,cadical,5034.231794,TIMEOUT,True,,,,,,,,,1752,
012_exact_r_allocation_scale11_phase4a_profile.cnf,exact_r_allocation,11,phase4a_profile,66,1221,748d66cdb044d673f5f8343a4b5673ec60dd7a6043ce077dc46ab6c329521858,kissat,5037.330986,TIMEOUT,True,,,,,,,,,1652,
013_overlapping_hall_violation_scale8_phase4a_sweep.cnf,overlapping_hall_violation,8,phase4a_sweep,144,1097,7f4e2393a53ceb368001fc2ca3839d962714822710d22b1118d59e0e74cfe6f1,native_lkk,819.865196,UNSATISFIABLE,False,2.22458,0.155604,0.361999,351.274,0,444.446,UNKNOWN,True,6848,0.0
013_overlapping_hall_violation_scale8_phase4a_sweep.cnf,overlapping_hall_violation,8,phase4a_sweep,144,1097,7f4e2393a53ceb368001fc2ca3839d962714822710d22b1118d59e0e74cfe6f1,cadical,518.958498,UNSATISFIABLE,False,,,,,,,,,3476,
013_overlapping_hall_violation_scale8_phase4a_sweep.cnf,overlapping_hall_violation,8,phase4a_sweep,144,1097,7f4e2393a53ceb368001fc2ca3839d962714822710d22b1118d59e0e74cfe6f1,kissat,116.946351,UNSATISFIABLE,False,,,,,,,,,2456,
014_overlapping_hall_violation_scale9_phase4a_sweep.cnf,overlapping_hall_violation,9,phase4a_sweep,180,1549,402c03482522eaa4691e1332f0fdebc54b6ef327b9219efbadef1c22dc7ae7be,native_lkk,4031.478956,UNSATISFIABLE,False,1.84406,0.202061,0.399817,378.578,0,3640.05,UNKNOWN,True,10072,0.0
014_overlapping_hall_violation_scale9_phase4a_sweep.cnf,overlapping_hall_violation,9,phase4a_sweep,180,1549,402c03482522eaa4691e1332f0fdebc54b6ef327b9219efbadef1c22dc7ae7be,cadical,3830.64095,UNSATISFIABLE,False,,,,,,,,,6996,
014_overlapping_hall_violation_scale9_phase4a_sweep.cnf,overlapping_hall_violation,9,phase4a_sweep,180,1549,402c03482522eaa4691e1332f0fdebc54b6ef327b9219efbadef1c22dc7ae7be,kissat,367.330013,UNSATISFIABLE,False,,,,,,,,,3268,
015_overlapping_hall_violation_scale10_phase4a_sweep.cnf,overlapping_hall_violation,10,phase4a_sweep,220,2111,808622947779983608021ea1d42610c12cfdee5d6ae7201c951a5a428e4e9d57,native_lkk,5035.59423,TIMEOUT,True,,,,,,,,,1688,0.0
015_overlapping_hall_violation_scale10_phase4a_sweep.cnf,overlapping_hall_violation,10,phase4a_sweep,220,2111,808622947779983608021ea1d42610c12cfdee5d6ae7201c951a5a428e4e9d57,cadical,5032.781797,TIMEOUT,True,,,,,,,,,1684,
015_overlapping_hall_violation_scale10_phase4a_sweep.cnf,overlapping_hall_violation,10,phase4a_sweep,220,2111,808622947779983608021ea1d42610c12cfdee5d6ae7201c951a5a428e4e9d57,kissat,1822.436956,UNSATISFIABLE,False,,,,,,,,,5836,
016_random_3sat_scale150_planted_sat.cnf,random_3sat,150,planted_sat,150,639,aff26fa010fab96821e59793d2139d43549bf54962864f9cebe4010ebd195bd7,native_lkk,34.512897,SATISFIABLE,False,1.46809,0.136051,0.227157,0.546248,0,14.3747,UNKNOWN,True,5876,0.0
016_random_3sat_scale150_planted_sat.cnf,random_3sat,150,planted_sat,150,639,aff26fa010fab96821e59793d2139d43549bf54962864f9cebe4010ebd195bd7,cadical,67.312375,SATISFIABLE,False,,,,,,,,,2560,
016_random_3sat_scale150_planted_sat.cnf,random_3sat,150,planted_sat,150,639,aff26fa010fab96821e59793d2139d43549bf54962864f9cebe4010ebd195bd7,kissat,117.527048,SATISFIABLE,False,,,,,,,,,1860,
017_random_3sat_scale400_planted_sat.cnf,random_3sat,400,planted_sat,400,1704,e962a07052b8bd4ba321d6aad84b64b89b4480bc667d92e78ea985fa47de6b31,native_lkk,820.735721,SATISFIABLE,False,3.11993,0.450963,0.686355,4.22897,0,752.262,UNKNOWN,True,8456,0.0
017_random_3sat_scale400_planted_sat.cnf,random_3sat,400,planted_sat,400,1704,e962a07052b8bd4ba321d6aad84b64b89b4480bc667d92e78ea985fa47de6b31,cadical,820.857498,SATISFIABLE,False,,,,,,,,,5204,
017_random_3sat_scale400_planted_sat.cnf,random_3sat,400,planted_sat,400,1704,e962a07052b8bd4ba321d6aad84b64b89b4480bc667d92e78ea985fa47de6b31,kissat,117.185226,SATISFIABLE,False,,,,,,,,,2104,
018_random_3sat_scale800_planted_sat.cnf,random_3sat,800,planted_sat,800,3408,82bb800eae27ad9a25817e1e6c9472c03088fdceaf860c310ce8842e989b84e1,native_lkk,1021.381705,SATISFIABLE,False,3.90392,0.837251,1.44646,17.0183,0,948.693,UNKNOWN,True,10480,0.0
018_random_3sat_scale800_planted_sat.cnf,random_3sat,800,planted_sat,800,3408,82bb800eae27ad9a25817e1e6c9472c03088fdceaf860c310ce8842e989b84e1,cadical,1122.396651,SATISFIABLE,False,,,,,,,,,6396,
018_random_3sat_scale800_planted_sat.cnf,random_3sat,800,planted_sat,800,3408,82bb800eae27ad9a25817e1e6c9472c03088fdceaf860c310ce8842e989b84e1,kissat,167.848383,SATISFIABLE,False,,,,,,,,,2516,
