instance,family,scale,variant,seed,solver,runtime_ms,status,timed_out,peak_rss_kb
001_pigeonhole_exact1_boundary_low_scale8_noise0.cnf,pigeonhole_exact1,8,boundary_low,1,kissat,34.085442,UNSATISFIABLE,False,1712
001_pigeonhole_exact1_boundary_low_scale8_noise0.cnf,pigeonhole_exact1,8,boundary_low,1,native_lkk,34.522268,UNSATISFIABLE,False,4304
001_pigeonhole_exact1_boundary_low_scale8_noise0.cnf,pigeonhole_exact1,8,boundary_low,1,cadical,116.920374,UNSATISFIABLE,False,2552
001_pigeonhole_exact1_boundary_low_scale8_noise0.cnf,pigeonhole_exact1,8,boundary_low,2,native_lkk,34.702098,UNSATISFIABLE,False,4160
001_pigeonhole_exact1_boundary_low_scale8_noise0.cnf,pigeonhole_exact1,8,boundary_low,2,cadical,117.184889,UNSATISFIABLE,False,2552
001_pigeonhole_exact1_boundary_low_scale8_noise0.cnf,pigeonhole_exact1,8,boundary_low,2,kissat,34.234133,UNSATISFIABLE,False,1808
001_pigeonhole_exact1_boundary_low_scale8_noise0.cnf,pigeonhole_exact1,8,boundary_low,3,cadical,116.840215,UNSATISFIABLE,False,2548
001_pigeonhole_exact1_boundary_low_scale8_noise0.cnf,pigeonhole_exact1,8,boundary_low,3,kissat,34.520803,UNSATISFIABLE,False,1808
001_pigeonhole_exact1_boundary_low_scale8_noise0.cnf,pigeonhole_exact1,8,boundary_low,3,native_lkk,35.387846,UNSATISFIABLE,False,4128
002_pigeonhole_exact1_boundary_high_scale10_noise0.cnf,pigeonhole_exact1,10,boundary_high,1,native_lkk,118.273334,UNSATISFIABLE,False,4352
002_pigeonhole_exact1_boundary_high_scale10_noise0.cnf,pigeonhole_exact1,10,boundary_high,1,cadical,4032.260172,UNSATISFIABLE,False,7748
002_pigeonhole_exact1_boundary_high_scale10_noise0.cnf,pigeonhole_exact1,10,boundary_high,1,kissat,418.238768,UNSATISFIABLE,False,3124
002_pigeonhole_exact1_boundary_high_scale10_noise0.cnf,pigeonhole_exact1,10,boundary_high,2,cadical,4230.757711,UNSATISFIABLE,False,7544
002_pigeonhole_exact1_boundary_high_scale10_noise0.cnf,pigeonhole_exact1,10,boundary_high,2,kissat,518.022689,UNSATISFIABLE,False,3124
002_pigeonhole_exact1_boundary_high_scale10_noise0.cnf,pigeonhole_exact1,10,boundary_high,2,native_lkk,117.700009,UNSATISFIABLE,False,4428
002_pigeonhole_exact1_boundary_high_scale10_noise0.cnf,pigeonhole_exact1,10,boundary_high,3,kissat,468.365759,UNSATISFIABLE,False,3004
002_pigeonhole_exact1_boundary_high_scale10_noise0.cnf,pigeonhole_exact1,10,boundary_high,3,native_lkk,66.953547,UNSATISFIABLE,False,4364
002_pigeonhole_exact1_boundary_high_scale10_noise0.cnf,pigeonhole_exact1,10,boundary_high,3,cadical,4784.267285,UNSATISFIABLE,False,8032
003_exact_r_allocation_boundary_low_scale9_noise0.cnf,exact_r_allocation,9,boundary_low,1,cadical,217.351623,UNSATISFIABLE,False,2880
003_exact_r_allocation_boundary_low_scale9_noise0.cnf,exact_r_allocation,9,boundary_low,1,kissat,168.649227,UNSATISFIABLE,False,2256
003_exact_r_allocation_boundary_low_scale9_noise0.cnf,exact_r_allocation,9,boundary_low,1,native_lkk,67.337077,UNSATISFIABLE,False,4248
003_exact_r_allocation_boundary_low_scale9_noise0.cnf,exact_r_allocation,9,boundary_low,2,kissat,218.948476,UNSATISFIABLE,False,2524
003_exact_r_allocation_boundary_low_scale9_noise0.cnf,exact_r_allocation,9,boundary_low,2,native_lkk,66.774141,UNSATISFIABLE,False,4060
003_exact_r_allocation_boundary_low_scale9_noise0.cnf,exact_r_allocation,9,boundary_low,2,cadical,217.657299,UNSATISFIABLE,False,2852
003_exact_r_allocation_boundary_low_scale9_noise0.cnf,exact_r_allocation,9,boundary_low,3,native_lkk,67.827656,UNSATISFIABLE,False,4100
003_exact_r_allocation_boundary_low_scale9_noise0.cnf,exact_r_allocation,9,boundary_low,3,cadical,218.054556,UNSATISFIABLE,False,2804
003_exact_r_allocation_boundary_low_scale9_noise0.cnf,exact_r_allocation,9,boundary_low,3,kissat,168.394506,UNSATISFIABLE,False,2028
004_exact_r_allocation_boundary_high_scale11_noise0.cnf,exact_r_allocation,11,boundary_high,1,kissat,5034.493107,TIMEOUT,True,1688
004_exact_r_allocation_boundary_high_scale11_noise0.cnf,exact_r_allocation,11,boundary_high,1,native_lkk,5036.131022,TIMEOUT,True,1752
004_exact_r_allocation_boundary_high_scale11_noise0.cnf,exact_r_allocation,11,boundary_high,1,cadical,5035.934974,TIMEOUT,True,1688
004_exact_r_allocation_boundary_high_scale11_noise0.cnf,exact_r_allocation,11,boundary_high,2,native_lkk,5040.008794,TIMEOUT,True,1688
004_exact_r_allocation_boundary_high_scale11_noise0.cnf,exact_r_allocation,11,boundary_high,2,cadical,5039.962297,TIMEOUT,True,1736
004_exact_r_allocation_boundary_high_scale11_noise0.cnf,exact_r_allocation,11,boundary_high,2,kissat,5038.807701,TIMEOUT,True,1624
004_exact_r_allocation_boundary_high_scale11_noise0.cnf,exact_r_allocation,11,boundary_high,3,cadical,5037.536471,TIMEOUT,True,1768
004_exact_r_allocation_boundary_high_scale11_noise0.cnf,exact_r_allocation,11,boundary_high,3,kissat,5037.37367,TIMEOUT,True,1740
004_exact_r_allocation_boundary_high_scale11_noise0.cnf,exact_r_allocation,11,boundary_high,3,native_lkk,5039.241226,TIMEOUT,True,1656
005_overlapping_hall_violation_boundary_low_scale8_noise0.cnf,overlapping_hall_violation,8,boundary_low,1,native_lkk,770.420692,UNSATISFIABLE,False,6672
005_overlapping_hall_violation_boundary_low_scale8_noise0.cnf,overlapping_hall_violation,8,boundary_low,1,cadical,468.09053,UNSATISFIABLE,False,3480
005_overlapping_hall_violation_boundary_low_scale8_noise0.cnf,overlapping_hall_violation,8,boundary_low,1,kissat,116.800766,UNSATISFIABLE,False,2452
005_overlapping_hall_violation_boundary_low_scale8_noise0.cnf,overlapping_hall_violation,8,boundary_low,2,cadical,368.561344,UNSATISFIABLE,False,3276
005_overlapping_hall_violation_boundary_low_scale8_noise0.cnf,overlapping_hall_violation,8,boundary_low,2,kissat,167.517699,UNSATISFIABLE,False,1924
005_overlapping_hall_violation_boundary_low_scale8_noise0.cnf,overlapping_hall_violation,8,boundary_low,2,native_lkk,668.829163,UNSATISFIABLE,False,6208
005_overlapping_hall_violation_boundary_low_scale8_noise0.cnf,overlapping_hall_violation,8,boundary_low,3,kissat,167.481748,UNSATISFIABLE,False,1980
005_overlapping_hall_violation_boundary_low_scale8_noise0.cnf,overlapping_hall_violation,8,boundary_low,3,native_lkk,720.355315,UNSATISFIABLE,False,6536
005_overlapping_hall_violation_boundary_low_scale8_noise0.cnf,overlapping_hall_violation,8,boundary_low,3,cadical,417.857444,UNSATISFIABLE,False,3568
006_overlapping_hall_violation_boundary_high_scale9_noise0.cnf,overlapping_hall_violation,9,boundary_high,1,cadical,3881.32839,UNSATISFIABLE,False,6992
006_overlapping_hall_violation_boundary_high_scale9_noise0.cnf,overlapping_hall_violation,9,boundary_high,1,kissat,367.24476,UNSATISFIABLE,False,3272
006_overlapping_hall_violation_boundary_high_scale9_noise0.cnf,overlapping_hall_violation,9,boundary_high,1,native_lkk,4485.212137,UNSATISFIABLE,False,10064
006_overlapping_hall_violation_boundary_high_scale9_noise0.cnf,overlapping_hall_violation,9,boundary_high,2,kissat,367.76026,UNSATISFIABLE,False,3016
006_overlapping_hall_violation_boundary_high_scale9_noise0.cnf,overlapping_hall_violation,9,boundary_high,2,native_lkk,4936.877167,UNSATISFIABLE,False,10380
006_overlapping_hall_violation_boundary_high_scale9_noise0.cnf,overlapping_hall_violation,9,boundary_high,2,cadical,4032.069598,UNSATISFIABLE,False,7212
006_overlapping_hall_violation_boundary_high_scale9_noise0.cnf,overlapping_hall_violation,9,boundary_high,3,native_lkk,3729.634989,UNSATISFIABLE,False,9052
006_overlapping_hall_violation_boundary_high_scale9_noise0.cnf,overlapping_hall_violation,9,boundary_high,3,cadical,3429.056149,UNSATISFIABLE,False,5912
006_overlapping_hall_violation_boundary_high_scale9_noise0.cnf,overlapping_hall_violation,9,boundary_high,3,kissat,368.035827,UNSATISFIABLE,False,2740
007_capacity2_violation_boundary_low_scale5_noise0.cnf,capacity2_violation,5,boundary_low,1,kissat,216.696509,UNSATISFIABLE,False,2816
007_capacity2_violation_boundary_low_scale5_noise0.cnf,capacity2_violation,5,boundary_low,1,native_lkk,267.801363,UNSATISFIABLE,False,4324
007_capacity2_violation_boundary_low_scale5_noise0.cnf,capacity2_violation,5,boundary_low,1,cadical,669.12206,UNSATISFIABLE,False,4788
007_capacity2_violation_boundary_low_scale5_noise0.cnf,capacity2_violation,5,boundary_low,2,native_lkk,267.890095,UNSATISFIABLE,False,4268
007_capacity2_violation_boundary_low_scale5_noise0.cnf,capacity2_violation,5,boundary_low,2,cadical,919.896505,UNSATISFIABLE,False,4736
007_capacity2_violation_boundary_low_scale5_noise0.cnf,capacity2_violation,5,boundary_low,2,kissat,267.447653,UNSATISFIABLE,False,2824
007_capacity2_violation_boundary_low_scale5_noise0.cnf,capacity2_violation,5,boundary_low,3,cadical,1722.57485,UNSATISFIABLE,False,7948
007_capacity2_violation_boundary_low_scale5_noise0.cnf,capacity2_violation,5,boundary_low,3,kissat,216.566536,UNSATISFIABLE,False,2828
007_capacity2_violation_boundary_low_scale5_noise0.cnf,capacity2_violation,5,boundary_low,3,native_lkk,267.610359,UNSATISFIABLE,False,4216
008_capacity2_violation_noise100_scale5_noise100.cnf,capacity2_violation,5,noise100,1,native_lkk,317.572623,UNSATISFIABLE,False,4572
008_capacity2_violation_noise100_scale5_noise100.cnf,capacity2_violation,5,noise100,1,cadical,1923.502224,UNSATISFIABLE,False,8556
008_capacity2_violation_noise100_scale5_noise100.cnf,capacity2_violation,5,noise100,1,kissat,217.236133,UNSATISFIABLE,False,2752
008_capacity2_violation_noise100_scale5_noise100.cnf,capacity2_violation,5,noise100,2,cadical,1575.41285,UNSATISFIABLE,False,6748
008_capacity2_violation_noise100_scale5_noise100.cnf,capacity2_violation,5,noise100,2,kissat,217.743673,UNSATISFIABLE,False,2920
008_capacity2_violation_noise100_scale5_noise100.cnf,capacity2_violation,5,noise100,2,native_lkk,368.722939,UNSATISFIABLE,False,4572
008_capacity2_violation_noise100_scale5_noise100.cnf,capacity2_violation,5,noise100,3,kissat,318.256187,UNSATISFIABLE,False,2912
008_capacity2_violation_noise100_scale5_noise100.cnf,capacity2_violation,5,noise100,3,native_lkk,318.162424,UNSATISFIABLE,False,4392
008_capacity2_violation_noise100_scale5_noise100.cnf,capacity2_violation,5,noise100,3,cadical,1221.621685,UNSATISFIABLE,False,6812
009_hidden_pigeonhole_visible_noise0_scale9_noise0.cnf,hidden_pigeonhole,9,visible_noise0,1,cadical,469.030823,UNSATISFIABLE,False,3504
009_hidden_pigeonhole_visible_noise0_scale9_noise0.cnf,hidden_pigeonhole,9,visible_noise0,1,kissat,168.730021,UNSATISFIABLE,False,2464
009_hidden_pigeonhole_visible_noise0_scale9_noise0.cnf,hidden_pigeonhole,9,visible_noise0,1,native_lkk,67.130879,UNSATISFIABLE,False,4564
009_hidden_pigeonhole_visible_noise0_scale9_noise0.cnf,hidden_pigeonhole,9,visible_noise0,2,kissat,117.282494,UNSATISFIABLE,False,2468
009_hidden_pigeonhole_visible_noise0_scale9_noise0.cnf,hidden_pigeonhole,9,visible_noise0,2,native_lkk,67.339675,UNSATISFIABLE,False,4556
009_hidden_pigeonhole_visible_noise0_scale9_noise0.cnf,hidden_pigeonhole,9,visible_noise0,2,cadical,519.136183,UNSATISFIABLE,False,3384
009_hidden_pigeonhole_visible_noise0_scale9_noise0.cnf,hidden_pigeonhole,9,visible_noise0,3,native_lkk,68.967883,UNSATISFIABLE,False,4440
009_hidden_pigeonhole_visible_noise0_scale9_noise0.cnf,hidden_pigeonhole,9,visible_noise0,3,cadical,519.062446,UNSATISFIABLE,False,3504
009_hidden_pigeonhole_visible_noise0_scale9_noise0.cnf,hidden_pigeonhole,9,visible_noise0,3,kissat,167.132611,UNSATISFIABLE,False,2464
010_hidden_pigeonhole_hidden_noise100_scale9_noise100.cnf,hidden_pigeonhole,9,hidden_noise100,1,kissat,167.520323,UNSATISFIABLE,False,2544
010_hidden_pigeonhole_hidden_noise100_scale9_noise100.cnf,hidden_pigeonhole,9,hidden_noise100,1,native_lkk,468.233587,UNSATISFIABLE,False,7320
010_hidden_pigeonhole_hidden_noise100_scale9_noise100.cnf,hidden_pigeonhole,9,hidden_noise100,1,cadical,518.093263,UNSATISFIABLE,False,3900
010_hidden_pigeonhole_hidden_noise100_scale9_noise100.cnf,hidden_pigeonhole,9,hidden_noise100,2,native_lkk,518.300372,UNSATISFIABLE,False,7088
010_hidden_pigeonhole_hidden_noise100_scale9_noise100.cnf,hidden_pigeonhole,9,hidden_noise100,2,cadical,468.32514,UNSATISFIABLE,False,3940
010_hidden_pigeonhole_hidden_noise100_scale9_noise100.cnf,hidden_pigeonhole,9,hidden_noise100,2,kissat,167.152885,UNSATISFIABLE,False,2548
010_hidden_pigeonhole_hidden_noise100_scale9_noise100.cnf,hidden_pigeonhole,9,hidden_noise100,3,cadical,568.74568,UNSATISFIABLE,False,3700
010_hidden_pigeonhole_hidden_noise100_scale9_noise100.cnf,hidden_pigeonhole,9,hidden_noise100,3,kissat,116.501984,UNSATISFIABLE,False,2544
010_hidden_pigeonhole_hidden_noise100_scale9_noise100.cnf,hidden_pigeonhole,9,hidden_noise100,3,native_lkk,519.489906,UNSATISFIABLE,False,7112
011_satisfiable_capacity_control_sat_fallback_scale24_noise0.cnf,satisfiable_capacity_control,24,sat_fallback,1,native_lkk,67.511788,SATISFIABLE,False,8576
011_satisfiable_capacity_control_sat_fallback_scale24_noise0.cnf,satisfiable_capacity_control,24,sat_fallback,1,cadical,117.946967,SATISFIABLE,False,3112
011_satisfiable_capacity_control_sat_fallback_scale24_noise0.cnf,satisfiable_capacity_control,24,sat_fallback,1,kissat,18.384798,SATISFIABLE,False,1652
011_satisfiable_capacity_control_sat_fallback_scale24_noise0.cnf,satisfiable_capacity_control,24,sat_fallback,2,cadical,117.360683,SATISFIABLE,False,3108
011_satisfiable_capacity_control_sat_fallback_scale24_noise0.cnf,satisfiable_capacity_control,24,sat_fallback,2,kissat,35.08697,SATISFIABLE,False,1760
011_satisfiable_capacity_control_sat_fallback_scale24_noise0.cnf,satisfiable_capacity_control,24,sat_fallback,2,native_lkk,67.776168,SATISFIABLE,False,8600
011_satisfiable_capacity_control_sat_fallback_scale24_noise0.cnf,satisfiable_capacity_control,24,sat_fallback,3,kissat,35.002049,SATISFIABLE,False,1652
011_satisfiable_capacity_control_sat_fallback_scale24_noise0.cnf,satisfiable_capacity_control,24,sat_fallback,3,native_lkk,67.273497,SATISFIABLE,False,8492
011_satisfiable_capacity_control_sat_fallback_scale24_noise0.cnf,satisfiable_capacity_control,24,sat_fallback,3,cadical,117.362905,SATISFIABLE,False,3112
012_random_3sat_uniform_scale150_noise0.cnf,random_3sat,150,uniform,1,cadical,118.99998,SATISFIABLE,False,2644
012_random_3sat_uniform_scale150_noise0.cnf,random_3sat,150,uniform,1,kissat,117.516838,SATISFIABLE,False,1900
012_random_3sat_uniform_scale150_noise0.cnf,random_3sat,150,uniform,1,native_lkk,67.571475,SATISFIABLE,False,5704
012_random_3sat_uniform_scale150_noise0.cnf,random_3sat,150,uniform,2,kissat,117.644897,SATISFIABLE,False,1880
012_random_3sat_uniform_scale150_noise0.cnf,random_3sat,150,uniform,2,native_lkk,67.702823,SATISFIABLE,False,5788
012_random_3sat_uniform_scale150_noise0.cnf,random_3sat,150,uniform,2,cadical,117.478818,SATISFIABLE,False,2648
012_random_3sat_uniform_scale150_noise0.cnf,random_3sat,150,uniform,3,native_lkk,67.42821,SATISFIABLE,False,5848
012_random_3sat_uniform_scale150_noise0.cnf,random_3sat,150,uniform,3,cadical,117.495747,SATISFIABLE,False,2644
012_random_3sat_uniform_scale150_noise0.cnf,random_3sat,150,uniform,3,kissat,117.85266,SATISFIABLE,False,1884
013_random_3sat_planted_sat_scale400_noise0.cnf,random_3sat,400,planted_sat,1,kissat,116.58807,SATISFIABLE,False,2156
013_random_3sat_planted_sat_scale400_noise0.cnf,random_3sat,400,planted_sat,1,native_lkk,769.656917,SATISFIABLE,False,8852
013_random_3sat_planted_sat_scale400_noise0.cnf,random_3sat,400,planted_sat,1,cadical,770.04313,SATISFIABLE,False,5652
013_random_3sat_planted_sat_scale400_noise0.cnf,random_3sat,400,planted_sat,2,native_lkk,719.822771,SATISFIABLE,False,8488
013_random_3sat_planted_sat_scale400_noise0.cnf,random_3sat,400,planted_sat,2,cadical,769.86627,SATISFIABLE,False,5316
013_random_3sat_planted_sat_scale400_noise0.cnf,random_3sat,400,planted_sat,2,kissat,1874.20736,SATISFIABLE,False,5596
013_random_3sat_planted_sat_scale400_noise0.cnf,random_3sat,400,planted_sat,3,cadical,819.645568,SATISFIABLE,False,5380
013_random_3sat_planted_sat_scale400_noise0.cnf,random_3sat,400,planted_sat,3,kissat,569.078837,SATISFIABLE,False,4696
013_random_3sat_planted_sat_scale400_noise0.cnf,random_3sat,400,planted_sat,3,native_lkk,719.393781,SATISFIABLE,False,8440
014_random_3sat_planted_sat_scale800_noise0.cnf,random_3sat,800,planted_sat,1,native_lkk,720.130836,SATISFIABLE,False,9948
014_random_3sat_planted_sat_scale800_noise0.cnf,random_3sat,800,planted_sat,1,cadical,718.872275,SATISFIABLE,False,6348
014_random_3sat_planted_sat_scale800_noise0.cnf,random_3sat,800,planted_sat,1,kissat,116.373612,SATISFIABLE,False,2516
014_random_3sat_planted_sat_scale800_noise0.cnf,random_3sat,800,planted_sat,2,cadical,769.26075,SATISFIABLE,False,6276
014_random_3sat_planted_sat_scale800_noise0.cnf,random_3sat,800,planted_sat,2,kissat,166.960723,SATISFIABLE,False,2700
014_random_3sat_planted_sat_scale800_noise0.cnf,random_3sat,800,planted_sat,2,native_lkk,718.753057,SATISFIABLE,False,9876
014_random_3sat_planted_sat_scale800_noise0.cnf,random_3sat,800,planted_sat,3,kissat,116.935899,SATISFIABLE,False,2520
014_random_3sat_planted_sat_scale800_noise0.cnf,random_3sat,800,planted_sat,3,native_lkk,969.679855,SATISFIABLE,False,10596
014_random_3sat_planted_sat_scale800_noise0.cnf,random_3sat,800,planted_sat,3,cadical,1020.546029,SATISFIABLE,False,6876
