instance,seed,parse_ms,gate_ms,benefit_gate_ms,recovery_ms,registry_ms,flow_ms,witness_ms,fallback_ms,total_end_to_end_ms,peak_rss_kb,boxes_found,capacity_groups,flow_nodes,flow_edges,structural_result,fallback_used,recovery_abort_reason,witness_check_ms
001_pigeonhole_exact1_boundary_low_scale8_noise0.cnf,1,1.85543,0.066804,0.007004,0.107401,9.65198,0.015382,3.16501,0,15.275,3836,8,7,17,71,UNSAT,False,,6.1425
001_pigeonhole_exact1_boundary_low_scale8_noise0.cnf,2,1.93396,0.062701,0.006674,0.105097,8.43495,0.012128,2.69959,0,13.5625,3712,8,7,17,71,UNSAT,False,,5.8449
001_pigeonhole_exact1_boundary_low_scale8_noise0.cnf,3,2.17566,0.069343,0.007247,0.114637,8.8588,0.012429,2.67292,0,14.3015,3704,8,7,17,71,UNSAT,False,,5.9184
002_pigeonhole_exact1_boundary_high_scale10_noise0.cnf,1,2.6277,0.147539,0.008343,0.277243,50.4906,0.023258,4.90292,0,58.9738,3764,10,9,21,109,UNSAT,False,,13.489
002_pigeonhole_exact1_boundary_high_scale10_noise0.cnf,2,2.25937,0.131457,0.007742,0.279257,51.8262,0.022548,5.28846,0,60.2703,3820,10,9,21,109,UNSAT,False,,13.8572
002_pigeonhole_exact1_boundary_high_scale10_noise0.cnf,3,2.52461,0.12138,0.011486,0.243551,48.5219,0.019738,4.558,0,56.4527,3796,10,9,21,109,UNSAT,False,,13.7259
003_exact_r_allocation_boundary_low_scale9_noise0.cnf,1,2.61673,0.11826,0.012473,0.21416,22.4211,0.014207,3.84044,0,29.6928,3816,5,9,16,59,UNSAT,False,,10.6616
003_exact_r_allocation_boundary_low_scale9_noise0.cnf,2,2.39971,0.141022,0.006906,0.199851,21.4055,0.014323,4.03017,0,28.5993,3684,5,9,16,59,UNSAT,False,,10.6086
003_exact_r_allocation_boundary_low_scale9_noise0.cnf,3,2.62612,0.111914,0.007749,0.183819,23.0028,0.015501,4.57605,0,31.0621,3640,5,9,16,59,UNSAT,False,,10.33
004_exact_r_allocation_boundary_high_scale11_noise0.cnf,1,,,,,,,,,,,,,,,,,,0.0
004_exact_r_allocation_boundary_high_scale11_noise0.cnf,2,,,,,,,,,,,,,,,,,,0.0
004_exact_r_allocation_boundary_high_scale11_noise0.cnf,3,,,,,,,,,,,,,,,,,,0.0
005_overlapping_hall_violation_boundary_low_scale8_noise0.cnf,1,2.00028,0.120355,0.005602,0.298227,330.755,0,0,388.529,722.742,6304,17,0,0,0,UNKNOWN,True,,0.0
005_overlapping_hall_violation_boundary_low_scale8_noise0.cnf,2,2.60067,0.124768,0.007197,0.287182,325.415,0,0,316.043,645.368,6192,17,0,0,0,UNKNOWN,True,,0.0
005_overlapping_hall_violation_boundary_low_scale8_noise0.cnf,3,5.60785,0.220521,0.017055,0.422187,370.879,0,0,329.028,707.217,6536,17,0,0,0,UNKNOWN,True,,0.0
006_overlapping_hall_violation_boundary_high_scale9_noise0.cnf,1,2.44509,0.185655,0.007995,0.40014,383.537,0,0,4076.15,4464.19,10064,19,0,0,0,UNKNOWN,True,,0.0
006_overlapping_hall_violation_boundary_high_scale9_noise0.cnf,2,3.01055,0.242632,0.016884,0.489599,421.526,0,0,4451.22,4878.14,10380,19,0,0,0,UNKNOWN,True,,0.0
006_overlapping_hall_violation_boundary_high_scale9_noise0.cnf,3,2.4114,0.208189,0.005802,0.396609,402.035,0,0,3271.69,3677.94,9052,19,0,0,0,UNKNOWN,True,,0.0
007_capacity2_violation_boundary_low_scale5_noise0.cnf,1,1.97115,0.11179,0.005378,0.251156,231.777,0.013761,4.78711,0,239.277,3896,11,5,18,71,UNSAT,False,,18.9009
007_capacity2_violation_boundary_low_scale5_noise0.cnf,2,1.98809,0.114499,0.005281,0.257684,213.272,0.013492,5.5316,0,221.556,3644,11,5,18,71,UNSAT,False,,19.2538
007_capacity2_violation_boundary_low_scale5_noise0.cnf,3,2.08402,0.114234,0.006262,0.251428,210.403,0.014083,3.73535,0,216.96,3904,11,5,18,71,UNSAT,False,,19.4764
008_capacity2_violation_noise100_scale5_noise100.cnf,1,2.63813,0.321003,0.00629,0.638868,274.165,0.015762,7.02649,0,285.245,4204,11,5,18,71,UNSAT,False,,26.2256
008_capacity2_violation_noise100_scale5_noise100.cnf,2,2.63817,0.322758,0.007127,0.614788,300.789,0.019275,7.83643,0,312.651,4196,11,5,18,71,UNSAT,False,,25.566
008_capacity2_violation_noise100_scale5_noise100.cnf,3,2.55639,0.333476,0.00664,0.637752,286.342,0.029296,8.03024,0,298.431,4068,11,5,18,71,UNSAT,False,,24.2284
009_hidden_pigeonhole_visible_noise0_scale9_noise0.cnf,1,2.44686,0.176182,0.006716,0.998468,30.005,0.017447,5.75232,0,39.9407,4064,9,8,19,89,UNSAT,False,,27.3255
009_hidden_pigeonhole_visible_noise0_scale9_noise0.cnf,2,2.892,0.219681,0.00666,1.2033,33.6467,0.017384,5.96682,0,44.4013,4020,9,8,19,89,UNSAT,False,,29.2001
009_hidden_pigeonhole_visible_noise0_scale9_noise0.cnf,3,3.13802,0.196321,0.007845,1.09942,36.9466,0.019516,7.73438,0,49.8327,3988,9,8,19,89,UNSAT,False,,34.2827
010_hidden_pigeonhole_hidden_noise100_scale9_noise100.cnf,1,3.78747,0.509174,0.006957,2.02103,15.2035,0,0,433.791,456.558,7320,0,0,0,0,UNKNOWN,True,,0.0
010_hidden_pigeonhole_hidden_noise100_scale9_noise100.cnf,2,3.88983,0.551414,0.009445,1.75086,18.0463,0,0,461.868,487.027,7088,0,0,0,0,UNKNOWN,True,,0.0
010_hidden_pigeonhole_hidden_noise100_scale9_noise100.cnf,3,2.9044,0.391066,0.006752,1.46537,14.5337,0,0,469.069,489.312,7112,0,0,0,0,UNKNOWN,True,,0.0
011_satisfiable_capacity_control_sat_fallback_scale24_noise0.cnf,1,9.79738,1.87593,0.009463,3.5355,21.9765,0,0,2.54833,41.9434,8576,0,0,0,0,UNKNOWN,True,,0.0
011_satisfiable_capacity_control_sat_fallback_scale24_noise0.cnf,2,10.6325,1.99973,0.010146,3.58501,19.8722,0,0,2.06428,40.248,8600,0,0,0,0,UNKNOWN,True,,0.0
011_satisfiable_capacity_control_sat_fallback_scale24_noise0.cnf,3,10.1466,2.05695,0.009739,4.10392,22.0063,0,0,2.58941,43.0192,8492,0,0,0,0,UNKNOWN,True,,0.0
012_random_3sat_uniform_scale150_noise0.cnf,1,2.45511,0.179352,0.007188,0.271932,0.75545,0,0,27.3476,31.7028,5368,0,0,0,0,UNKNOWN,True,,0.0
012_random_3sat_uniform_scale150_noise0.cnf,2,2.20256,0.141546,0.005693,0.249506,0.640499,0,0,26.5868,30.5564,5408,0,0,0,0,UNKNOWN,True,,0.0
012_random_3sat_uniform_scale150_noise0.cnf,3,2.56372,0.167388,0.005885,0.274685,0.676518,0,0,31.2384,35.4472,5568,0,0,0,0,UNKNOWN,True,,0.0
013_random_3sat_planted_sat_scale400_noise0.cnf,1,2.80111,0.350781,0.006416,0.551307,3.4753,0,0,710.211,718.509,8852,0,0,0,0,UNKNOWN,True,,0.0
013_random_3sat_planted_sat_scale400_noise0.cnf,2,2.86051,0.368171,0.006802,0.597252,3.94111,0,0,652.007,660.937,8488,0,0,0,0,UNKNOWN,True,,0.0
013_random_3sat_planted_sat_scale400_noise0.cnf,3,2.54242,0.3567,0.005772,0.570831,3.56471,0,0,696.869,704.968,8440,0,0,0,0,UNKNOWN,True,,0.0
014_random_3sat_planted_sat_scale800_noise0.cnf,1,3.61336,0.731382,0.005923,1.20659,14.8894,0,0,662.562,684.113,9948,0,0,0,0,UNKNOWN,True,,0.0
014_random_3sat_planted_sat_scale800_noise0.cnf,2,3.37643,0.704331,0.006103,1.2217,14.844,0,0,666.998,688.386,9876,0,0,0,0,UNKNOWN,True,,0.0
014_random_3sat_planted_sat_scale800_noise0.cnf,3,3.39006,0.716011,0.006613,1.22647,18.6158,0,0,932.135,957.297,10596,0,0,0,0,UNKNOWN,True,,0.0
