benefit_gate_decision,benefit_gate_ms,benefit_gate_reason,boxes_found,cnf_sha256,fallback_cdcl_ms,fallback_exit_code,fallback_status,fallback_timed_out,fallback_used,final_result,flow_edges,flow_ms,flow_nodes,gate_decision,gate_ms,gate_reason,gate_signals,instance,maximum_flow,recovery_ms,recovery_reason,recovery_status,registry_ms,registry_reason,registry_status,resources_found,structural_result,total_demand,total_lkk_hybrid_ms,witness_file,witness_valid,peak_rss_kb,hybrid_log,fallback_log
RUN_LKK,0.004329,"deterministic_accept(signal_count=34,clauses=34)",4,4430a60d48d75bb573ef05438155619d70f3b92ca471e9d991bca176013eecf1,0.0,,NOT_RUN,False,False,UNSATISFIABLE,19,0.079931,9,RUN_LKK,0.137956,monotone_cardinality_signal,"{""estimated_resolution_pairs"":60,""mirror_pairs"":0,""mixed_clauses"":0,""monotone_negative_clauses"":30,""monotone_positive_clauses"":4}",001_pigeonhole_exact1_noise0.cnf,3,0.108283,fixed_point,COMPLETE,0.621662,sound_exact_r_and_capacity_families,COMPLETE,3,UNSAT,4,17.986184,results/phase2/20260816Tphase2candidate01Z/logs/witnesses/001_pigeonhole_exact1_noise0.witness.json,True,18584,results/phase2/20260816Tphase2candidate01Z/logs/hybrid/001_pigeonhole_exact1_noise0.log,
RUN_LKK,0.003493,"deterministic_accept(signal_count=36,clauses=51)",4,9a2737fb745844db1b7bf22acf6254f38ef6a03915d5ea38b318ceba0f73716e,0.0,,NOT_RUN,False,False,UNSATISFIABLE,19,0.074515,9,RUN_LKK,0.215939,monotone_cardinality_signal,"{""estimated_resolution_pairs"":120,""mirror_pairs"":0,""mixed_clauses"":15,""monotone_negative_clauses"":32,""monotone_positive_clauses"":4}",002_pigeonhole_exact1_noise50.cnf,3,0.150487,fixed_point,COMPLETE,0.709339,sound_exact_r_and_capacity_families,COMPLETE,3,UNSAT,4,16.303462,results/phase2/20260816Tphase2candidate01Z/logs/witnesses/002_pigeonhole_exact1_noise50.witness.json,True,18576,results/phase2/20260816Tphase2candidate01Z/logs/hybrid/002_pigeonhole_exact1_noise50.log,
RUN_LKK,0.004924,"deterministic_accept(signal_count=42,clauses=68)",4,741a6b704f679a80883269db607eb97d3a72fb0ca3c79ff6a4f07aac562de7e1,0.0,,NOT_RUN,False,False,UNSATISFIABLE,19,0.086069,9,RUN_LKK,0.338482,monotone_cardinality_signal,"{""estimated_resolution_pairs"":198,""mirror_pairs"":0,""mixed_clauses"":26,""monotone_negative_clauses"":32,""monotone_positive_clauses"":10}",003_pigeonhole_exact1_noise100.cnf,3,0.230273,fixed_point,COMPLETE,0.848365,sound_exact_r_and_capacity_families,COMPLETE,3,UNSAT,4,20.480207,results/phase2/20260816Tphase2candidate01Z/logs/witnesses/003_pigeonhole_exact1_noise100.witness.json,True,18720,results/phase2/20260816Tphase2candidate01Z/logs/hybrid/003_pigeonhole_exact1_noise100.log,
RUN_LKK,0.003731,"deterministic_accept(signal_count=52,clauses=102)",4,96fcf5e8a68933471b56bd40bc119ae68914711aabf4f55f212b36cab5d9e8c2,0.0,,NOT_RUN,False,False,UNSATISFIABLE,19,0.06773,9,RUN_LKK,0.441663,monotone_cardinality_signal,"{""estimated_resolution_pairs"":365,""mirror_pairs"":1,""mixed_clauses"":52,""monotone_negative_clauses"":39,""monotone_positive_clauses"":11}",004_pigeonhole_exact1_noise200.cnf,3,0.289141,fixed_point,COMPLETE,0.808666,sound_exact_r_and_capacity_families,COMPLETE,3,UNSAT,4,16.725594,results/phase2/20260816Tphase2candidate01Z/logs/witnesses/004_pigeonhole_exact1_noise200.witness.json,True,18892,results/phase2/20260816Tphase2candidate01Z/logs/hybrid/004_pigeonhole_exact1_noise200.log,
RUN_LKK,0.003653,"deterministic_accept(signal_count=60,clauses=60)",3,e2f9712a853120325a8c1e7b9c3316051842b7ab87ad141d24be41770a559626,0.0,,NOT_RUN,False,False,UNSATISFIABLE,23,0.082683,10,RUN_LKK,0.291019,monotone_cardinality_signal,"{""estimated_resolution_pairs"":480,""mirror_pairs"":0,""mixed_clauses"":0,""monotone_negative_clauses"":45,""monotone_positive_clauses"":15}",005_exact_r_allocation_noise0.cnf,5,0.171459,fixed_point,COMPLETE,4.034143,sound_exact_r_and_capacity_families,COMPLETE,5,UNSAT,6,20.644429,results/phase2/20260816Tphase2candidate01Z/logs/witnesses/005_exact_r_allocation_noise0.witness.json,True,18772,results/phase2/20260816Tphase2candidate01Z/logs/hybrid/005_exact_r_allocation_noise0.log,
RUN_LKK,0.004078,"deterministic_accept(signal_count=64,clauses=90)",3,0ec57f4aea24cf1af4078cb2266405aa58ad793dc2e248b89aa763d89120bf91,0.0,,NOT_RUN,False,False,UNSATISFIABLE,23,0.086429,10,RUN_LKK,0.464424,monotone_cardinality_signal,"{""estimated_resolution_pairs"":604,""mirror_pairs"":0,""mixed_clauses"":26,""monotone_negative_clauses"":46,""monotone_positive_clauses"":18}",006_exact_r_allocation_noise50.cnf,5,0.261544,fixed_point,COMPLETE,4.239105,sound_exact_r_and_capacity_families,COMPLETE,5,UNSAT,6,20.896655,results/phase2/20260816Tphase2candidate01Z/logs/witnesses/006_exact_r_allocation_noise50.witness.json,True,18696,results/phase2/20260816Tphase2candidate01Z/logs/hybrid/006_exact_r_allocation_noise50.log,
RUN_LKK,0.004419,"deterministic_accept(signal_count=80,clauses=120)",3,f05f8fddcb6cc2821091cde961194afd070ba0806c225593eaaed36d353a5c4c,0.0,,NOT_RUN,False,False,UNSATISFIABLE,23,0.087568,10,RUN_LKK,0.674162,monotone_cardinality_signal,"{""estimated_resolution_pairs"":716,""mirror_pairs"":0,""mixed_clauses"":40,""monotone_negative_clauses"":57,""monotone_positive_clauses"":23}",007_exact_r_allocation_noise100.cnf,5,0.434073,fixed_point,COMPLETE,4.741112,sound_exact_r_and_capacity_families,COMPLETE,5,UNSAT,6,23.38217,results/phase2/20260816Tphase2candidate01Z/logs/witnesses/007_exact_r_allocation_noise100.witness.json,True,18744,results/phase2/20260816Tphase2candidate01Z/logs/hybrid/007_exact_r_allocation_noise100.log,
RUN_LKK,0.005773,"deterministic_accept(signal_count=92,clauses=180)",3,962dc0e25d19b5a9fb279b60199b7515f3513373dad0da5cca56317a699a3da9,0.0,,NOT_RUN,False,False,UNSATISFIABLE,23,0.105694,10,RUN_LKK,1.084417,monotone_cardinality_signal,"{""estimated_resolution_pairs"":1028,""mirror_pairs"":0,""mixed_clauses"":88,""monotone_negative_clauses"":63,""monotone_positive_clauses"":29}",008_exact_r_allocation_noise200.cnf,5,0.762353,fixed_point,COMPLETE,6.433033,sound_exact_r_and_capacity_families,COMPLETE,5,UNSAT,6,28.422605,results/phase2/20260816Tphase2candidate01Z/logs/witnesses/008_exact_r_allocation_noise200.witness.json,True,18852,results/phase2/20260816Tphase2candidate01Z/logs/hybrid/008_exact_r_allocation_noise200.log,
RUN_LKK,0.004189,"deterministic_accept(signal_count=12,clauses=12)",4,c6b23e4bdfb090952ba203369ea81e79c65d4ae3881ec094e9e42c7e3039a4d1,33.624233,10,SATISFIABLE,False,True,SATISFIABLE,16,0.04882,10,RUN_LKK,0.081726,monotone_cardinality_signal,"{""estimated_resolution_pairs"":16,""mirror_pairs"":0,""mixed_clauses"":0,""monotone_negative_clauses"":8,""monotone_positive_clauses"":4}",009_bipartite_matching_noise0.cnf,4,0.058101,fixed_point,COMPLETE,0.196827,sound_exact_r_and_capacity_families,COMPLETE,4,FEASIBLE,4,46.644207,,False,18648,results/phase2/20260816Tphase2candidate01Z/logs/hybrid/009_bipartite_matching_noise0.log,results/phase2/20260816Tphase2candidate01Z/logs/fallback/009_bipartite_matching_noise0__cadical.log
RUN_LKK,0.00335,"deterministic_accept(signal_count=15,clauses=18)",4,9e62dc26521fbbda9625cbfeabde2ed816aa4190c9a8fc71931a1409c8470791,66.407656,10,SATISFIABLE,False,True,SATISFIABLE,16,0.049519,10,RUN_LKK,0.085599,monotone_cardinality_signal,"{""estimated_resolution_pairs"":24,""mirror_pairs"":0,""mixed_clauses"":3,""monotone_negative_clauses"":9,""monotone_positive_clauses"":6}",010_bipartite_matching_noise50.cnf,4,0.119577,fixed_point,COMPLETE,0.193571,sound_exact_r_and_capacity_families,COMPLETE,4,FEASIBLE,4,80.432462,,False,18552,results/phase2/20260816Tphase2candidate01Z/logs/hybrid/010_bipartite_matching_noise50.log,results/phase2/20260816Tphase2candidate01Z/logs/fallback/010_bipartite_matching_noise50__cadical.log
RUN_LKK,0.003311,"deterministic_accept(signal_count=16,clauses=24)",4,a0f9fa0863856e289b20b689d0f2186e6a8bd67f7faf3dce726136816f835a89,33.396384,10,SATISFIABLE,False,True,SATISFIABLE,16,0.052604,10,RUN_LKK,0.123323,monotone_cardinality_signal,"{""estimated_resolution_pairs"":50,""mirror_pairs"":0,""mixed_clauses"":8,""monotone_negative_clauses"":11,""monotone_positive_clauses"":5}",011_bipartite_matching_noise100.cnf,4,0.083182,fixed_point,COMPLETE,0.221052,sound_exact_r_and_capacity_families,COMPLETE,4,FEASIBLE,4,45.436764,,False,18604,results/phase2/20260816Tphase2candidate01Z/logs/hybrid/011_bipartite_matching_noise100.log,results/phase2/20260816Tphase2candidate01Z/logs/fallback/011_bipartite_matching_noise100__cadical.log
RUN_LKK,0.003736,"deterministic_accept(signal_count=17,clauses=36)",4,25c2514b9c6e2c0cac6927d658c2bd36c56f9389bc0257654a58b3a3d498db2e,33.509124,10,SATISFIABLE,False,True,SATISFIABLE,16,0.048292,10,RUN_LKK,0.177789,monotone_cardinality_signal,"{""estimated_resolution_pairs"":123,""mirror_pairs"":1,""mixed_clauses"":21,""monotone_negative_clauses"":11,""monotone_positive_clauses"":4}",012_bipartite_matching_noise200.cnf,4,0.114667,fixed_point,COMPLETE,0.198254,sound_exact_r_and_capacity_families,COMPLETE,4,FEASIBLE,4,45.788608,,False,18580,results/phase2/20260816Tphase2candidate01Z/logs/hybrid/012_bipartite_matching_noise200.log,results/phase2/20260816Tphase2candidate01Z/logs/fallback/012_bipartite_matching_noise200__cadical.log
RUN_LKK,0.005328,"deterministic_accept(signal_count=18,clauses=18)",5,ff0e780bed70968eb81c179fc040c07a19e7dc2c209dab176ec0012b36c3081c,0.0,,NOT_RUN,False,False,UNSATISFIABLE,19,0.088027,11,RUN_LKK,0.100224,monotone_cardinality_signal,"{""estimated_resolution_pairs"":26,""mirror_pairs"":0,""mixed_clauses"":0,""monotone_negative_clauses"":13,""monotone_positive_clauses"":5}",013_overlapping_hall_violation_noise0.cnf,4,0.088642,fixed_point,COMPLETE,0.333858,sound_exact_r_and_capacity_families,COMPLETE,4,UNSAT,5,18.196331,results/phase2/20260816Tphase2candidate01Z/logs/witnesses/013_overlapping_hall_violation_noise0.witness.json,True,18708,results/phase2/20260816Tphase2candidate01Z/logs/hybrid/013_overlapping_hall_violation_noise0.log,
RUN_LKK,0.004295,"deterministic_accept(signal_count=21,clauses=27)",5,91a26bef0a8acfb7ad2a2cfa7edb19a7e0bea15c8d800284f1a1fadc103a3b89,0.0,,NOT_RUN,False,False,UNSATISFIABLE,19,0.075039,11,RUN_LKK,0.136442,monotone_cardinality_signal,"{""estimated_resolution_pairs"":49,""mirror_pairs"":0,""mixed_clauses"":6,""monotone_negative_clauses"":14,""monotone_positive_clauses"":7}",014_overlapping_hall_violation_noise50.cnf,4,0.1228,fixed_point,COMPLETE,0.425986,sound_exact_r_and_capacity_families,COMPLETE,4,UNSAT,5,18.048358,results/phase2/20260816Tphase2candidate01Z/logs/witnesses/014_overlapping_hall_violation_noise50.witness.json,True,18708,results/phase2/20260816Tphase2candidate01Z/logs/hybrid/014_overlapping_hall_violation_noise50.log,
RUN_LKK,0.003881,"deterministic_accept(signal_count=21,clauses=36)",5,0249086f8cf0b634e592b348938bc659b58394f20f82fffb11aa5de138aba385,0.0,,NOT_RUN,False,False,UNSATISFIABLE,19,0.06967,11,RUN_LKK,0.174451,monotone_cardinality_signal,"{""estimated_resolution_pairs"":103,""mirror_pairs"":0,""mixed_clauses"":15,""monotone_negative_clauses"":15,""monotone_positive_clauses"":6}",015_overlapping_hall_violation_noise100.cnf,4,0.113063,fixed_point,COMPLETE,0.309912,sound_exact_r_and_capacity_families,COMPLETE,4,UNSAT,5,16.39432,results/phase2/20260816Tphase2candidate01Z/logs/witnesses/015_overlapping_hall_violation_noise100.witness.json,True,18716,results/phase2/20260816Tphase2candidate01Z/logs/hybrid/015_overlapping_hall_violation_noise100.log,
RUN_LKK,0.003528,"deterministic_accept(signal_count=24,clauses=54)",5,c0a1bec5a0047f01f84da4d1fb5572fe86cd932074df6fcb414bcd34866bb83d,0.0,,NOT_RUN,False,False,UNSATISFIABLE,19,0.067781,11,RUN_LKK,0.256259,monotone_cardinality_signal,"{""estimated_resolution_pairs"":186,""mirror_pairs"":0,""mixed_clauses"":30,""monotone_negative_clauses"":16,""monotone_positive_clauses"":8}",016_overlapping_hall_violation_noise200.cnf,4,0.160104,fixed_point,COMPLETE,0.385513,sound_exact_r_and_capacity_families,COMPLETE,4,UNSAT,5,16.989483,results/phase2/20260816Tphase2candidate01Z/logs/witnesses/016_overlapping_hall_violation_noise200.witness.json,True,18648,results/phase2/20260816Tphase2candidate01Z/logs/hybrid/016_overlapping_hall_violation_noise200.log,
RUN_LKK,0.003644,"deterministic_accept(signal_count=28,clauses=28)",4,e1be28a73478a051f452343bbd1bd1468fbc975803a3157819ecc37bf47fd44f,33.153665,10,SATISFIABLE,False,True,SATISFIABLE,19,0.050975,9,RUN_LKK,0.134828,monotone_cardinality_signal,"{""estimated_resolution_pairs"":60,""mirror_pairs"":0,""mixed_clauses"":0,""monotone_negative_clauses"":24,""monotone_positive_clauses"":4}",017_satisfiable_capacity_control_noise0.cnf,4,0.092368,fixed_point,COMPLETE,0.47407,sound_exact_r_and_capacity_families,COMPLETE,3,FEASIBLE,4,46.899065,,False,18576,results/phase2/20260816Tphase2candidate01Z/logs/hybrid/017_satisfiable_capacity_control_noise0.log,results/phase2/20260816Tphase2candidate01Z/logs/fallback/017_satisfiable_capacity_control_noise0__cadical.log
RUN_LKK,0.00527,"deterministic_accept(signal_count=35,clauses=42)",4,3f820ab3ba6106310b4ea94057522528b8abfa7bf067429d312230df84cc057e,66.15004,10,SATISFIABLE,False,True,SATISFIABLE,19,0.060695,9,RUN_LKK,0.248471,monotone_cardinality_signal,"{""estimated_resolution_pairs"":109,""mirror_pairs"":1,""mixed_clauses"":9,""monotone_negative_clauses"":25,""monotone_positive_clauses"":8}",018_satisfiable_capacity_control_noise50.cnf,4,0.150296,fixed_point,COMPLETE,0.603619,sound_exact_r_and_capacity_families,COMPLETE,3,FEASIBLE,4,80.13182,,False,18584,results/phase2/20260816Tphase2candidate01Z/logs/hybrid/018_satisfiable_capacity_control_noise50.log,results/phase2/20260816Tphase2candidate01Z/logs/fallback/018_satisfiable_capacity_control_noise50__cadical.log
RUN_LKK,0.0036,"deterministic_accept(signal_count=34,clauses=56)",4,d5086d83c60654872dec7476f134b7cbc32d24984587b3c0b9e8127316f4c53b,33.108162,10,SATISFIABLE,False,True,SATISFIABLE,19,0.050486,9,RUN_LKK,0.277303,monotone_cardinality_signal,"{""estimated_resolution_pairs"":164,""mirror_pairs"":0,""mixed_clauses"":22,""monotone_negative_clauses"":27,""monotone_positive_clauses"":7}",019_satisfiable_capacity_control_noise100.cnf,4,0.183867,fixed_point,COMPLETE,0.517901,sound_exact_r_and_capacity_families,COMPLETE,3,FEASIBLE,4,46.38482,,False,18596,results/phase2/20260816Tphase2candidate01Z/logs/hybrid/019_satisfiable_capacity_control_noise100.log,results/phase2/20260816Tphase2candidate01Z/logs/fallback/019_satisfiable_capacity_control_noise100__cadical.log
RUN_LKK,0.003103,"deterministic_accept(signal_count=41,clauses=84)",4,d56cdc63f0cfccda91a8faed425563527f40c1112dc7b65b74194bdad563f23e,33.722537,10,SATISFIABLE,False,True,SATISFIABLE,19,0.049521,9,RUN_LKK,0.386567,monotone_cardinality_signal,"{""estimated_resolution_pairs"":322,""mirror_pairs"":0,""mixed_clauses"":43,""monotone_negative_clauses"":30,""monotone_positive_clauses"":11}",020_satisfiable_capacity_control_noise200.cnf,4,0.223399,fixed_point,COMPLETE,0.590263,sound_exact_r_and_capacity_families,COMPLETE,3,FEASIBLE,4,48.035184,,False,18648,results/phase2/20260816Tphase2candidate01Z/logs/hybrid/020_satisfiable_capacity_control_noise200.log,results/phase2/20260816Tphase2candidate01Z/logs/fallback/020_satisfiable_capacity_control_noise200__cadical.log
RUN_LKK,0.003798,"deterministic_accept(signal_count=30,clauses=30)",5,c9d1c65fa70d819c97913a83f8a83e4421d6313abc91bd1f9a82853dc92d7194,0.0,,NOT_RUN,False,False,UNSATISFIABLE,17,0.071174,9,RUN_LKK,0.153057,monotone_cardinality_signal,"{""estimated_resolution_pairs"":70,""mirror_pairs"":0,""mixed_clauses"":0,""monotone_negative_clauses"":25,""monotone_positive_clauses"":5}",021_capacity_violation_noise0.cnf,4,0.098979,fixed_point,COMPLETE,0.65359,sound_exact_r_and_capacity_families,COMPLETE,2,UNSAT,5,18.943532,results/phase2/20260816Tphase2candidate01Z/logs/witnesses/021_capacity_violation_noise0.witness.json,True,18476,results/phase2/20260816Tphase2candidate01Z/logs/hybrid/021_capacity_violation_noise0.log,
RUN_LKK,0.00368,"deterministic_accept(signal_count=37,clauses=45)",5,5f9fba11bd0d68df4b4642a42fc9c4d56d75e09d6e672ae7c54d5e23e01bcd31,0.0,,NOT_RUN,False,False,UNSATISFIABLE,17,0.071056,9,RUN_LKK,0.218226,monotone_cardinality_signal,"{""estimated_resolution_pairs"":126,""mirror_pairs"":1,""mixed_clauses"":10,""monotone_negative_clauses"":26,""monotone_positive_clauses"":9}",022_capacity_violation_noise50.cnf,4,0.137016,fixed_point,COMPLETE,0.777266,sound_exact_r_and_capacity_families,COMPLETE,2,UNSAT,5,17.990615,results/phase2/20260816Tphase2candidate01Z/logs/witnesses/022_capacity_violation_noise50.witness.json,True,18632,results/phase2/20260816Tphase2candidate01Z/logs/hybrid/022_capacity_violation_noise50.log,
RUN_LKK,0.00368,"deterministic_accept(signal_count=41,clauses=60)",5,5bc893356a9a3937bfcd51fedc84e6fc28a4590ee270d4e81526237c7537bb79,0.0,,NOT_RUN,False,False,UNSATISFIABLE,17,0.073856,9,RUN_LKK,0.297636,monotone_cardinality_signal,"{""estimated_resolution_pairs"":203,""mirror_pairs"":1,""mixed_clauses"":21,""monotone_negative_clauses"":33,""monotone_positive_clauses"":6}",023_capacity_violation_noise100.cnf,4,0.193759,fixed_point,COMPLETE,0.72199,sound_exact_r_and_capacity_families,COMPLETE,2,UNSAT,5,19.857687,results/phase2/20260816Tphase2candidate01Z/logs/witnesses/023_capacity_violation_noise100.witness.json,True,18680,results/phase2/20260816Tphase2candidate01Z/logs/hybrid/023_capacity_violation_noise100.log,
RUN_LKK,0.003575,"deterministic_accept(signal_count=42,clauses=90)",5,34aba35d851e6b4dda7ae4d868d0fa1958376ed6aab576aa71782f13d1ee9075,0.0,,NOT_RUN,False,False,UNSATISFIABLE,17,0.0677,9,RUN_LKK,0.434966,monotone_cardinality_signal,"{""estimated_resolution_pairs"":337,""mirror_pairs"":1,""mixed_clauses"":50,""monotone_negative_clauses"":31,""monotone_positive_clauses"":9}",024_capacity_violation_noise200.cnf,4,0.277319,fixed_point,COMPLETE,0.779727,sound_exact_r_and_capacity_families,COMPLETE,2,UNSAT,5,19.883227,results/phase2/20260816Tphase2candidate01Z/logs/witnesses/024_capacity_violation_noise200.witness.json,True,18736,results/phase2/20260816Tphase2candidate01Z/logs/hybrid/024_capacity_violation_noise200.log,
RUN_LKK,0.00361,"deterministic_accept(signal_count=94,clauses=68)",4,5d0e8ec287709ff8e4002b0567436a5f1bd0ee86e3ee1e807b3beee016b2c02d,0.0,,NOT_RUN,False,False,UNSATISFIABLE,19,0.068885,9,RUN_LKK,0.349379,monotone_cardinality_signal,"{""estimated_resolution_pairs"":154,""mirror_pairs"":30,""mixed_clauses"":34,""monotone_negative_clauses"":30,""monotone_positive_clauses"":4}",025_hidden_cardinality_noise0.cnf,3,0.426599,fixed_point,COMPLETE,1.208308,sound_exact_r_and_capacity_families,COMPLETE,3,UNSAT,4,19.34634,results/phase2/20260816Tphase2candidate01Z/logs/witnesses/025_hidden_cardinality_noise0.witness.json,True,18768,results/phase2/20260816Tphase2candidate01Z/logs/hybrid/025_hidden_cardinality_noise0.log,
RUN_LKK,0.004666,"deterministic_accept(signal_count=109,clauses=102)",4,0d7d5015eb641d58770bc9b897e565f28c4f186a5df3018f17a56d6370eb9e8b,0.0,,NOT_RUN,False,False,UNSATISFIABLE,19,0.079779,9,RUN_LKK,0.557382,monotone_cardinality_signal,"{""estimated_resolution_pairs"":294,""mirror_pairs"":31,""mixed_clauses"":55,""monotone_negative_clauses"":38,""monotone_positive_clauses"":9}",026_hidden_cardinality_noise50.cnf,3,0.757624,fixed_point,COMPLETE,1.853588,sound_exact_r_and_capacity_families,COMPLETE,3,UNSAT,4,21.525447,results/phase2/20260816Tphase2candidate01Z/logs/witnesses/026_hidden_cardinality_noise50.witness.json,True,18848,results/phase2/20260816Tphase2candidate01Z/logs/hybrid/026_hidden_cardinality_noise50.log,
RUN_LKK,0.003881,"deterministic_accept(signal_count=112,clauses=136)",4,b4decf53e2e7a7a72feb2b30fd47a8d84f8ef052e486e1f535351dfcf9d92c0e,0.0,,NOT_RUN,False,False,UNSATISFIABLE,19,0.072276,9,RUN_LKK,0.730157,monotone_cardinality_signal,"{""estimated_resolution_pairs"":432,""mirror_pairs"":30,""mixed_clauses"":84,""monotone_negative_clauses"":39,""monotone_positive_clauses"":13}",027_hidden_cardinality_noise100.cnf,3,0.622045,fixed_point,COMPLETE,1.648707,sound_exact_r_and_capacity_families,COMPLETE,3,UNSAT,4,22.180455,results/phase2/20260816Tphase2candidate01Z/logs/witnesses/027_hidden_cardinality_noise100.witness.json,True,18968,results/phase2/20260816Tphase2candidate01Z/logs/hybrid/027_hidden_cardinality_noise100.log,
RUN_LKK,0.009311,"deterministic_accept(signal_count=127,clauses=204)",4,c7fc9a005704b3de3d5bc5398cd06d900ba730b4ba8140f35c9d52b206f120be,0.0,,NOT_RUN,False,False,UNSATISFIABLE,19,0.08903,9,RUN_LKK,1.095084,monotone_cardinality_signal,"{""estimated_resolution_pairs"":792,""mirror_pairs"":30,""mixed_clauses"":137,""monotone_negative_clauses"":46,""monotone_positive_clauses"":21}",028_hidden_cardinality_noise200.cnf,3,0.970407,fixed_point,COMPLETE,2.299734,sound_exact_r_and_capacity_families,COMPLETE,3,UNSAT,4,26.925031,results/phase2/20260816Tphase2candidate01Z/logs/witnesses/028_hidden_cardinality_noise200.witness.json,True,19096,results/phase2/20260816Tphase2candidate01Z/logs/hybrid/028_hidden_cardinality_noise200.log,
