run_order,instance,family,scale,variant,noise_percent,variables,clauses,cnf_sha256,expected_result,repetition,timeout_seconds,solver,solver_version,binary_sha256,seed,runtime_ms,status,timed_out,exit_code,peak_rss_kb,conflicts,decisions,propagations,raw_log,benefit_gate_decision,benefit_gate_ms,benefit_gate_reason,boxes_found,fallback_cdcl_ms,fallback_exit_code,fallback_status,fallback_timed_out,fallback_used,final_result,flow_edges,flow_ms,flow_nodes,gate_decision,gate_ms,gate_reason,gate_signals,maximum_flow,recovery_ms,recovery_reason,recovery_status,registry_ms,registry_reason,registry_status,resources_found,structural_result,total_demand,total_lkk_hybrid_ms,witness_file,witness_valid,total_lkk_end_to_end_ms
1,001_pigeonhole_exact1_boundary_low_scale8_noise0.cnf,pigeonhole_exact1,8,boundary_low,0,56,372,d7a1b12214169d82f4cb8ae46abdcb99e1f678166a3fb94d1dd240beb3b1413e,UNSATISFIABLE,1,5.0,kissat,4.0.4,e3d85acb36b9feb1828cedbfca70941efe69f76dc80fa99273e60ed0ed73e168,1,35.772306,UNSATISFIABLE,False,20,1680,1951,2616,46203,results/phase3/20260816Tphase3benchmark01Z/logs/measurements/direct/00001__001_pigeonhole_exact1_boundary_low_scale8_noise0__kissat__seed1__rep1.log,,,,,,,,,,,,,,,,,,,,,,,,,,,,,,,
2,001_pigeonhole_exact1_boundary_low_scale8_noise0.cnf,pigeonhole_exact1,8,boundary_low,0,56,372,d7a1b12214169d82f4cb8ae46abdcb99e1f678166a3fb94d1dd240beb3b1413e,UNSATISFIABLE,1,5.0,lkk_hybrid,,,1,218.174506,UNSATISFIABLE,False,0,19348,,,,results/phase3/20260816Tphase3benchmark01Z/logs/measurements/hybrid/00002__001_pigeonhole_exact1_boundary_low_scale8_noise0__lkk_hybrid__seed1__rep1.log,RUN_LKK,0.006684,"deterministic_accept(signal_count=372,clauses=372)",8,0.0,,NOT_RUN,False,False,UNSATISFIABLE,71,0.167704,17,RUN_LKK,1.498468,monotone_cardinality_signal,"{""estimated_resolution_pairs"":728,""mirror_pairs"":0,""mixed_clauses"":0,""monotone_negative_clauses"":364,""monotone_positive_clauses"":8}",7,1.214704,fixed_point,COMPLETE,32.604382,sound_exact_r_and_capacity_families,COMPLETE,7,UNSAT,8,64.686879,/work/results/phase3/20260816Tphase3benchmark01Z/logs/measurements/witnesses/00002__001_pigeonhole_exact1_boundary_low_scale8_noise0__lkk_hybrid__seed1__rep1.witness.json,True,218.174506
3,001_pigeonhole_exact1_boundary_low_scale8_noise0.cnf,pigeonhole_exact1,8,boundary_low,0,56,372,d7a1b12214169d82f4cb8ae46abdcb99e1f678166a3fb94d1dd240beb3b1413e,UNSATISFIABLE,1,5.0,cadical,3.0.1,77236219227fe9bc340e54563f347e2ec1b60f0189a076899dd82340fd3a304d,1,117.883458,UNSATISFIABLE,False,20,2552,0,6781,78128,results/phase3/20260816Tphase3benchmark01Z/logs/measurements/direct/00003__001_pigeonhole_exact1_boundary_low_scale8_noise0__cadical__seed1__rep1.log,,,,,,,,,,,,,,,,,,,,,,,,,,,,,,,
4,001_pigeonhole_exact1_boundary_low_scale8_noise0.cnf,pigeonhole_exact1,8,boundary_low,0,56,372,d7a1b12214169d82f4cb8ae46abdcb99e1f678166a3fb94d1dd240beb3b1413e,UNSATISFIABLE,1,5.0,lkk_hybrid,,,2,268.800094,UNSATISFIABLE,False,0,19480,,,,results/phase3/20260816Tphase3benchmark01Z/logs/measurements/hybrid/00004__001_pigeonhole_exact1_boundary_low_scale8_noise0__lkk_hybrid__seed2__rep1.log,RUN_LKK,0.007595,"deterministic_accept(signal_count=372,clauses=372)",8,0.0,,NOT_RUN,False,False,UNSATISFIABLE,71,0.243872,17,RUN_LKK,1.88229,monotone_cardinality_signal,"{""estimated_resolution_pairs"":728,""mirror_pairs"":0,""mixed_clauses"":0,""monotone_negative_clauses"":364,""monotone_positive_clauses"":8}",7,1.446818,fixed_point,COMPLETE,44.904536,sound_exact_r_and_capacity_families,COMPLETE,7,UNSAT,8,80.16502,/work/results/phase3/20260816Tphase3benchmark01Z/logs/measurements/witnesses/00004__001_pigeonhole_exact1_boundary_low_scale8_noise0__lkk_hybrid__seed2__rep1.witness.json,True,268.800094
5,001_pigeonhole_exact1_boundary_low_scale8_noise0.cnf,pigeonhole_exact1,8,boundary_low,0,56,372,d7a1b12214169d82f4cb8ae46abdcb99e1f678166a3fb94d1dd240beb3b1413e,UNSATISFIABLE,1,5.0,cadical,3.0.1,77236219227fe9bc340e54563f347e2ec1b60f0189a076899dd82340fd3a304d,2,118.089616,UNSATISFIABLE,False,20,2552,0,6781,78128,results/phase3/20260816Tphase3benchmark01Z/logs/measurements/direct/00005__001_pigeonhole_exact1_boundary_low_scale8_noise0__cadical__seed2__rep1.log,,,,,,,,,,,,,,,,,,,,,,,,,,,,,,,
6,001_pigeonhole_exact1_boundary_low_scale8_noise0.cnf,pigeonhole_exact1,8,boundary_low,0,56,372,d7a1b12214169d82f4cb8ae46abdcb99e1f678166a3fb94d1dd240beb3b1413e,UNSATISFIABLE,1,5.0,kissat,4.0.4,e3d85acb36b9feb1828cedbfca70941efe69f76dc80fa99273e60ed0ed73e168,2,35.14607,UNSATISFIABLE,False,20,1652,1941,2707,46345,results/phase3/20260816Tphase3benchmark01Z/logs/measurements/direct/00006__001_pigeonhole_exact1_boundary_low_scale8_noise0__kissat__seed2__rep1.log,,,,,,,,,,,,,,,,,,,,,,,,,,,,,,,
7,001_pigeonhole_exact1_boundary_low_scale8_noise0.cnf,pigeonhole_exact1,8,boundary_low,0,56,372,d7a1b12214169d82f4cb8ae46abdcb99e1f678166a3fb94d1dd240beb3b1413e,UNSATISFIABLE,1,5.0,cadical,3.0.1,77236219227fe9bc340e54563f347e2ec1b60f0189a076899dd82340fd3a304d,3,118.084367,UNSATISFIABLE,False,20,2552,0,6781,78128,results/phase3/20260816Tphase3benchmark01Z/logs/measurements/direct/00007__001_pigeonhole_exact1_boundary_low_scale8_noise0__cadical__seed3__rep1.log,,,,,,,,,,,,,,,,,,,,,,,,,,,,,,,
8,001_pigeonhole_exact1_boundary_low_scale8_noise0.cnf,pigeonhole_exact1,8,boundary_low,0,56,372,d7a1b12214169d82f4cb8ae46abdcb99e1f678166a3fb94d1dd240beb3b1413e,UNSATISFIABLE,1,5.0,kissat,4.0.4,e3d85acb36b9feb1828cedbfca70941efe69f76dc80fa99273e60ed0ed73e168,3,35.527822,UNSATISFIABLE,False,20,1692,1666,2222,39783,results/phase3/20260816Tphase3benchmark01Z/logs/measurements/direct/00008__001_pigeonhole_exact1_boundary_low_scale8_noise0__kissat__seed3__rep1.log,,,,,,,,,,,,,,,,,,,,,,,,,,,,,,,
9,001_pigeonhole_exact1_boundary_low_scale8_noise0.cnf,pigeonhole_exact1,8,boundary_low,0,56,372,d7a1b12214169d82f4cb8ae46abdcb99e1f678166a3fb94d1dd240beb3b1413e,UNSATISFIABLE,1,5.0,lkk_hybrid,,,3,217.830735,UNSATISFIABLE,False,0,19492,,,,results/phase3/20260816Tphase3benchmark01Z/logs/measurements/hybrid/00009__001_pigeonhole_exact1_boundary_low_scale8_noise0__lkk_hybrid__seed3__rep1.log,RUN_LKK,0.00536,"deterministic_accept(signal_count=372,clauses=372)",8,0.0,,NOT_RUN,False,False,UNSATISFIABLE,71,0.244037,17,RUN_LKK,1.281113,monotone_cardinality_signal,"{""estimated_resolution_pairs"":728,""mirror_pairs"":0,""mixed_clauses"":0,""monotone_negative_clauses"":364,""monotone_positive_clauses"":8}",7,1.008378,fixed_point,COMPLETE,40.607896,sound_exact_r_and_capacity_families,COMPLETE,7,UNSAT,8,78.207071,/work/results/phase3/20260816Tphase3benchmark01Z/logs/measurements/witnesses/00009__001_pigeonhole_exact1_boundary_low_scale8_noise0__lkk_hybrid__seed3__rep1.witness.json,True,217.830735
10,002_pigeonhole_exact1_boundary_high_scale10_noise0.cnf,pigeonhole_exact1,10,boundary_high,0,90,775,7c48905b7eea8c29dd5cba65fbdd9e47e938a4dc397c98b66bb07dd1c76f760e,UNSATISFIABLE,1,5.0,lkk_hybrid,,,1,318.582942,UNSATISFIABLE,False,0,20300,,,,results/phase3/20260816Tphase3benchmark01Z/logs/measurements/hybrid/00010__002_pigeonhole_exact1_boundary_high_scale10_noise0__lkk_hybrid__seed1__rep1.log,RUN_LKK,0.009415,"deterministic_accept(signal_count=775,clauses=775)",10,0.0,,NOT_RUN,False,False,UNSATISFIABLE,109,0.303984,21,RUN_LKK,2.694024,monotone_cardinality_signal,"{""estimated_resolution_pairs"":1530,""mirror_pairs"":0,""mixed_clauses"":0,""monotone_negative_clauses"":765,""monotone_positive_clauses"":10}",9,2.137516,fixed_point,COMPLETE,123.793012,sound_exact_r_and_capacity_families,COMPLETE,9,UNSAT,10,169.579234,/work/results/phase3/20260816Tphase3benchmark01Z/logs/measurements/witnesses/00010__002_pigeonhole_exact1_boundary_high_scale10_noise0__lkk_hybrid__seed1__rep1.witness.json,True,318.582942
11,002_pigeonhole_exact1_boundary_high_scale10_noise0.cnf,pigeonhole_exact1,10,boundary_high,0,90,775,7c48905b7eea8c29dd5cba65fbdd9e47e938a4dc397c98b66bb07dd1c76f760e,UNSATISFIABLE,1,5.0,cadical,3.0.1,77236219227fe9bc340e54563f347e2ec1b60f0189a076899dd82340fd3a304d,1,4485.847817,UNSATISFIABLE,False,20,7748,20,377336,3541195,results/phase3/20260816Tphase3benchmark01Z/logs/measurements/direct/00011__002_pigeonhole_exact1_boundary_high_scale10_noise0__cadical__seed1__rep1.log,,,,,,,,,,,,,,,,,,,,,,,,,,,,,,,
12,002_pigeonhole_exact1_boundary_high_scale10_noise0.cnf,pigeonhole_exact1,10,boundary_high,0,90,775,7c48905b7eea8c29dd5cba65fbdd9e47e938a4dc397c98b66bb07dd1c76f760e,UNSATISFIABLE,1,5.0,kissat,4.0.4,e3d85acb36b9feb1828cedbfca70941efe69f76dc80fa99273e60ed0ed73e168,1,469.765101,UNSATISFIABLE,False,20,3124,30284,45848,895524,results/phase3/20260816Tphase3benchmark01Z/logs/measurements/direct/00012__002_pigeonhole_exact1_boundary_high_scale10_noise0__kissat__seed1__rep1.log,,,,,,,,,,,,,,,,,,,,,,,,,,,,,,,
13,002_pigeonhole_exact1_boundary_high_scale10_noise0.cnf,pigeonhole_exact1,10,boundary_high,0,90,775,7c48905b7eea8c29dd5cba65fbdd9e47e938a4dc397c98b66bb07dd1c76f760e,UNSATISFIABLE,1,5.0,cadical,3.0.1,77236219227fe9bc340e54563f347e2ec1b60f0189a076899dd82340fd3a304d,2,4335.595672,UNSATISFIABLE,False,20,7544,24,399324,3686368,results/phase3/20260816Tphase3benchmark01Z/logs/measurements/direct/00013__002_pigeonhole_exact1_boundary_high_scale10_noise0__cadical__seed2__rep1.log,,,,,,,,,,,,,,,,,,,,,,,,,,,,,,,
14,002_pigeonhole_exact1_boundary_high_scale10_noise0.cnf,pigeonhole_exact1,10,boundary_high,0,90,775,7c48905b7eea8c29dd5cba65fbdd9e47e938a4dc397c98b66bb07dd1c76f760e,UNSATISFIABLE,1,5.0,kissat,4.0.4,e3d85acb36b9feb1828cedbfca70941efe69f76dc80fa99273e60ed0ed73e168,2,519.888725,UNSATISFIABLE,False,20,3128,33371,49462,974886,results/phase3/20260816Tphase3benchmark01Z/logs/measurements/direct/00014__002_pigeonhole_exact1_boundary_high_scale10_noise0__kissat__seed2__rep1.log,,,,,,,,,,,,,,,,,,,,,,,,,,,,,,,
15,002_pigeonhole_exact1_boundary_high_scale10_noise0.cnf,pigeonhole_exact1,10,boundary_high,0,90,775,7c48905b7eea8c29dd5cba65fbdd9e47e938a4dc397c98b66bb07dd1c76f760e,UNSATISFIABLE,1,5.0,lkk_hybrid,,,2,319.211446,UNSATISFIABLE,False,0,20204,,,,results/phase3/20260816Tphase3benchmark01Z/logs/measurements/hybrid/00015__002_pigeonhole_exact1_boundary_high_scale10_noise0__lkk_hybrid__seed2__rep1.log,RUN_LKK,0.006431,"deterministic_accept(signal_count=775,clauses=775)",10,0.0,,NOT_RUN,False,False,UNSATISFIABLE,109,0.288896,21,RUN_LKK,2.996959,monotone_cardinality_signal,"{""estimated_resolution_pairs"":1530,""mirror_pairs"":0,""mixed_clauses"":0,""monotone_negative_clauses"":765,""monotone_positive_clauses"":10}",9,2.705114,fixed_point,COMPLETE,122.555043,sound_exact_r_and_capacity_families,COMPLETE,9,UNSAT,10,178.040683,/work/results/phase3/20260816Tphase3benchmark01Z/logs/measurements/witnesses/00015__002_pigeonhole_exact1_boundary_high_scale10_noise0__lkk_hybrid__seed2__rep1.witness.json,True,319.211446
16,002_pigeonhole_exact1_boundary_high_scale10_noise0.cnf,pigeonhole_exact1,10,boundary_high,0,90,775,7c48905b7eea8c29dd5cba65fbdd9e47e938a4dc397c98b66bb07dd1c76f760e,UNSATISFIABLE,1,5.0,kissat,4.0.4,e3d85acb36b9feb1828cedbfca70941efe69f76dc80fa99273e60ed0ed73e168,3,520.522213,UNSATISFIABLE,False,20,3008,29487,45208,826551,results/phase3/20260816Tphase3benchmark01Z/logs/measurements/direct/00016__002_pigeonhole_exact1_boundary_high_scale10_noise0__kissat__seed3__rep1.log,,,,,,,,,,,,,,,,,,,,,,,,,,,,,,,
17,002_pigeonhole_exact1_boundary_high_scale10_noise0.cnf,pigeonhole_exact1,10,boundary_high,0,90,775,7c48905b7eea8c29dd5cba65fbdd9e47e938a4dc397c98b66bb07dd1c76f760e,UNSATISFIABLE,1,5.0,lkk_hybrid,,,3,320.197756,UNSATISFIABLE,False,0,20236,,,,results/phase3/20260816Tphase3benchmark01Z/logs/measurements/hybrid/00017__002_pigeonhole_exact1_boundary_high_scale10_noise0__lkk_hybrid__seed3__rep1.log,RUN_LKK,0.005221,"deterministic_accept(signal_count=775,clauses=775)",10,0.0,,NOT_RUN,False,False,UNSATISFIABLE,109,0.26327,21,RUN_LKK,3.058866,monotone_cardinality_signal,"{""estimated_resolution_pairs"":1530,""mirror_pairs"":0,""mixed_clauses"":0,""monotone_negative_clauses"":765,""monotone_positive_clauses"":10}",9,2.376828,fixed_point,COMPLETE,115.409488,sound_exact_r_and_capacity_families,COMPLETE,9,UNSAT,10,163.267861,/work/results/phase3/20260816Tphase3benchmark01Z/logs/measurements/witnesses/00017__002_pigeonhole_exact1_boundary_high_scale10_noise0__lkk_hybrid__seed3__rep1.witness.json,True,320.197756
18,002_pigeonhole_exact1_boundary_high_scale10_noise0.cnf,pigeonhole_exact1,10,boundary_high,0,90,775,7c48905b7eea8c29dd5cba65fbdd9e47e938a4dc397c98b66bb07dd1c76f760e,UNSATISFIABLE,1,5.0,cadical,3.0.1,77236219227fe9bc340e54563f347e2ec1b60f0189a076899dd82340fd3a304d,3,5040.791536,TIMEOUT,True,137,1648,,,,results/phase3/20260816Tphase3benchmark01Z/logs/measurements/direct/00018__002_pigeonhole_exact1_boundary_high_scale10_noise0__cadical__seed3__rep1.log,,,,,,,,,,,,,,,,,,,,,,,,,,,,,,,
19,003_exact_r_allocation_boundary_low_scale9_noise0.cnf,exact_r_allocation,9,boundary_low,0,45,555,d4c34d34c9e60c784da433a7d46db173255ce8a302f34dedade29f3cff625c5b,UNSATISFIABLE,1,5.0,cadical,3.0.1,77236219227fe9bc340e54563f347e2ec1b60f0189a076899dd82340fd3a304d,1,219.469925,UNSATISFIABLE,False,20,2884,0,17793,181743,results/phase3/20260816Tphase3benchmark01Z/logs/measurements/direct/00019__003_exact_r_allocation_boundary_low_scale9_noise0__cadical__seed1__rep1.log,,,,,,,,,,,,,,,,,,,,,,,,,,,,,,,
20,003_exact_r_allocation_boundary_low_scale9_noise0.cnf,exact_r_allocation,9,boundary_low,0,45,555,d4c34d34c9e60c784da433a7d46db173255ce8a302f34dedade29f3cff625c5b,UNSATISFIABLE,1,5.0,kissat,4.0.4,e3d85acb36b9feb1828cedbfca70941efe69f76dc80fa99273e60ed0ed73e168,1,168.92393,UNSATISFIABLE,False,20,2256,8181,10125,233008,results/phase3/20260816Tphase3benchmark01Z/logs/measurements/direct/00020__003_exact_r_allocation_boundary_low_scale9_noise0__kissat__seed1__rep1.log,,,,,,,,,,,,,,,,,,,,,,,,,,,,,,,
21,003_exact_r_allocation_boundary_low_scale9_noise0.cnf,exact_r_allocation,9,boundary_low,0,45,555,d4c34d34c9e60c784da433a7d46db173255ce8a302f34dedade29f3cff625c5b,UNSATISFIABLE,1,5.0,lkk_hybrid,,,1,620.619032,UNSATISFIABLE,False,0,19920,,,,results/phase3/20260816Tphase3benchmark01Z/logs/measurements/hybrid/00021__003_exact_r_allocation_boundary_low_scale9_noise0__lkk_hybrid__seed1__rep1.log,RUN_LKK,0.006815,"deterministic_accept(signal_count=555,clauses=555)",5,0.0,,NOT_RUN,False,False,UNSATISFIABLE,59,0.199387,16,RUN_LKK,4.055306,monotone_cardinality_signal,"{""estimated_resolution_pairs"":11520,""mirror_pairs"":0,""mixed_clauses"":0,""monotone_negative_clauses"":510,""monotone_positive_clauses"":45}",9,2.03468,fixed_point,COMPLETE,381.980464,sound_exact_r_and_capacity_families,COMPLETE,9,UNSAT,10,430.981502,/work/results/phase3/20260816Tphase3benchmark01Z/logs/measurements/witnesses/00021__003_exact_r_allocation_boundary_low_scale9_noise0__lkk_hybrid__seed1__rep1.witness.json,True,620.619032
22,003_exact_r_allocation_boundary_low_scale9_noise0.cnf,exact_r_allocation,9,boundary_low,0,45,555,d4c34d34c9e60c784da433a7d46db173255ce8a302f34dedade29f3cff625c5b,UNSATISFIABLE,1,5.0,kissat,4.0.4,e3d85acb36b9feb1828cedbfca70941efe69f76dc80fa99273e60ed0ed73e168,2,219.580636,UNSATISFIABLE,False,20,2524,10118,14252,278052,results/phase3/20260816Tphase3benchmark01Z/logs/measurements/direct/00022__003_exact_r_allocation_boundary_low_scale9_noise0__kissat__seed2__rep1.log,,,,,,,,,,,,,,,,,,,,,,,,,,,,,,,
23,003_exact_r_allocation_boundary_low_scale9_noise0.cnf,exact_r_allocation,9,boundary_low,0,45,555,d4c34d34c9e60c784da433a7d46db173255ce8a302f34dedade29f3cff625c5b,UNSATISFIABLE,1,5.0,lkk_hybrid,,,2,620.06258,UNSATISFIABLE,False,0,19920,,,,results/phase3/20260816Tphase3benchmark01Z/logs/measurements/hybrid/00023__003_exact_r_allocation_boundary_low_scale9_noise0__lkk_hybrid__seed2__rep1.log,RUN_LKK,0.026996,"deterministic_accept(signal_count=555,clauses=555)",5,0.0,,NOT_RUN,False,False,UNSATISFIABLE,59,0.213116,16,RUN_LKK,5.395515,monotone_cardinality_signal,"{""estimated_resolution_pairs"":11520,""mirror_pairs"":0,""mixed_clauses"":0,""monotone_negative_clauses"":510,""monotone_positive_clauses"":45}",9,3.052267,fixed_point,COMPLETE,364.477975,sound_exact_r_and_capacity_families,COMPLETE,9,UNSAT,10,416.409941,/work/results/phase3/20260816Tphase3benchmark01Z/logs/measurements/witnesses/00023__003_exact_r_allocation_boundary_low_scale9_noise0__lkk_hybrid__seed2__rep1.witness.json,True,620.06258
24,003_exact_r_allocation_boundary_low_scale9_noise0.cnf,exact_r_allocation,9,boundary_low,0,45,555,d4c34d34c9e60c784da433a7d46db173255ce8a302f34dedade29f3cff625c5b,UNSATISFIABLE,1,5.0,cadical,3.0.1,77236219227fe9bc340e54563f347e2ec1b60f0189a076899dd82340fd3a304d,2,269.10863,UNSATISFIABLE,False,20,2856,0,17819,183093,results/phase3/20260816Tphase3benchmark01Z/logs/measurements/direct/00024__003_exact_r_allocation_boundary_low_scale9_noise0__cadical__seed2__rep1.log,,,,,,,,,,,,,,,,,,,,,,,,,,,,,,,
25,003_exact_r_allocation_boundary_low_scale9_noise0.cnf,exact_r_allocation,9,boundary_low,0,45,555,d4c34d34c9e60c784da433a7d46db173255ce8a302f34dedade29f3cff625c5b,UNSATISFIABLE,1,5.0,lkk_hybrid,,,3,671.031539,UNSATISFIABLE,False,0,19932,,,,results/phase3/20260816Tphase3benchmark01Z/logs/measurements/hybrid/00025__003_exact_r_allocation_boundary_low_scale9_noise0__lkk_hybrid__seed3__rep1.log,RUN_LKK,0.013036,"deterministic_accept(signal_count=555,clauses=555)",5,0.0,,NOT_RUN,False,False,UNSATISFIABLE,59,0.372854,16,RUN_LKK,3.948224,monotone_cardinality_signal,"{""estimated_resolution_pairs"":11520,""mirror_pairs"":0,""mixed_clauses"":0,""monotone_negative_clauses"":510,""monotone_positive_clauses"":45}",9,2.460018,fixed_point,COMPLETE,435.242676,sound_exact_r_and_capacity_families,COMPLETE,9,UNSAT,10,489.155396,/work/results/phase3/20260816Tphase3benchmark01Z/logs/measurements/witnesses/00025__003_exact_r_allocation_boundary_low_scale9_noise0__lkk_hybrid__seed3__rep1.witness.json,True,671.031539
26,003_exact_r_allocation_boundary_low_scale9_noise0.cnf,exact_r_allocation,9,boundary_low,0,45,555,d4c34d34c9e60c784da433a7d46db173255ce8a302f34dedade29f3cff625c5b,UNSATISFIABLE,1,5.0,cadical,3.0.1,77236219227fe9bc340e54563f347e2ec1b60f0189a076899dd82340fd3a304d,3,220.623353,UNSATISFIABLE,False,20,2800,0,17158,177501,results/phase3/20260816Tphase3benchmark01Z/logs/measurements/direct/00026__003_exact_r_allocation_boundary_low_scale9_noise0__cadical__seed3__rep1.log,,,,,,,,,,,,,,,,,,,,,,,,,,,,,,,
27,003_exact_r_allocation_boundary_low_scale9_noise0.cnf,exact_r_allocation,9,boundary_low,0,45,555,d4c34d34c9e60c784da433a7d46db173255ce8a302f34dedade29f3cff625c5b,UNSATISFIABLE,1,5.0,kissat,4.0.4,e3d85acb36b9feb1828cedbfca70941efe69f76dc80fa99273e60ed0ed73e168,3,168.456085,UNSATISFIABLE,False,20,2032,10694,14407,253882,results/phase3/20260816Tphase3benchmark01Z/logs/measurements/direct/00027__003_exact_r_allocation_boundary_low_scale9_noise0__kissat__seed3__rep1.log,,,,,,,,,,,,,,,,,,,,,,,,,,,,,,,
28,004_exact_r_allocation_boundary_high_scale11_noise0.cnf,exact_r_allocation,11,boundary_high,0,66,1221,45b9c77daf04aa7b23c475ec4db018f1c81f9cf4d409de9a862bba02d5735f11,UNSATISFIABLE,1,5.0,kissat,4.0.4,e3d85acb36b9feb1828cedbfca70941efe69f76dc80fa99273e60ed0ed73e168,1,5039.856283,TIMEOUT,True,137,1744,,,,results/phase3/20260816Tphase3benchmark01Z/logs/measurements/direct/00028__004_exact_r_allocation_boundary_high_scale11_noise0__kissat__seed1__rep1.log,,,,,,,,,,,,,,,,,,,,,,,,,,,,,,,
29,004_exact_r_allocation_boundary_high_scale11_noise0.cnf,exact_r_allocation,11,boundary_high,0,66,1221,45b9c77daf04aa7b23c475ec4db018f1c81f9cf4d409de9a862bba02d5735f11,UNSATISFIABLE,1,5.0,lkk_hybrid,,,1,5036.749212,TIMEOUT,True,137,1696,,,,results/phase3/20260816Tphase3benchmark01Z/logs/measurements/hybrid/00029__004_exact_r_allocation_boundary_high_scale11_noise0__lkk_hybrid__seed1__rep1.log,,,,,,,,,,,,,,,,,,,,,,,,,,UNKNOWN,,,,,
30,004_exact_r_allocation_boundary_high_scale11_noise0.cnf,exact_r_allocation,11,boundary_high,0,66,1221,45b9c77daf04aa7b23c475ec4db018f1c81f9cf4d409de9a862bba02d5735f11,UNSATISFIABLE,1,5.0,cadical,3.0.1,77236219227fe9bc340e54563f347e2ec1b60f0189a076899dd82340fd3a304d,1,5036.770355,TIMEOUT,True,137,1696,,,,results/phase3/20260816Tphase3benchmark01Z/logs/measurements/direct/00030__004_exact_r_allocation_boundary_high_scale11_noise0__cadical__seed1__rep1.log,,,,,,,,,,,,,,,,,,,,,,,,,,,,,,,
31,004_exact_r_allocation_boundary_high_scale11_noise0.cnf,exact_r_allocation,11,boundary_high,0,66,1221,45b9c77daf04aa7b23c475ec4db018f1c81f9cf4d409de9a862bba02d5735f11,UNSATISFIABLE,1,5.0,lkk_hybrid,,,2,5036.229388,TIMEOUT,True,137,1724,,,,results/phase3/20260816Tphase3benchmark01Z/logs/measurements/hybrid/00031__004_exact_r_allocation_boundary_high_scale11_noise0__lkk_hybrid__seed2__rep1.log,,,,,,,,,,,,,,,,,,,,,,,,,,UNKNOWN,,,,,
32,004_exact_r_allocation_boundary_high_scale11_noise0.cnf,exact_r_allocation,11,boundary_high,0,66,1221,45b9c77daf04aa7b23c475ec4db018f1c81f9cf4d409de9a862bba02d5735f11,UNSATISFIABLE,1,5.0,cadical,3.0.1,77236219227fe9bc340e54563f347e2ec1b60f0189a076899dd82340fd3a304d,2,5036.445586,TIMEOUT,True,137,1688,,,,results/phase3/20260816Tphase3benchmark01Z/logs/measurements/direct/00032__004_exact_r_allocation_boundary_high_scale11_noise0__cadical__seed2__rep1.log,,,,,,,,,,,,,,,,,,,,,,,,,,,,,,,
33,004_exact_r_allocation_boundary_high_scale11_noise0.cnf,exact_r_allocation,11,boundary_high,0,66,1221,45b9c77daf04aa7b23c475ec4db018f1c81f9cf4d409de9a862bba02d5735f11,UNSATISFIABLE,1,5.0,kissat,4.0.4,e3d85acb36b9feb1828cedbfca70941efe69f76dc80fa99273e60ed0ed73e168,2,5036.625666,TIMEOUT,True,137,1700,,,,results/phase3/20260816Tphase3benchmark01Z/logs/measurements/direct/00033__004_exact_r_allocation_boundary_high_scale11_noise0__kissat__seed2__rep1.log,,,,,,,,,,,,,,,,,,,,,,,,,,,,,,,
34,004_exact_r_allocation_boundary_high_scale11_noise0.cnf,exact_r_allocation,11,boundary_high,0,66,1221,45b9c77daf04aa7b23c475ec4db018f1c81f9cf4d409de9a862bba02d5735f11,UNSATISFIABLE,1,5.0,cadical,3.0.1,77236219227fe9bc340e54563f347e2ec1b60f0189a076899dd82340fd3a304d,3,5036.256041,TIMEOUT,True,137,1724,,,,results/phase3/20260816Tphase3benchmark01Z/logs/measurements/direct/00034__004_exact_r_allocation_boundary_high_scale11_noise0__cadical__seed3__rep1.log,,,,,,,,,,,,,,,,,,,,,,,,,,,,,,,
35,004_exact_r_allocation_boundary_high_scale11_noise0.cnf,exact_r_allocation,11,boundary_high,0,66,1221,45b9c77daf04aa7b23c475ec4db018f1c81f9cf4d409de9a862bba02d5735f11,UNSATISFIABLE,1,5.0,kissat,4.0.4,e3d85acb36b9feb1828cedbfca70941efe69f76dc80fa99273e60ed0ed73e168,3,5038.070854,TIMEOUT,True,137,1728,,,,results/phase3/20260816Tphase3benchmark01Z/logs/measurements/direct/00035__004_exact_r_allocation_boundary_high_scale11_noise0__kissat__seed3__rep1.log,,,,,,,,,,,,,,,,,,,,,,,,,,,,,,,
36,004_exact_r_allocation_boundary_high_scale11_noise0.cnf,exact_r_allocation,11,boundary_high,0,66,1221,45b9c77daf04aa7b23c475ec4db018f1c81f9cf4d409de9a862bba02d5735f11,UNSATISFIABLE,1,5.0,lkk_hybrid,,,3,5037.919799,TIMEOUT,True,137,1612,,,,results/phase3/20260816Tphase3benchmark01Z/logs/measurements/hybrid/00036__004_exact_r_allocation_boundary_high_scale11_noise0__lkk_hybrid__seed3__rep1.log,,,,,,,,,,,,,,,,,,,,,,,,,,UNKNOWN,,,,,
37,005_overlapping_hall_violation_boundary_low_scale8_noise0.cnf,overlapping_hall_violation,8,boundary_low,0,144,1097,64dd020aa88c22deea202e06e4dfaa9d932b35f2c9d45fed680663cd8c18c2c2,UNSATISFIABLE,1,5.0,lkk_hybrid,,,1,1222.539158,UNSATISFIABLE,False,0,19068,10,49432,475080,results/phase3/20260816Tphase3benchmark01Z/logs/measurements/hybrid/00037__005_overlapping_hall_violation_boundary_low_scale8_noise0__lkk_hybrid__seed1__rep1.log,RUN_LKK,0.019959,"deterministic_accept(signal_count=1097,clauses=1097)",17,569.928139,20,UNSATISFIABLE,False,True,UNSATISFIABLE,0,0.0,0,RUN_LKK,4.954571,monotone_cardinality_signal,"{""estimated_resolution_pairs"":2160,""mirror_pairs"":0,""mixed_clauses"":0,""monotone_negative_clauses"":1080,""monotone_positive_clauses"":17}",,3.768553,fixed_point,COMPLETE,423.852342,family_check_budget,UNKNOWN,0,UNKNOWN,,1029.27814,,False,1222.539158
38,005_overlapping_hall_violation_boundary_low_scale8_noise0.cnf,overlapping_hall_violation,8,boundary_low,0,144,1097,64dd020aa88c22deea202e06e4dfaa9d932b35f2c9d45fed680663cd8c18c2c2,UNSATISFIABLE,1,5.0,cadical,3.0.1,77236219227fe9bc340e54563f347e2ec1b60f0189a076899dd82340fd3a304d,1,518.609714,UNSATISFIABLE,False,20,3480,10,49432,475080,results/phase3/20260816Tphase3benchmark01Z/logs/measurements/direct/00038__005_overlapping_hall_violation_boundary_low_scale8_noise0__cadical__seed1__rep1.log,,,,,,,,,,,,,,,,,,,,,,,,,,,,,,,
39,005_overlapping_hall_violation_boundary_low_scale8_noise0.cnf,overlapping_hall_violation,8,boundary_low,0,144,1097,64dd020aa88c22deea202e06e4dfaa9d932b35f2c9d45fed680663cd8c18c2c2,UNSATISFIABLE,1,5.0,kissat,4.0.4,e3d85acb36b9feb1828cedbfca70941efe69f76dc80fa99273e60ed0ed73e168,1,167.05798,UNSATISFIABLE,False,20,2456,8422,12151,245912,results/phase3/20260816Tphase3benchmark01Z/logs/measurements/direct/00039__005_overlapping_hall_violation_boundary_low_scale8_noise0__kissat__seed1__rep1.log,,,,,,,,,,,,,,,,,,,,,,,,,,,,,,,
40,005_overlapping_hall_violation_boundary_low_scale8_noise0.cnf,overlapping_hall_violation,8,boundary_low,0,144,1097,64dd020aa88c22deea202e06e4dfaa9d932b35f2c9d45fed680663cd8c18c2c2,UNSATISFIABLE,1,5.0,cadical,3.0.1,77236219227fe9bc340e54563f347e2ec1b60f0189a076899dd82340fd3a304d,2,417.695396,UNSATISFIABLE,False,20,3272,6,41438,398267,results/phase3/20260816Tphase3benchmark01Z/logs/measurements/direct/00040__005_overlapping_hall_violation_boundary_low_scale8_noise0__cadical__seed2__rep1.log,,,,,,,,,,,,,,,,,,,,,,,,,,,,,,,
41,005_overlapping_hall_violation_boundary_low_scale8_noise0.cnf,overlapping_hall_violation,8,boundary_low,0,144,1097,64dd020aa88c22deea202e06e4dfaa9d932b35f2c9d45fed680663cd8c18c2c2,UNSATISFIABLE,1,5.0,kissat,4.0.4,e3d85acb36b9feb1828cedbfca70941efe69f76dc80fa99273e60ed0ed73e168,2,217.427452,UNSATISFIABLE,False,20,1924,7581,10588,297832,results/phase3/20260816Tphase3benchmark01Z/logs/measurements/direct/00041__005_overlapping_hall_violation_boundary_low_scale8_noise0__kissat__seed2__rep1.log,,,,,,,,,,,,,,,,,,,,,,,,,,,,,,,
42,005_overlapping_hall_violation_boundary_low_scale8_noise0.cnf,overlapping_hall_violation,8,boundary_low,0,144,1097,64dd020aa88c22deea202e06e4dfaa9d932b35f2c9d45fed680663cd8c18c2c2,UNSATISFIABLE,1,5.0,lkk_hybrid,,,2,1020.101894,UNSATISFIABLE,False,0,19172,6,41438,398267,results/phase3/20260816Tphase3benchmark01Z/logs/measurements/hybrid/00042__005_overlapping_hall_violation_boundary_low_scale8_noise0__lkk_hybrid__seed2__rep1.log,RUN_LKK,0.010185,"deterministic_accept(signal_count=1097,clauses=1097)",17,418.092956,20,UNSATISFIABLE,False,True,UNSATISFIABLE,0,0.0,0,RUN_LKK,3.92655,monotone_cardinality_signal,"{""estimated_resolution_pairs"":2160,""mirror_pairs"":0,""mixed_clauses"":0,""monotone_negative_clauses"":1080,""monotone_positive_clauses"":17}",,3.168326,fixed_point,COMPLETE,425.909296,family_check_budget,UNKNOWN,0,UNKNOWN,,872.593314,,False,1020.101894
43,005_overlapping_hall_violation_boundary_low_scale8_noise0.cnf,overlapping_hall_violation,8,boundary_low,0,144,1097,64dd020aa88c22deea202e06e4dfaa9d932b35f2c9d45fed680663cd8c18c2c2,UNSATISFIABLE,1,5.0,kissat,4.0.4,e3d85acb36b9feb1828cedbfca70941efe69f76dc80fa99273e60ed0ed73e168,3,116.738133,UNSATISFIABLE,False,20,1980,7747,10700,231604,results/phase3/20260816Tphase3benchmark01Z/logs/measurements/direct/00043__005_overlapping_hall_violation_boundary_low_scale8_noise0__kissat__seed3__rep1.log,,,,,,,,,,,,,,,,,,,,,,,,,,,,,,,
44,005_overlapping_hall_violation_boundary_low_scale8_noise0.cnf,overlapping_hall_violation,8,boundary_low,0,144,1097,64dd020aa88c22deea202e06e4dfaa9d932b35f2c9d45fed680663cd8c18c2c2,UNSATISFIABLE,1,5.0,lkk_hybrid,,,3,1170.157586,UNSATISFIABLE,False,0,19184,4,43991,427994,results/phase3/20260816Tphase3benchmark01Z/logs/measurements/hybrid/00044__005_overlapping_hall_violation_boundary_low_scale8_noise0__lkk_hybrid__seed3__rep1.log,RUN_LKK,0.008708,"deterministic_accept(signal_count=1097,clauses=1097)",17,519.390583,20,UNSATISFIABLE,False,True,UNSATISFIABLE,0,0.0,0,RUN_LKK,3.973393,monotone_cardinality_signal,"{""estimated_resolution_pairs"":2160,""mirror_pairs"":0,""mixed_clauses"":0,""monotone_negative_clauses"":1080,""monotone_positive_clauses"":17}",,3.360041,fixed_point,COMPLETE,456.040048,family_check_budget,UNKNOWN,0,UNKNOWN,,1002.398966,,False,1170.157586
45,005_overlapping_hall_violation_boundary_low_scale8_noise0.cnf,overlapping_hall_violation,8,boundary_low,0,144,1097,64dd020aa88c22deea202e06e4dfaa9d932b35f2c9d45fed680663cd8c18c2c2,UNSATISFIABLE,1,5.0,cadical,3.0.1,77236219227fe9bc340e54563f347e2ec1b60f0189a076899dd82340fd3a304d,3,468.453411,UNSATISFIABLE,False,20,3568,4,43991,427994,results/phase3/20260816Tphase3benchmark01Z/logs/measurements/direct/00045__005_overlapping_hall_violation_boundary_low_scale8_noise0__cadical__seed3__rep1.log,,,,,,,,,,,,,,,,,,,,,,,,,,,,,,,
46,006_overlapping_hall_violation_boundary_high_scale9_noise0.cnf,overlapping_hall_violation,9,boundary_high,0,180,1549,feaefc6ff68046ee608f459c6688d99d8640db9e7b4c7d255314658080965f50,UNSATISFIABLE,1,5.0,cadical,3.0.1,77236219227fe9bc340e54563f347e2ec1b60f0189a076899dd82340fd3a304d,1,4485.340134,UNSATISFIABLE,False,20,6992,102,368940,3518818,results/phase3/20260816Tphase3benchmark01Z/logs/measurements/direct/00046__006_overlapping_hall_violation_boundary_high_scale9_noise0__cadical__seed1__rep1.log,,,,,,,,,,,,,,,,,,,,,,,,,,,,,,,
47,006_overlapping_hall_violation_boundary_high_scale9_noise0.cnf,overlapping_hall_violation,9,boundary_high,0,180,1549,feaefc6ff68046ee608f459c6688d99d8640db9e7b4c7d255314658080965f50,UNSATISFIABLE,1,5.0,kissat,4.0.4,e3d85acb36b9feb1828cedbfca70941efe69f76dc80fa99273e60ed0ed73e168,1,417.741581,UNSATISFIABLE,False,20,3272,20328,29315,600597,results/phase3/20260816Tphase3benchmark01Z/logs/measurements/direct/00047__006_overlapping_hall_violation_boundary_high_scale9_noise0__kissat__seed1__rep1.log,,,,,,,,,,,,,,,,,,,,,,,,,,,,,,,
48,006_overlapping_hall_violation_boundary_high_scale9_noise0.cnf,overlapping_hall_violation,9,boundary_high,0,180,1549,feaefc6ff68046ee608f459c6688d99d8640db9e7b4c7d255314658080965f50,UNSATISFIABLE,1,5.0,lkk_hybrid,,,1,5037.664215,TIMEOUT,True,137,1692,,,,results/phase3/20260816Tphase3benchmark01Z/logs/measurements/hybrid/00048__006_overlapping_hall_violation_boundary_high_scale9_noise0__lkk_hybrid__seed1__rep1.log,,,,,,,,,,,,,,,,,,,,,,,,,,UNKNOWN,,,,,
49,006_overlapping_hall_violation_boundary_high_scale9_noise0.cnf,overlapping_hall_violation,9,boundary_high,0,180,1549,feaefc6ff68046ee608f459c6688d99d8640db9e7b4c7d255314658080965f50,UNSATISFIABLE,1,5.0,kissat,4.0.4,e3d85acb36b9feb1828cedbfca70941efe69f76dc80fa99273e60ed0ed73e168,2,468.844344,UNSATISFIABLE,False,20,3016,17904,27377,546537,results/phase3/20260816Tphase3benchmark01Z/logs/measurements/direct/00049__006_overlapping_hall_violation_boundary_high_scale9_noise0__kissat__seed2__rep1.log,,,,,,,,,,,,,,,,,,,,,,,,,,,,,,,
50,006_overlapping_hall_violation_boundary_high_scale9_noise0.cnf,overlapping_hall_violation,9,boundary_high,0,180,1549,feaefc6ff68046ee608f459c6688d99d8640db9e7b4c7d255314658080965f50,UNSATISFIABLE,1,5.0,lkk_hybrid,,,2,5036.28188,TIMEOUT,True,137,1688,,,,results/phase3/20260816Tphase3benchmark01Z/logs/measurements/hybrid/00050__006_overlapping_hall_violation_boundary_high_scale9_noise0__lkk_hybrid__seed2__rep1.log,,,,,,,,,,,,,,,,,,,,,,,,,,UNKNOWN,,,,,
51,006_overlapping_hall_violation_boundary_high_scale9_noise0.cnf,overlapping_hall_violation,9,boundary_high,0,180,1549,feaefc6ff68046ee608f459c6688d99d8640db9e7b4c7d255314658080965f50,UNSATISFIABLE,1,5.0,cadical,3.0.1,77236219227fe9bc340e54563f347e2ec1b60f0189a076899dd82340fd3a304d,2,4384.832151,UNSATISFIABLE,False,20,7208,22,394508,3674003,results/phase3/20260816Tphase3benchmark01Z/logs/measurements/direct/00051__006_overlapping_hall_violation_boundary_high_scale9_noise0__cadical__seed2__rep1.log,,,,,,,,,,,,,,,,,,,,,,,,,,,,,,,
52,006_overlapping_hall_violation_boundary_high_scale9_noise0.cnf,overlapping_hall_violation,9,boundary_high,0,180,1549,feaefc6ff68046ee608f459c6688d99d8640db9e7b4c7d255314658080965f50,UNSATISFIABLE,1,5.0,lkk_hybrid,,,3,4134.261056,UNSATISFIABLE,False,0,19496,22,337237,3239857,results/phase3/20260816Tphase3benchmark01Z/logs/measurements/hybrid/00052__006_overlapping_hall_violation_boundary_high_scale9_noise0__lkk_hybrid__seed3__rep1.log,RUN_LKK,0.010623,"deterministic_accept(signal_count=1549,clauses=1549)",19,3481.893542,20,UNSATISFIABLE,False,True,UNSATISFIABLE,0,0.0,0,RUN_LKK,6.283575,monotone_cardinality_signal,"{""estimated_resolution_pairs"":3060,""mirror_pairs"":0,""mixed_clauses"":0,""monotone_negative_clauses"":1530,""monotone_positive_clauses"":19}",,5.592964,fixed_point,COMPLETE,458.466398,family_check_budget,UNKNOWN,0,UNKNOWN,,3976.478132,,False,4134.261056
53,006_overlapping_hall_violation_boundary_high_scale9_noise0.cnf,overlapping_hall_violation,9,boundary_high,0,180,1549,feaefc6ff68046ee608f459c6688d99d8640db9e7b4c7d255314658080965f50,UNSATISFIABLE,1,5.0,cadical,3.0.1,77236219227fe9bc340e54563f347e2ec1b60f0189a076899dd82340fd3a304d,3,3482.039751,UNSATISFIABLE,False,20,5920,22,337237,3239857,results/phase3/20260816Tphase3benchmark01Z/logs/measurements/direct/00053__006_overlapping_hall_violation_boundary_high_scale9_noise0__cadical__seed3__rep1.log,,,,,,,,,,,,,,,,,,,,,,,,,,,,,,,
54,006_overlapping_hall_violation_boundary_high_scale9_noise0.cnf,overlapping_hall_violation,9,boundary_high,0,180,1549,feaefc6ff68046ee608f459c6688d99d8640db9e7b4c7d255314658080965f50,UNSATISFIABLE,1,5.0,kissat,4.0.4,e3d85acb36b9feb1828cedbfca70941efe69f76dc80fa99273e60ed0ed73e168,3,418.702226,UNSATISFIABLE,False,20,2736,20905,29125,613282,results/phase3/20260816Tphase3benchmark01Z/logs/measurements/direct/00054__006_overlapping_hall_violation_boundary_high_scale9_noise0__kissat__seed3__rep1.log,,,,,,,,,,,,,,,,,,,,,,,,,,,,,,,
55,007_capacity2_violation_boundary_low_scale5_noise0.cnf,capacity2_violation,5,boundary_low,0,55,946,81fd6bd9961b33abf0cf74c0a1740179f87689b3cd424c88f4ec324b14c844be,UNSATISFIABLE,1,5.0,kissat,4.0.4,e3d85acb36b9feb1828cedbfca70941efe69f76dc80fa99273e60ed0ed73e168,1,268.331163,UNSATISFIABLE,False,20,2816,13246,20778,374255,results/phase3/20260816Tphase3benchmark01Z/logs/measurements/direct/00055__007_capacity2_violation_boundary_low_scale5_noise0__kissat__seed1__rep1.log,,,,,,,,,,,,,,,,,,,,,,,,,,,,,,,
56,007_capacity2_violation_boundary_low_scale5_noise0.cnf,capacity2_violation,5,boundary_low,0,55,946,81fd6bd9961b33abf0cf74c0a1740179f87689b3cd424c88f4ec324b14c844be,UNSATISFIABLE,1,5.0,lkk_hybrid,,,1,569.925346,UNSATISFIABLE,False,0,20872,,,,results/phase3/20260816Tphase3benchmark01Z/logs/measurements/hybrid/00056__007_capacity2_violation_boundary_low_scale5_noise0__lkk_hybrid__seed1__rep1.log,RUN_LKK,0.00982,"deterministic_accept(signal_count=946,clauses=946)",11,0.0,,NOT_RUN,False,False,UNSATISFIABLE,71,0.184672,18,RUN_LKK,4.497103,monotone_cardinality_signal,"{""estimated_resolution_pairs"":2695,""mirror_pairs"":0,""mixed_clauses"":0,""monotone_negative_clauses"":935,""monotone_positive_clauses"":11}",10,2.58426,fixed_point,COMPLETE,366.851446,sound_exact_r_and_capacity_families,COMPLETE,5,UNSAT,11,418.451224,/work/results/phase3/20260816Tphase3benchmark01Z/logs/measurements/witnesses/00056__007_capacity2_violation_boundary_low_scale5_noise0__lkk_hybrid__seed1__rep1.witness.json,True,569.925346
57,007_capacity2_violation_boundary_low_scale5_noise0.cnf,capacity2_violation,5,boundary_low,0,55,946,81fd6bd9961b33abf0cf74c0a1740179f87689b3cd424c88f4ec324b14c844be,UNSATISFIABLE,1,5.0,cadical,3.0.1,77236219227fe9bc340e54563f347e2ec1b60f0189a076899dd82340fd3a304d,1,720.645583,UNSATISFIABLE,False,20,4788,68,55232,446092,results/phase3/20260816Tphase3benchmark01Z/logs/measurements/direct/00057__007_capacity2_violation_boundary_low_scale5_noise0__cadical__seed1__rep1.log,,,,,,,,,,,,,,,,,,,,,,,,,,,,,,,
58,007_capacity2_violation_boundary_low_scale5_noise0.cnf,capacity2_violation,5,boundary_low,0,55,946,81fd6bd9961b33abf0cf74c0a1740179f87689b3cd424c88f4ec324b14c844be,UNSATISFIABLE,1,5.0,lkk_hybrid,,,2,519.362177,UNSATISFIABLE,False,0,20828,,,,results/phase3/20260816Tphase3benchmark01Z/logs/measurements/hybrid/00058__007_capacity2_violation_boundary_low_scale5_noise0__lkk_hybrid__seed2__rep1.log,RUN_LKK,0.01289,"deterministic_accept(signal_count=946,clauses=946)",11,0.0,,NOT_RUN,False,False,UNSATISFIABLE,71,0.174175,18,RUN_LKK,4.268338,monotone_cardinality_signal,"{""estimated_resolution_pairs"":2695,""mirror_pairs"":0,""mixed_clauses"":0,""monotone_negative_clauses"":935,""monotone_positive_clauses"":11}",10,2.669346,fixed_point,COMPLETE,339.014596,sound_exact_r_and_capacity_families,COMPLETE,5,UNSAT,11,395.209085,/work/results/phase3/20260816Tphase3benchmark01Z/logs/measurements/witnesses/00058__007_capacity2_violation_boundary_low_scale5_noise0__lkk_hybrid__seed2__rep1.witness.json,True,519.362177
59,007_capacity2_violation_boundary_low_scale5_noise0.cnf,capacity2_violation,5,boundary_low,0,55,946,81fd6bd9961b33abf0cf74c0a1740179f87689b3cd424c88f4ec324b14c844be,UNSATISFIABLE,1,5.0,cadical,3.0.1,77236219227fe9bc340e54563f347e2ec1b60f0189a076899dd82340fd3a304d,2,971.013968,UNSATISFIABLE,False,20,4740,12,73860,591599,results/phase3/20260816Tphase3benchmark01Z/logs/measurements/direct/00059__007_capacity2_violation_boundary_low_scale5_noise0__cadical__seed2__rep1.log,,,,,,,,,,,,,,,,,,,,,,,,,,,,,,,
60,007_capacity2_violation_boundary_low_scale5_noise0.cnf,capacity2_violation,5,boundary_low,0,55,946,81fd6bd9961b33abf0cf74c0a1740179f87689b3cd424c88f4ec324b14c844be,UNSATISFIABLE,1,5.0,kissat,4.0.4,e3d85acb36b9feb1828cedbfca70941efe69f76dc80fa99273e60ed0ed73e168,2,318.812607,UNSATISFIABLE,False,20,2824,14849,25186,427930,results/phase3/20260816Tphase3benchmark01Z/logs/measurements/direct/00060__007_capacity2_violation_boundary_low_scale5_noise0__kissat__seed2__rep1.log,,,,,,,,,,,,,,,,,,,,,,,,,,,,,,,
61,007_capacity2_violation_boundary_low_scale5_noise0.cnf,capacity2_violation,5,boundary_low,0,55,946,81fd6bd9961b33abf0cf74c0a1740179f87689b3cd424c88f4ec324b14c844be,UNSATISFIABLE,1,5.0,cadical,3.0.1,77236219227fe9bc340e54563f347e2ec1b60f0189a076899dd82340fd3a304d,3,1825.351588,UNSATISFIABLE,False,20,7952,16,98674,766698,results/phase3/20260816Tphase3benchmark01Z/logs/measurements/direct/00061__007_capacity2_violation_boundary_low_scale5_noise0__cadical__seed3__rep1.log,,,,,,,,,,,,,,,,,,,,,,,,,,,,,,,
62,007_capacity2_violation_boundary_low_scale5_noise0.cnf,capacity2_violation,5,boundary_low,0,55,946,81fd6bd9961b33abf0cf74c0a1740179f87689b3cd424c88f4ec324b14c844be,UNSATISFIABLE,1,5.0,kissat,4.0.4,e3d85acb36b9feb1828cedbfca70941efe69f76dc80fa99273e60ed0ed73e168,3,268.800371,UNSATISFIABLE,False,20,2828,14074,21500,405586,results/phase3/20260816Tphase3benchmark01Z/logs/measurements/direct/00062__007_capacity2_violation_boundary_low_scale5_noise0__kissat__seed3__rep1.log,,,,,,,,,,,,,,,,,,,,,,,,,,,,,,,
63,007_capacity2_violation_boundary_low_scale5_noise0.cnf,capacity2_violation,5,boundary_low,0,55,946,81fd6bd9961b33abf0cf74c0a1740179f87689b3cd424c88f4ec324b14c844be,UNSATISFIABLE,1,5.0,lkk_hybrid,,,3,520.367669,UNSATISFIABLE,False,0,20924,,,,results/phase3/20260816Tphase3benchmark01Z/logs/measurements/hybrid/00063__007_capacity2_violation_boundary_low_scale5_noise0__lkk_hybrid__seed3__rep1.log,RUN_LKK,0.006583,"deterministic_accept(signal_count=946,clauses=946)",11,0.0,,NOT_RUN,False,False,UNSATISFIABLE,71,0.196137,18,RUN_LKK,4.148162,monotone_cardinality_signal,"{""estimated_resolution_pairs"":2695,""mirror_pairs"":0,""mixed_clauses"":0,""monotone_negative_clauses"":935,""monotone_positive_clauses"":11}",10,2.637132,fixed_point,COMPLETE,349.060527,sound_exact_r_and_capacity_families,COMPLETE,5,UNSAT,11,399.534687,/work/results/phase3/20260816Tphase3benchmark01Z/logs/measurements/witnesses/00063__007_capacity2_violation_boundary_low_scale5_noise0__lkk_hybrid__seed3__rep1.witness.json,True,520.367669
64,008_capacity2_violation_noise100_scale5_noise100.cnf,capacity2_violation,5,noise100,100,528,1892,8cf905634095c0d9e2d622aa86ce5084c4b2682c677eb67a5e32a2577eb1c5f9,UNSATISFIABLE,1,5.0,lkk_hybrid,,,1,671.46116,UNSATISFIABLE,False,0,23116,,,,results/phase3/20260816Tphase3benchmark01Z/logs/measurements/hybrid/00064__008_capacity2_violation_noise100_scale5_noise100__lkk_hybrid__seed1__rep1.log,RUN_LKK,0.008566,"deterministic_accept(signal_count=1188,clauses=1892)",11,0.0,,NOT_RUN,False,False,UNSATISFIABLE,71,0.18436,18,RUN_LKK,8.725069,monotone_cardinality_signal,"{""estimated_resolution_pairs"":7080,""mirror_pairs"":0,""mixed_clauses"":704,""monotone_negative_clauses"":1062,""monotone_positive_clauses"":126}",10,6.174578,fixed_point,COMPLETE,428.062648,sound_exact_r_and_capacity_families,COMPLETE,5,UNSAT,11,504.799743,/work/results/phase3/20260816Tphase3benchmark01Z/logs/measurements/witnesses/00064__008_capacity2_violation_noise100_scale5_noise100__lkk_hybrid__seed1__rep1.witness.json,True,671.46116
65,008_capacity2_violation_noise100_scale5_noise100.cnf,capacity2_violation,5,noise100,100,528,1892,8cf905634095c0d9e2d622aa86ce5084c4b2682c677eb67a5e32a2577eb1c5f9,UNSATISFIABLE,1,5.0,cadical,3.0.1,77236219227fe9bc340e54563f347e2ec1b60f0189a076899dd82340fd3a304d,1,2076.08887,UNSATISFIABLE,False,20,8556,22,96830,740622,results/phase3/20260816Tphase3benchmark01Z/logs/measurements/direct/00065__008_capacity2_violation_noise100_scale5_noise100__cadical__seed1__rep1.log,,,,,,,,,,,,,,,,,,,,,,,,,,,,,,,
66,008_capacity2_violation_noise100_scale5_noise100.cnf,capacity2_violation,5,noise100,100,528,1892,8cf905634095c0d9e2d622aa86ce5084c4b2682c677eb67a5e32a2577eb1c5f9,UNSATISFIABLE,1,5.0,kissat,4.0.4,e3d85acb36b9feb1828cedbfca70941efe69f76dc80fa99273e60ed0ed73e168,1,217.774072,UNSATISFIABLE,False,20,2756,9859,19705,297201,results/phase3/20260816Tphase3benchmark01Z/logs/measurements/direct/00066__008_capacity2_violation_noise100_scale5_noise100__kissat__seed1__rep1.log,,,,,,,,,,,,,,,,,,,,,,,,,,,,,,,
67,008_capacity2_violation_noise100_scale5_noise100.cnf,capacity2_violation,5,noise100,100,528,1892,8cf905634095c0d9e2d622aa86ce5084c4b2682c677eb67a5e32a2577eb1c5f9,UNSATISFIABLE,1,5.0,cadical,3.0.1,77236219227fe9bc340e54563f347e2ec1b60f0189a076899dd82340fd3a304d,2,1575.410202,UNSATISFIABLE,False,20,6748,6,85887,675400,results/phase3/20260816Tphase3benchmark01Z/logs/measurements/direct/00067__008_capacity2_violation_noise100_scale5_noise100__cadical__seed2__rep1.log,,,,,,,,,,,,,,,,,,,,,,,,,,,,,,,
68,008_capacity2_violation_noise100_scale5_noise100.cnf,capacity2_violation,5,noise100,100,528,1892,8cf905634095c0d9e2d622aa86ce5084c4b2682c677eb67a5e32a2577eb1c5f9,UNSATISFIABLE,1,5.0,kissat,4.0.4,e3d85acb36b9feb1828cedbfca70941efe69f76dc80fa99273e60ed0ed73e168,2,219.458945,UNSATISFIABLE,False,20,2924,10701,20617,318583,results/phase3/20260816Tphase3benchmark01Z/logs/measurements/direct/00068__008_capacity2_violation_noise100_scale5_noise100__kissat__seed2__rep1.log,,,,,,,,,,,,,,,,,,,,,,,,,,,,,,,
69,008_capacity2_violation_noise100_scale5_noise100.cnf,capacity2_violation,5,noise100,100,528,1892,8cf905634095c0d9e2d622aa86ce5084c4b2682c677eb67a5e32a2577eb1c5f9,UNSATISFIABLE,1,5.0,lkk_hybrid,,,2,720.234169,UNSATISFIABLE,False,0,23040,,,,results/phase3/20260816Tphase3benchmark01Z/logs/measurements/hybrid/00069__008_capacity2_violation_noise100_scale5_noise100__lkk_hybrid__seed2__rep1.log,RUN_LKK,0.014858,"deterministic_accept(signal_count=1188,clauses=1892)",11,0.0,,NOT_RUN,False,False,UNSATISFIABLE,71,0.227434,18,RUN_LKK,12.105505,monotone_cardinality_signal,"{""estimated_resolution_pairs"":7080,""mirror_pairs"":0,""mixed_clauses"":704,""monotone_negative_clauses"":1062,""monotone_positive_clauses"":126}",10,8.242487,fixed_point,COMPLETE,458.724429,sound_exact_r_and_capacity_families,COMPLETE,5,UNSAT,11,560.502454,/work/results/phase3/20260816Tphase3benchmark01Z/logs/measurements/witnesses/00069__008_capacity2_violation_noise100_scale5_noise100__lkk_hybrid__seed2__rep1.witness.json,True,720.234169
70,008_capacity2_violation_noise100_scale5_noise100.cnf,capacity2_violation,5,noise100,100,528,1892,8cf905634095c0d9e2d622aa86ce5084c4b2682c677eb67a5e32a2577eb1c5f9,UNSATISFIABLE,1,5.0,kissat,4.0.4,e3d85acb36b9feb1828cedbfca70941efe69f76dc80fa99273e60ed0ed73e168,3,370.420207,UNSATISFIABLE,False,20,2920,12790,23122,451637,results/phase3/20260816Tphase3benchmark01Z/logs/measurements/direct/00070__008_capacity2_violation_noise100_scale5_noise100__kissat__seed3__rep1.log,,,,,,,,,,,,,,,,,,,,,,,,,,,,,,,
71,008_capacity2_violation_noise100_scale5_noise100.cnf,capacity2_violation,5,noise100,100,528,1892,8cf905634095c0d9e2d622aa86ce5084c4b2682c677eb67a5e32a2577eb1c5f9,UNSATISFIABLE,1,5.0,lkk_hybrid,,,3,771.492463,UNSATISFIABLE,False,0,23084,,,,results/phase3/20260816Tphase3benchmark01Z/logs/measurements/hybrid/00071__008_capacity2_violation_noise100_scale5_noise100__lkk_hybrid__seed3__rep1.log,RUN_LKK,0.019831,"deterministic_accept(signal_count=1188,clauses=1892)",11,0.0,,NOT_RUN,False,False,UNSATISFIABLE,71,0.189933,18,RUN_LKK,11.017367,monotone_cardinality_signal,"{""estimated_resolution_pairs"":7080,""mirror_pairs"":0,""mixed_clauses"":704,""monotone_negative_clauses"":1062,""monotone_positive_clauses"":126}",10,8.524338,fixed_point,COMPLETE,480.864025,sound_exact_r_and_capacity_families,COMPLETE,5,UNSAT,11,571.362449,/work/results/phase3/20260816Tphase3benchmark01Z/logs/measurements/witnesses/00071__008_capacity2_violation_noise100_scale5_noise100__lkk_hybrid__seed3__rep1.witness.json,True,771.492463
72,008_capacity2_violation_noise100_scale5_noise100.cnf,capacity2_violation,5,noise100,100,528,1892,8cf905634095c0d9e2d622aa86ce5084c4b2682c677eb67a5e32a2577eb1c5f9,UNSATISFIABLE,1,5.0,cadical,3.0.1,77236219227fe9bc340e54563f347e2ec1b60f0189a076899dd82340fd3a304d,3,1222.499977,UNSATISFIABLE,False,20,6816,4,60555,468108,results/phase3/20260816Tphase3benchmark01Z/logs/measurements/direct/00072__008_capacity2_violation_noise100_scale5_noise100__cadical__seed3__rep1.log,,,,,,,,,,,,,,,,,,,,,,,,,,,,,,,
73,009_hidden_pigeonhole_visible_noise0_scale9_noise0.cnf,hidden_pigeonhole,9,visible_noise0,0,657,1134,d0c30ee9db160cd8909edf36e5530ff51a3f890d47498130ca08413f55adedd4,UNSATISFIABLE,1,5.0,cadical,3.0.1,77236219227fe9bc340e54563f347e2ec1b60f0189a076899dd82340fd3a304d,1,469.973569,UNSATISFIABLE,False,20,3508,2,45648,401805,results/phase3/20260816Tphase3benchmark01Z/logs/measurements/direct/00073__009_hidden_pigeonhole_visible_noise0_scale9_noise0__cadical__seed1__rep1.log,,,,,,,,,,,,,,,,,,,,,,,,,,,,,,,
74,009_hidden_pigeonhole_visible_noise0_scale9_noise0.cnf,hidden_pigeonhole,9,visible_noise0,0,657,1134,d0c30ee9db160cd8909edf36e5530ff51a3f890d47498130ca08413f55adedd4,UNSATISFIABLE,1,5.0,kissat,4.0.4,e3d85acb36b9feb1828cedbfca70941efe69f76dc80fa99273e60ed0ed73e168,1,170.015759,UNSATISFIABLE,False,20,2464,7539,21634,265025,results/phase3/20260816Tphase3benchmark01Z/logs/measurements/direct/00074__009_hidden_pigeonhole_visible_noise0_scale9_noise0__kissat__seed1__rep1.log,,,,,,,,,,,,,,,,,,,,,,,,,,,,,,,
75,009_hidden_pigeonhole_visible_noise0_scale9_noise0.cnf,hidden_pigeonhole,9,visible_noise0,0,657,1134,d0c30ee9db160cd8909edf36e5530ff51a3f890d47498130ca08413f55adedd4,UNSATISFIABLE,1,5.0,lkk_hybrid,,,1,572.424357,UNSATISFIABLE,False,0,23032,,,,results/phase3/20260816Tphase3benchmark01Z/logs/measurements/hybrid/00075__009_hidden_pigeonhole_visible_noise0_scale9_noise0__lkk_hybrid__seed1__rep1.log,RUN_LKK,0.027522,"deterministic_accept(signal_count=1629,clauses=1134)",9,0.0,,NOT_RUN,False,False,UNSATISFIABLE,89,0.242991,19,RUN_LKK,8.899167,monotone_cardinality_signal,"{""estimated_resolution_pairs"":2745,""mirror_pairs"":540,""mixed_clauses"":585,""monotone_negative_clauses"":540,""monotone_positive_clauses"":9}",8,14.318976,fixed_point,COMPLETE,275.858021,sound_exact_r_and_capacity_families,COMPLETE,8,UNSAT,9,384.63686,/work/results/phase3/20260816Tphase3benchmark01Z/logs/measurements/witnesses/00075__009_hidden_pigeonhole_visible_noise0_scale9_noise0__lkk_hybrid__seed1__rep1.witness.json,True,572.424357
76,009_hidden_pigeonhole_visible_noise0_scale9_noise0.cnf,hidden_pigeonhole,9,visible_noise0,0,657,1134,d0c30ee9db160cd8909edf36e5530ff51a3f890d47498130ca08413f55adedd4,UNSATISFIABLE,1,5.0,kissat,4.0.4,e3d85acb36b9feb1828cedbfca70941efe69f76dc80fa99273e60ed0ed73e168,2,221.683406,UNSATISFIABLE,False,20,2464,7851,23190,271081,results/phase3/20260816Tphase3benchmark01Z/logs/measurements/direct/00076__009_hidden_pigeonhole_visible_noise0_scale9_noise0__kissat__seed2__rep1.log,,,,,,,,,,,,,,,,,,,,,,,,,,,,,,,
77,009_hidden_pigeonhole_visible_noise0_scale9_noise0.cnf,hidden_pigeonhole,9,visible_noise0,0,657,1134,d0c30ee9db160cd8909edf36e5530ff51a3f890d47498130ca08413f55adedd4,UNSATISFIABLE,1,5.0,lkk_hybrid,,,2,570.702357,UNSATISFIABLE,False,0,23076,,,,results/phase3/20260816Tphase3benchmark01Z/logs/measurements/hybrid/00077__009_hidden_pigeonhole_visible_noise0_scale9_noise0__lkk_hybrid__seed2__rep1.log,RUN_LKK,0.009838,"deterministic_accept(signal_count=1629,clauses=1134)",9,0.0,,NOT_RUN,False,False,UNSATISFIABLE,89,0.238116,19,RUN_LKK,6.944443,monotone_cardinality_signal,"{""estimated_resolution_pairs"":2745,""mirror_pairs"":540,""mixed_clauses"":585,""monotone_negative_clauses"":540,""monotone_positive_clauses"":9}",8,12.820538,fixed_point,COMPLETE,280.147937,sound_exact_r_and_capacity_families,COMPLETE,8,UNSAT,9,389.141069,/work/results/phase3/20260816Tphase3benchmark01Z/logs/measurements/witnesses/00077__009_hidden_pigeonhole_visible_noise0_scale9_noise0__lkk_hybrid__seed2__rep1.witness.json,True,570.702357
78,009_hidden_pigeonhole_visible_noise0_scale9_noise0.cnf,hidden_pigeonhole,9,visible_noise0,0,657,1134,d0c30ee9db160cd8909edf36e5530ff51a3f890d47498130ca08413f55adedd4,UNSATISFIABLE,1,5.0,cadical,3.0.1,77236219227fe9bc340e54563f347e2ec1b60f0189a076899dd82340fd3a304d,2,519.124706,UNSATISFIABLE,False,20,3380,4,57384,506031,results/phase3/20260816Tphase3benchmark01Z/logs/measurements/direct/00078__009_hidden_pigeonhole_visible_noise0_scale9_noise0__cadical__seed2__rep1.log,,,,,,,,,,,,,,,,,,,,,,,,,,,,,,,
79,009_hidden_pigeonhole_visible_noise0_scale9_noise0.cnf,hidden_pigeonhole,9,visible_noise0,0,657,1134,d0c30ee9db160cd8909edf36e5530ff51a3f890d47498130ca08413f55adedd4,UNSATISFIABLE,1,5.0,lkk_hybrid,,,3,570.627868,UNSATISFIABLE,False,0,22960,,,,results/phase3/20260816Tphase3benchmark01Z/logs/measurements/hybrid/00079__009_hidden_pigeonhole_visible_noise0_scale9_noise0__lkk_hybrid__seed3__rep1.log,RUN_LKK,0.015996,"deterministic_accept(signal_count=1629,clauses=1134)",9,0.0,,NOT_RUN,False,False,UNSATISFIABLE,89,0.416629,19,RUN_LKK,8.945257,monotone_cardinality_signal,"{""estimated_resolution_pairs"":2745,""mirror_pairs"":540,""mixed_clauses"":585,""monotone_negative_clauses"":540,""monotone_positive_clauses"":9}",8,18.513521,fixed_point,COMPLETE,253.253256,sound_exact_r_and_capacity_families,COMPLETE,8,UNSAT,9,367.790514,/work/results/phase3/20260816Tphase3benchmark01Z/logs/measurements/witnesses/00079__009_hidden_pigeonhole_visible_noise0_scale9_noise0__lkk_hybrid__seed3__rep1.witness.json,True,570.627868
80,009_hidden_pigeonhole_visible_noise0_scale9_noise0.cnf,hidden_pigeonhole,9,visible_noise0,0,657,1134,d0c30ee9db160cd8909edf36e5530ff51a3f890d47498130ca08413f55adedd4,UNSATISFIABLE,1,5.0,cadical,3.0.1,77236219227fe9bc340e54563f347e2ec1b60f0189a076899dd82340fd3a304d,3,519.513529,UNSATISFIABLE,False,20,3508,6,47366,420005,results/phase3/20260816Tphase3benchmark01Z/logs/measurements/direct/00080__009_hidden_pigeonhole_visible_noise0_scale9_noise0__cadical__seed3__rep1.log,,,,,,,,,,,,,,,,,,,,,,,,,,,,,,,
81,009_hidden_pigeonhole_visible_noise0_scale9_noise0.cnf,hidden_pigeonhole,9,visible_noise0,0,657,1134,d0c30ee9db160cd8909edf36e5530ff51a3f890d47498130ca08413f55adedd4,UNSATISFIABLE,1,5.0,kissat,4.0.4,e3d85acb36b9feb1828cedbfca70941efe69f76dc80fa99273e60ed0ed73e168,3,169.07762,UNSATISFIABLE,False,20,2468,7316,21836,252249,results/phase3/20260816Tphase3benchmark01Z/logs/measurements/direct/00081__009_hidden_pigeonhole_visible_noise0_scale9_noise0__kissat__seed3__rep1.log,,,,,,,,,,,,,,,,,,,,,,,,,,,,,,,
82,010_hidden_pigeonhole_hidden_noise100_scale9_noise100.cnf,hidden_pigeonhole,9,hidden_noise100,100,1224,2268,e99d4fc83bef887da5c2de8ff54f6c03b3accc8112da5bfe7635d993305796b5,UNSATISFIABLE,1,5.0,kissat,4.0.4,e3d85acb36b9feb1828cedbfca70941efe69f76dc80fa99273e60ed0ed73e168,1,171.312446,UNSATISFIABLE,False,20,2540,7468,23855,299006,results/phase3/20260816Tphase3benchmark01Z/logs/measurements/direct/00082__010_hidden_pigeonhole_hidden_noise100_scale9_noise100__kissat__seed1__rep1.log,,,,,,,,,,,,,,,,,,,,,,,,,,,,,,,
83,010_hidden_pigeonhole_hidden_noise100_scale9_noise100.cnf,hidden_pigeonhole,9,hidden_noise100,100,1224,2268,e99d4fc83bef887da5c2de8ff54f6c03b3accc8112da5bfe7635d993305796b5,UNSATISFIABLE,1,5.0,lkk_hybrid,,,1,1022.301911,UNSATISFIABLE,False,0,20136,2,56902,499087,results/phase3/20260816Tphase3benchmark01Z/logs/measurements/hybrid/00083__010_hidden_pigeonhole_hidden_noise100_scale9_noise100__lkk_hybrid__seed1__rep1.log,RUN_LKK,0.012342,"deterministic_accept(signal_count=1907,clauses=2268)",0,669.910079,20,UNSATISFIABLE,False,True,UNSATISFIABLE,0,0.0,0,RUN_LKK,13.596419,monotone_cardinality_signal,"{""estimated_resolution_pairs"":7929,""mirror_pairs"":540,""mixed_clauses"":1441,""monotone_negative_clauses"":685,""monotone_positive_clauses"":142}",,16.022723,fixed_point,COMPLETE,136.384164,family_check_budget,UNKNOWN,0,UNKNOWN,,865.67352,,False,1022.301911
84,010_hidden_pigeonhole_hidden_noise100_scale9_noise100.cnf,hidden_pigeonhole,9,hidden_noise100,100,1224,2268,e99d4fc83bef887da5c2de8ff54f6c03b3accc8112da5bfe7635d993305796b5,UNSATISFIABLE,1,5.0,cadical,3.0.1,77236219227fe9bc340e54563f347e2ec1b60f0189a076899dd82340fd3a304d,1,570.530345,UNSATISFIABLE,False,20,3896,2,56902,499087,results/phase3/20260816Tphase3benchmark01Z/logs/measurements/direct/00084__010_hidden_pigeonhole_hidden_noise100_scale9_noise100__cadical__seed1__rep1.log,,,,,,,,,,,,,,,,,,,,,,,,,,,,,,,
85,010_hidden_pigeonhole_hidden_noise100_scale9_noise100.cnf,hidden_pigeonhole,9,hidden_noise100,100,1224,2268,e99d4fc83bef887da5c2de8ff54f6c03b3accc8112da5bfe7635d993305796b5,UNSATISFIABLE,1,5.0,lkk_hybrid,,,2,972.245856,UNSATISFIABLE,False,0,20328,2,54779,469247,results/phase3/20260816Tphase3benchmark01Z/logs/measurements/hybrid/00085__010_hidden_pigeonhole_hidden_noise100_scale9_noise100__lkk_hybrid__seed2__rep1.log,RUN_LKK,0.017262,"deterministic_accept(signal_count=1907,clauses=2268)",0,568.955646,20,UNSATISFIABLE,False,True,UNSATISFIABLE,0,0.0,0,RUN_LKK,15.076182,monotone_cardinality_signal,"{""estimated_resolution_pairs"":7929,""mirror_pairs"":540,""mixed_clauses"":1441,""monotone_negative_clauses"":685,""monotone_positive_clauses"":142}",,19.63098,fixed_point,COMPLETE,155.433711,family_check_budget,UNKNOWN,0,UNKNOWN,,787.189063,,False,972.245856
86,010_hidden_pigeonhole_hidden_noise100_scale9_noise100.cnf,hidden_pigeonhole,9,hidden_noise100,100,1224,2268,e99d4fc83bef887da5c2de8ff54f6c03b3accc8112da5bfe7635d993305796b5,UNSATISFIABLE,1,5.0,cadical,3.0.1,77236219227fe9bc340e54563f347e2ec1b60f0189a076899dd82340fd3a304d,2,519.612282,UNSATISFIABLE,False,20,3940,2,54779,469247,results/phase3/20260816Tphase3benchmark01Z/logs/measurements/direct/00086__010_hidden_pigeonhole_hidden_noise100_scale9_noise100__cadical__seed2__rep1.log,,,,,,,,,,,,,,,,,,,,,,,,,,,,,,,
87,010_hidden_pigeonhole_hidden_noise100_scale9_noise100.cnf,hidden_pigeonhole,9,hidden_noise100,100,1224,2268,e99d4fc83bef887da5c2de8ff54f6c03b3accc8112da5bfe7635d993305796b5,UNSATISFIABLE,1,5.0,kissat,4.0.4,e3d85acb36b9feb1828cedbfca70941efe69f76dc80fa99273e60ed0ed73e168,2,168.281531,UNSATISFIABLE,False,20,2544,7412,25998,287243,results/phase3/20260816Tphase3benchmark01Z/logs/measurements/direct/00087__010_hidden_pigeonhole_hidden_noise100_scale9_noise100__kissat__seed2__rep1.log,,,,,,,,,,,,,,,,,,,,,,,,,,,,,,,
88,010_hidden_pigeonhole_hidden_noise100_scale9_noise100.cnf,hidden_pigeonhole,9,hidden_noise100,100,1224,2268,e99d4fc83bef887da5c2de8ff54f6c03b3accc8112da5bfe7635d993305796b5,UNSATISFIABLE,1,5.0,cadical,3.0.1,77236219227fe9bc340e54563f347e2ec1b60f0189a076899dd82340fd3a304d,3,570.921384,UNSATISFIABLE,False,20,3700,2,60759,542880,results/phase3/20260816Tphase3benchmark01Z/logs/measurements/direct/00088__010_hidden_pigeonhole_hidden_noise100_scale9_noise100__cadical__seed3__rep1.log,,,,,,,,,,,,,,,,,,,,,,,,,,,,,,,
89,010_hidden_pigeonhole_hidden_noise100_scale9_noise100.cnf,hidden_pigeonhole,9,hidden_noise100,100,1224,2268,e99d4fc83bef887da5c2de8ff54f6c03b3accc8112da5bfe7635d993305796b5,UNSATISFIABLE,1,5.0,kissat,4.0.4,e3d85acb36b9feb1828cedbfca70941efe69f76dc80fa99273e60ed0ed73e168,3,168.25496,UNSATISFIABLE,False,20,2548,7555,26596,293134,results/phase3/20260816Tphase3benchmark01Z/logs/measurements/direct/00089__010_hidden_pigeonhole_hidden_noise100_scale9_noise100__kissat__seed3__rep1.log,,,,,,,,,,,,,,,,,,,,,,,,,,,,,,,
90,010_hidden_pigeonhole_hidden_noise100_scale9_noise100.cnf,hidden_pigeonhole,9,hidden_noise100,100,1224,2268,e99d4fc83bef887da5c2de8ff54f6c03b3accc8112da5bfe7635d993305796b5,UNSATISFIABLE,1,5.0,lkk_hybrid,,,3,920.769295,UNSATISFIABLE,False,0,20248,2,60759,542880,results/phase3/20260816Tphase3benchmark01Z/logs/measurements/hybrid/00090__010_hidden_pigeonhole_hidden_noise100_scale9_noise100__lkk_hybrid__seed3__rep1.log,RUN_LKK,0.007872,"deterministic_accept(signal_count=1907,clauses=2268)",0,569.472439,20,UNSATISFIABLE,False,True,UNSATISFIABLE,0,0.0,0,RUN_LKK,13.238501,monotone_cardinality_signal,"{""estimated_resolution_pairs"":7929,""mirror_pairs"":540,""mixed_clauses"":1441,""monotone_negative_clauses"":685,""monotone_positive_clauses"":142}",,12.882995,fixed_point,COMPLETE,136.443946,family_check_budget,UNKNOWN,0,UNKNOWN,,757.174215,,False,920.769295
91,011_satisfiable_capacity_control_sat_fallback_scale24_noise0.cnf,satisfiable_capacity_control,24,sat_fallback,0,576,13272,9e49fbd6036314a0d2c54fd5f123bf574395496aee23d0237a9fe4c4559e8658,SATISFIABLE,1,5.0,lkk_hybrid,,,1,770.754694,SATISFIABLE,False,0,24660,0,0,0,results/phase3/20260816Tphase3benchmark01Z/logs/measurements/hybrid/00091__011_satisfiable_capacity_control_sat_fallback_scale24_noise0__lkk_hybrid__seed1__rep1.log,RUN_LKK,0.009583,"deterministic_accept(signal_count=13272,clauses=13272)",0,66.326428,10,SATISFIABLE,False,True,SATISFIABLE,0,0.0,0,RUN_LKK,45.96774,monotone_cardinality_signal,"{""estimated_resolution_pairs"":26496,""mirror_pairs"":0,""mixed_clauses"":0,""monotone_negative_clauses"":13248,""monotone_positive_clauses"":24}",,32.885062,fixed_point,COMPLETE,433.474491,family_check_budget,UNKNOWN,0,UNKNOWN,,637.278547,,False,770.754694
92,011_satisfiable_capacity_control_sat_fallback_scale24_noise0.cnf,satisfiable_capacity_control,24,sat_fallback,0,576,13272,9e49fbd6036314a0d2c54fd5f123bf574395496aee23d0237a9fe4c4559e8658,SATISFIABLE,1,5.0,cadical,3.0.1,77236219227fe9bc340e54563f347e2ec1b60f0189a076899dd82340fd3a304d,1,118.336592,SATISFIABLE,False,10,3112,0,0,0,results/phase3/20260816Tphase3benchmark01Z/logs/measurements/direct/00092__011_satisfiable_capacity_control_sat_fallback_scale24_noise0__cadical__seed1__rep1.log,,,,,,,,,,,,,,,,,,,,,,,,,,,,,,,
93,011_satisfiable_capacity_control_sat_fallback_scale24_noise0.cnf,satisfiable_capacity_control,24,sat_fallback,0,576,13272,9e49fbd6036314a0d2c54fd5f123bf574395496aee23d0237a9fe4c4559e8658,SATISFIABLE,1,5.0,kissat,4.0.4,e3d85acb36b9feb1828cedbfca70941efe69f76dc80fa99273e60ed0ed73e168,1,35.913492,SATISFIABLE,False,10,1688,0,0,576,results/phase3/20260816Tphase3benchmark01Z/logs/measurements/direct/00093__011_satisfiable_capacity_control_sat_fallback_scale24_noise0__kissat__seed1__rep1.log,,,,,,,,,,,,,,,,,,,,,,,,,,,,,,,
94,011_satisfiable_capacity_control_sat_fallback_scale24_noise0.cnf,satisfiable_capacity_control,24,sat_fallback,0,576,13272,9e49fbd6036314a0d2c54fd5f123bf574395496aee23d0237a9fe4c4559e8658,SATISFIABLE,1,5.0,cadical,3.0.1,77236219227fe9bc340e54563f347e2ec1b60f0189a076899dd82340fd3a304d,2,119.240125,SATISFIABLE,False,10,3108,0,0,0,results/phase3/20260816Tphase3benchmark01Z/logs/measurements/direct/00094__011_satisfiable_capacity_control_sat_fallback_scale24_noise0__cadical__seed2__rep1.log,,,,,,,,,,,,,,,,,,,,,,,,,,,,,,,
95,011_satisfiable_capacity_control_sat_fallback_scale24_noise0.cnf,satisfiable_capacity_control,24,sat_fallback,0,576,13272,9e49fbd6036314a0d2c54fd5f123bf574395496aee23d0237a9fe4c4559e8658,SATISFIABLE,1,5.0,kissat,4.0.4,e3d85acb36b9feb1828cedbfca70941efe69f76dc80fa99273e60ed0ed73e168,2,36.094469,SATISFIABLE,False,10,1656,0,0,576,results/phase3/20260816Tphase3benchmark01Z/logs/measurements/direct/00095__011_satisfiable_capacity_control_sat_fallback_scale24_noise0__kissat__seed2__rep1.log,,,,,,,,,,,,,,,,,,,,,,,,,,,,,,,
96,011_satisfiable_capacity_control_sat_fallback_scale24_noise0.cnf,satisfiable_capacity_control,24,sat_fallback,0,576,13272,9e49fbd6036314a0d2c54fd5f123bf574395496aee23d0237a9fe4c4559e8658,SATISFIABLE,1,5.0,lkk_hybrid,,,2,870.592569,SATISFIABLE,False,0,24732,0,0,0,results/phase3/20260816Tphase3benchmark01Z/logs/measurements/hybrid/00096__011_satisfiable_capacity_control_sat_fallback_scale24_noise0__lkk_hybrid__seed2__rep1.log,RUN_LKK,0.030755,"deterministic_accept(signal_count=13272,clauses=13272)",0,117.784309,10,SATISFIABLE,False,True,SATISFIABLE,0,0.0,0,RUN_LKK,49.440128,monotone_cardinality_signal,"{""estimated_resolution_pairs"":26496,""mirror_pairs"":0,""mixed_clauses"":0,""monotone_negative_clauses"":13248,""monotone_positive_clauses"":24}",,39.931559,fixed_point,COMPLETE,461.33532,family_check_budget,UNKNOWN,0,UNKNOWN,,723.224474,,False,870.592569
97,011_satisfiable_capacity_control_sat_fallback_scale24_noise0.cnf,satisfiable_capacity_control,24,sat_fallback,0,576,13272,9e49fbd6036314a0d2c54fd5f123bf574395496aee23d0237a9fe4c4559e8658,SATISFIABLE,1,5.0,kissat,4.0.4,e3d85acb36b9feb1828cedbfca70941efe69f76dc80fa99273e60ed0ed73e168,3,18.126916,SATISFIABLE,False,10,1652,0,0,576,results/phase3/20260816Tphase3benchmark01Z/logs/measurements/direct/00097__011_satisfiable_capacity_control_sat_fallback_scale24_noise0__kissat__seed3__rep1.log,,,,,,,,,,,,,,,,,,,,,,,,,,,,,,,
98,011_satisfiable_capacity_control_sat_fallback_scale24_noise0.cnf,satisfiable_capacity_control,24,sat_fallback,0,576,13272,9e49fbd6036314a0d2c54fd5f123bf574395496aee23d0237a9fe4c4559e8658,SATISFIABLE,1,5.0,lkk_hybrid,,,3,870.56113,SATISFIABLE,False,0,24552,0,0,0,results/phase3/20260816Tphase3benchmark01Z/logs/measurements/hybrid/00098__011_satisfiable_capacity_control_sat_fallback_scale24_noise0__lkk_hybrid__seed3__rep1.log,RUN_LKK,0.015558,"deterministic_accept(signal_count=13272,clauses=13272)",0,117.767449,10,SATISFIABLE,False,True,SATISFIABLE,0,0.0,0,RUN_LKK,53.834274,monotone_cardinality_signal,"{""estimated_resolution_pairs"":26496,""mirror_pairs"":0,""mixed_clauses"":0,""monotone_negative_clauses"":13248,""monotone_positive_clauses"":24}",,43.882882,fixed_point,COMPLETE,425.472567,family_check_budget,UNKNOWN,0,UNKNOWN,,708.560503,,False,870.56113
99,011_satisfiable_capacity_control_sat_fallback_scale24_noise0.cnf,satisfiable_capacity_control,24,sat_fallback,0,576,13272,9e49fbd6036314a0d2c54fd5f123bf574395496aee23d0237a9fe4c4559e8658,SATISFIABLE,1,5.0,cadical,3.0.1,77236219227fe9bc340e54563f347e2ec1b60f0189a076899dd82340fd3a304d,3,66.900335,SATISFIABLE,False,10,3108,0,0,0,results/phase3/20260816Tphase3benchmark01Z/logs/measurements/direct/00099__011_satisfiable_capacity_control_sat_fallback_scale24_noise0__cadical__seed3__rep1.log,,,,,,,,,,,,,,,,,,,,,,,,,,,,,,,
100,012_random_3sat_uniform_scale150_noise0.cnf,random_3sat,150,uniform,0,150,639,12c6edaff58a72da4095ed5ea6712074a2a03eda026f561251f6b97ece71243d,SATISFIABLE,1,5.0,cadical,3.0.1,77236219227fe9bc340e54563f347e2ec1b60f0189a076899dd82340fd3a304d,1,117.897964,SATISFIABLE,False,10,2640,0,3446,86300,results/phase3/20260816Tphase3benchmark01Z/logs/measurements/direct/00100__012_random_3sat_uniform_scale150_noise0__cadical__seed1__rep1.log,,,,,,,,,,,,,,,,,,,,,,,,,,,,,,,
101,012_random_3sat_uniform_scale150_noise0.cnf,random_3sat,150,uniform,0,150,639,12c6edaff58a72da4095ed5ea6712074a2a03eda026f561251f6b97ece71243d,SATISFIABLE,1,5.0,kissat,4.0.4,e3d85acb36b9feb1828cedbfca70941efe69f76dc80fa99273e60ed0ed73e168,1,120.204675,SATISFIABLE,False,10,1900,3497,4354,99071,results/phase3/20260816Tphase3benchmark01Z/logs/measurements/direct/00101__012_random_3sat_uniform_scale150_noise0__kissat__seed1__rep1.log,,,,,,,,,,,,,,,,,,,,,,,,,,,,,,,
102,012_random_3sat_uniform_scale150_noise0.cnf,random_3sat,150,uniform,0,150,639,12c6edaff58a72da4095ed5ea6712074a2a03eda026f561251f6b97ece71243d,SATISFIABLE,1,5.0,lkk_hybrid,,,1,328.245582,SATISFIABLE,False,0,18784,0,3446,86300,results/phase3/20260816Tphase3benchmark01Z/logs/measurements/hybrid/00102__012_random_3sat_uniform_scale150_noise0__lkk_hybrid__seed1__rep1.log,RUN_LKK,0.005797,"deterministic_accept(signal_count=168,clauses=639)",0,117.154803,10,SATISFIABLE,False,True,SATISFIABLE,0,0.0,0,RUN_LKK,3.197393,monotone_cardinality_signal,"{""estimated_resolution_pairs"":6309,""mirror_pairs"":0,""mixed_clauses"":471,""monotone_negative_clauses"":77,""monotone_positive_clauses"":91}",,1.843247,fixed_point,COMPLETE,4.184675,no_sound_exact_r_boxes,UNKNOWN,0,UNKNOWN,,143.205258,,False,328.245582
103,012_random_3sat_uniform_scale150_noise0.cnf,random_3sat,150,uniform,0,150,639,12c6edaff58a72da4095ed5ea6712074a2a03eda026f561251f6b97ece71243d,SATISFIABLE,1,5.0,kissat,4.0.4,e3d85acb36b9feb1828cedbfca70941efe69f76dc80fa99273e60ed0ed73e168,2,119.121523,SATISFIABLE,False,10,1888,2325,2846,67028,results/phase3/20260816Tphase3benchmark01Z/logs/measurements/direct/00103__012_random_3sat_uniform_scale150_noise0__kissat__seed2__rep1.log,,,,,,,,,,,,,,,,,,,,,,,,,,,,,,,
104,012_random_3sat_uniform_scale150_noise0.cnf,random_3sat,150,uniform,0,150,639,12c6edaff58a72da4095ed5ea6712074a2a03eda026f561251f6b97ece71243d,SATISFIABLE,1,5.0,lkk_hybrid,,,2,321.55733,SATISFIABLE,False,0,18876,0,3446,86300,results/phase3/20260816Tphase3benchmark01Z/logs/measurements/hybrid/00104__012_random_3sat_uniform_scale150_noise0__lkk_hybrid__seed2__rep1.log,RUN_LKK,0.005833,"deterministic_accept(signal_count=168,clauses=639)",0,117.04238,10,SATISFIABLE,False,True,SATISFIABLE,0,0.0,0,RUN_LKK,3.333327,monotone_cardinality_signal,"{""estimated_resolution_pairs"":6309,""mirror_pairs"":0,""mixed_clauses"":471,""monotone_negative_clauses"":77,""monotone_positive_clauses"":91}",,1.945369,fixed_point,COMPLETE,4.684535,no_sound_exact_r_boxes,UNKNOWN,0,UNKNOWN,,147.540915,,False,321.55733
105,012_random_3sat_uniform_scale150_noise0.cnf,random_3sat,150,uniform,0,150,639,12c6edaff58a72da4095ed5ea6712074a2a03eda026f561251f6b97ece71243d,SATISFIABLE,1,5.0,cadical,3.0.1,77236219227fe9bc340e54563f347e2ec1b60f0189a076899dd82340fd3a304d,2,119.025739,SATISFIABLE,False,10,2644,0,3446,86300,results/phase3/20260816Tphase3benchmark01Z/logs/measurements/direct/00105__012_random_3sat_uniform_scale150_noise0__cadical__seed2__rep1.log,,,,,,,,,,,,,,,,,,,,,,,,,,,,,,,
106,012_random_3sat_uniform_scale150_noise0.cnf,random_3sat,150,uniform,0,150,639,12c6edaff58a72da4095ed5ea6712074a2a03eda026f561251f6b97ece71243d,SATISFIABLE,1,5.0,lkk_hybrid,,,3,268.354087,SATISFIABLE,False,0,18784,0,3446,86300,results/phase3/20260816Tphase3benchmark01Z/logs/measurements/hybrid/00106__012_random_3sat_uniform_scale150_noise0__lkk_hybrid__seed3__rep1.log,RUN_LKK,0.005591,"deterministic_accept(signal_count=168,clauses=639)",0,116.773956,10,SATISFIABLE,False,True,SATISFIABLE,0,0.0,0,RUN_LKK,3.090128,monotone_cardinality_signal,"{""estimated_resolution_pairs"":6309,""mirror_pairs"":0,""mixed_clauses"":471,""monotone_negative_clauses"":77,""monotone_positive_clauses"":91}",,1.805576,fixed_point,COMPLETE,4.143323,no_sound_exact_r_boxes,UNKNOWN,0,UNKNOWN,,143.074663,,False,268.354087
107,012_random_3sat_uniform_scale150_noise0.cnf,random_3sat,150,uniform,0,150,639,12c6edaff58a72da4095ed5ea6712074a2a03eda026f561251f6b97ece71243d,SATISFIABLE,1,5.0,cadical,3.0.1,77236219227fe9bc340e54563f347e2ec1b60f0189a076899dd82340fd3a304d,3,117.423437,SATISFIABLE,False,10,2640,0,3446,86300,results/phase3/20260816Tphase3benchmark01Z/logs/measurements/direct/00107__012_random_3sat_uniform_scale150_noise0__cadical__seed3__rep1.log,,,,,,,,,,,,,,,,,,,,,,,,,,,,,,,
108,012_random_3sat_uniform_scale150_noise0.cnf,random_3sat,150,uniform,0,150,639,12c6edaff58a72da4095ed5ea6712074a2a03eda026f561251f6b97ece71243d,SATISFIABLE,1,5.0,kissat,4.0.4,e3d85acb36b9feb1828cedbfca70941efe69f76dc80fa99273e60ed0ed73e168,3,119.479235,SATISFIABLE,False,10,1884,2832,3726,82563,results/phase3/20260816Tphase3benchmark01Z/logs/measurements/direct/00108__012_random_3sat_uniform_scale150_noise0__kissat__seed3__rep1.log,,,,,,,,,,,,,,,,,,,,,,,,,,,,,,,
109,013_random_3sat_planted_sat_scale400_noise0.cnf,random_3sat,400,planted_sat,0,400,1704,81ee1ff3b3f6ddccce89ed1f0c5397ae725cc4d9e34a45162479340aa418e52c,SATISFIABLE,1,5.0,kissat,4.0.4,e3d85acb36b9feb1828cedbfca70941efe69f76dc80fa99273e60ed0ed73e168,1,117.242262,SATISFIABLE,False,10,2152,2875,4088,172691,results/phase3/20260816Tphase3benchmark01Z/logs/measurements/direct/00109__013_random_3sat_planted_sat_scale400_noise0__kissat__seed1__rep1.log,,,,,,,,,,,,,,,,,,,,,,,,,,,,,,,
110,013_random_3sat_planted_sat_scale400_noise0.cnf,random_3sat,400,planted_sat,0,400,1704,81ee1ff3b3f6ddccce89ed1f0c5397ae725cc4d9e34a45162479340aa418e52c,SATISFIABLE,1,5.0,lkk_hybrid,,,1,1071.745955,SATISFIABLE,False,0,19364,52,46191,1701573,results/phase3/20260816Tphase3benchmark01Z/logs/measurements/hybrid/00110__013_random_3sat_planted_sat_scale400_noise0__lkk_hybrid__seed1__rep1.log,RUN_LKK,0.010381,"deterministic_accept(signal_count=422,clauses=1704)",0,870.269102,10,SATISFIABLE,False,True,SATISFIABLE,0,0.0,0,RUN_LKK,8.450676,monotone_cardinality_signal,"{""estimated_resolution_pairs"":16015,""mirror_pairs"":0,""mixed_clauses"":1282,""monotone_negative_clauses"":216,""monotone_positive_clauses"":206}",,5.872536,fixed_point,COMPLETE,30.990595,no_sound_exact_r_boxes,UNKNOWN,0,UNKNOWN,,937.779133,,False,1071.745955
111,013_random_3sat_planted_sat_scale400_noise0.cnf,random_3sat,400,planted_sat,0,400,1704,81ee1ff3b3f6ddccce89ed1f0c5397ae725cc4d9e34a45162479340aa418e52c,SATISFIABLE,1,5.0,cadical,3.0.1,77236219227fe9bc340e54563f347e2ec1b60f0189a076899dd82340fd3a304d,1,821.814503,SATISFIABLE,False,10,5652,52,46191,1701573,results/phase3/20260816Tphase3benchmark01Z/logs/measurements/direct/00111__013_random_3sat_planted_sat_scale400_noise0__cadical__seed1__rep1.log,,,,,,,,,,,,,,,,,,,,,,,,,,,,,,,
112,013_random_3sat_planted_sat_scale400_noise0.cnf,random_3sat,400,planted_sat,0,400,1704,81ee1ff3b3f6ddccce89ed1f0c5397ae725cc4d9e34a45162479340aa418e52c,SATISFIABLE,1,5.0,lkk_hybrid,,,2,1021.593216,SATISFIABLE,False,0,19504,22,45612,1687887,results/phase3/20260816Tphase3benchmark01Z/logs/measurements/hybrid/00112__013_random_3sat_planted_sat_scale400_noise0__lkk_hybrid__seed2__rep1.log,RUN_LKK,0.011835,"deterministic_accept(signal_count=422,clauses=1704)",0,770.002244,10,SATISFIABLE,False,True,SATISFIABLE,0,0.0,0,RUN_LKK,11.03018,monotone_cardinality_signal,"{""estimated_resolution_pairs"":16015,""mirror_pairs"":0,""mixed_clauses"":1282,""monotone_negative_clauses"":216,""monotone_positive_clauses"":206}",,7.35371,fixed_point,COMPLETE,31.930942,no_sound_exact_r_boxes,UNKNOWN,0,UNKNOWN,,845.811379,,False,1021.593216
113,013_random_3sat_planted_sat_scale400_noise0.cnf,random_3sat,400,planted_sat,0,400,1704,81ee1ff3b3f6ddccce89ed1f0c5397ae725cc4d9e34a45162479340aa418e52c,SATISFIABLE,1,5.0,cadical,3.0.1,77236219227fe9bc340e54563f347e2ec1b60f0189a076899dd82340fd3a304d,2,871.21843,SATISFIABLE,False,10,5316,22,45612,1687887,results/phase3/20260816Tphase3benchmark01Z/logs/measurements/direct/00113__013_random_3sat_planted_sat_scale400_noise0__cadical__seed2__rep1.log,,,,,,,,,,,,,,,,,,,,,,,,,,,,,,,
114,013_random_3sat_planted_sat_scale400_noise0.cnf,random_3sat,400,planted_sat,0,400,1704,81ee1ff3b3f6ddccce89ed1f0c5397ae725cc4d9e34a45162479340aa418e52c,SATISFIABLE,1,5.0,kissat,4.0.4,e3d85acb36b9feb1828cedbfca70941efe69f76dc80fa99273e60ed0ed73e168,2,2077.010956,SATISFIABLE,False,10,5596,72282,118280,4597206,results/phase3/20260816Tphase3benchmark01Z/logs/measurements/direct/00114__013_random_3sat_planted_sat_scale400_noise0__kissat__seed2__rep1.log,,,,,,,,,,,,,,,,,,,,,,,,,,,,,,,
115,013_random_3sat_planted_sat_scale400_noise0.cnf,random_3sat,400,planted_sat,0,400,1704,81ee1ff3b3f6ddccce89ed1f0c5397ae725cc4d9e34a45162479340aa418e52c,SATISFIABLE,1,5.0,cadical,3.0.1,77236219227fe9bc340e54563f347e2ec1b60f0189a076899dd82340fd3a304d,3,820.745891,SATISFIABLE,False,10,5380,74,45531,1694186,results/phase3/20260816Tphase3benchmark01Z/logs/measurements/direct/00115__013_random_3sat_planted_sat_scale400_noise0__cadical__seed3__rep1.log,,,,,,,,,,,,,,,,,,,,,,,,,,,,,,,
116,013_random_3sat_planted_sat_scale400_noise0.cnf,random_3sat,400,planted_sat,0,400,1704,81ee1ff3b3f6ddccce89ed1f0c5397ae725cc4d9e34a45162479340aa418e52c,SATISFIABLE,1,5.0,kissat,4.0.4,e3d85acb36b9feb1828cedbfca70941efe69f76dc80fa99273e60ed0ed73e168,3,720.907541,SATISFIABLE,False,10,4700,24105,41783,1560450,results/phase3/20260816Tphase3benchmark01Z/logs/measurements/direct/00116__013_random_3sat_planted_sat_scale400_noise0__kissat__seed3__rep1.log,,,,,,,,,,,,,,,,,,,,,,,,,,,,,,,
117,013_random_3sat_planted_sat_scale400_noise0.cnf,random_3sat,400,planted_sat,0,400,1704,81ee1ff3b3f6ddccce89ed1f0c5397ae725cc4d9e34a45162479340aa418e52c,SATISFIABLE,1,5.0,lkk_hybrid,,,3,1072.884834,SATISFIABLE,False,0,19484,74,45531,1694186,results/phase3/20260816Tphase3benchmark01Z/logs/measurements/hybrid/00117__013_random_3sat_planted_sat_scale400_noise0__lkk_hybrid__seed3__rep1.log,RUN_LKK,0.022117,"deterministic_accept(signal_count=422,clauses=1704)",0,870.228548,10,SATISFIABLE,False,True,SATISFIABLE,0,0.0,0,RUN_LKK,8.385111,monotone_cardinality_signal,"{""estimated_resolution_pairs"":16015,""mirror_pairs"":0,""mixed_clauses"":1282,""monotone_negative_clauses"":216,""monotone_positive_clauses"":206}",,5.52236,fixed_point,COMPLETE,27.51875,no_sound_exact_r_boxes,UNKNOWN,0,UNKNOWN,,931.69995,,False,1072.884834
118,014_random_3sat_planted_sat_scale800_noise0.cnf,random_3sat,800,planted_sat,0,800,3408,fd58df526220be8222552894f830e241112d40ed67fe266af712d63bfbbd1968,SATISFIABLE,1,5.0,lkk_hybrid,,,1,1122.49962,SATISFIABLE,False,0,20268,114,40743,1968105,results/phase3/20260816Tphase3benchmark01Z/logs/measurements/hybrid/00118__014_random_3sat_planted_sat_scale800_noise0__lkk_hybrid__seed1__rep1.log,RUN_LKK,0.008907,"deterministic_accept(signal_count=863,clauses=3408)",0,819.855737,10,SATISFIABLE,False,True,SATISFIABLE,0,0.0,0,RUN_LKK,19.122417,monotone_cardinality_signal,"{""estimated_resolution_pairs"":32412,""mirror_pairs"":1,""mixed_clauses"":2547,""monotone_negative_clauses"":438,""monotone_positive_clauses"":423}",,13.702469,fixed_point,COMPLETE,123.929801,no_sound_exact_r_boxes,UNKNOWN,0,UNKNOWN,,1003.081221,,False,1122.49962
119,014_random_3sat_planted_sat_scale800_noise0.cnf,random_3sat,800,planted_sat,0,800,3408,fd58df526220be8222552894f830e241112d40ed67fe266af712d63bfbbd1968,SATISFIABLE,1,5.0,cadical,3.0.1,77236219227fe9bc340e54563f347e2ec1b60f0189a076899dd82340fd3a304d,1,821.23078,SATISFIABLE,False,10,6348,114,40743,1968105,results/phase3/20260816Tphase3benchmark01Z/logs/measurements/direct/00119__014_random_3sat_planted_sat_scale800_noise0__cadical__seed1__rep1.log,,,,,,,,,,,,,,,,,,,,,,,,,,,,,,,
120,014_random_3sat_planted_sat_scale800_noise0.cnf,random_3sat,800,planted_sat,0,800,3408,fd58df526220be8222552894f830e241112d40ed67fe266af712d63bfbbd1968,SATISFIABLE,1,5.0,kissat,4.0.4,e3d85acb36b9feb1828cedbfca70941efe69f76dc80fa99273e60ed0ed73e168,1,167.575985,SATISFIABLE,False,10,2516,3004,7206,292207,results/phase3/20260816Tphase3benchmark01Z/logs/measurements/direct/00120__014_random_3sat_planted_sat_scale800_noise0__kissat__seed1__rep1.log,,,,,,,,,,,,,,,,,,,,,,,,,,,,,,,
121,014_random_3sat_planted_sat_scale800_noise0.cnf,random_3sat,800,planted_sat,0,800,3408,fd58df526220be8222552894f830e241112d40ed67fe266af712d63bfbbd1968,SATISFIABLE,1,5.0,cadical,3.0.1,77236219227fe9bc340e54563f347e2ec1b60f0189a076899dd82340fd3a304d,2,820.705306,SATISFIABLE,False,10,6272,160,37827,1968357,results/phase3/20260816Tphase3benchmark01Z/logs/measurements/direct/00121__014_random_3sat_planted_sat_scale800_noise0__cadical__seed2__rep1.log,,,,,,,,,,,,,,,,,,,,,,,,,,,,,,,
122,014_random_3sat_planted_sat_scale800_noise0.cnf,random_3sat,800,planted_sat,0,800,3408,fd58df526220be8222552894f830e241112d40ed67fe266af712d63bfbbd1968,SATISFIABLE,1,5.0,kissat,4.0.4,e3d85acb36b9feb1828cedbfca70941efe69f76dc80fa99273e60ed0ed73e168,2,166.956214,SATISFIABLE,False,10,2696,3971,8875,465200,results/phase3/20260816Tphase3benchmark01Z/logs/measurements/direct/00122__014_random_3sat_planted_sat_scale800_noise0__kissat__seed2__rep1.log,,,,,,,,,,,,,,,,,,,,,,,,,,,,,,,
123,014_random_3sat_planted_sat_scale800_noise0.cnf,random_3sat,800,planted_sat,0,800,3408,fd58df526220be8222552894f830e241112d40ed67fe266af712d63bfbbd1968,SATISFIABLE,1,5.0,lkk_hybrid,,,2,1072.415945,SATISFIABLE,False,0,20068,160,37827,1968357,results/phase3/20260816Tphase3benchmark01Z/logs/measurements/hybrid/00123__014_random_3sat_planted_sat_scale800_noise0__lkk_hybrid__seed2__rep1.log,RUN_LKK,0.012835,"deterministic_accept(signal_count=863,clauses=3408)",0,720.511211,10,SATISFIABLE,False,True,SATISFIABLE,0,0.0,0,RUN_LKK,18.445919,monotone_cardinality_signal,"{""estimated_resolution_pairs"":32412,""mirror_pairs"":1,""mixed_clauses"":2547,""monotone_negative_clauses"":438,""monotone_positive_clauses"":423}",,11.15111,fixed_point,COMPLETE,115.130945,no_sound_exact_r_boxes,UNKNOWN,0,UNKNOWN,,898.974247,,False,1072.415945
124,014_random_3sat_planted_sat_scale800_noise0.cnf,random_3sat,800,planted_sat,0,800,3408,fd58df526220be8222552894f830e241112d40ed67fe266af712d63bfbbd1968,SATISFIABLE,1,5.0,kissat,4.0.4,e3d85acb36b9feb1828cedbfca70941efe69f76dc80fa99273e60ed0ed73e168,3,168.490428,SATISFIABLE,False,10,2520,2999,6606,295133,results/phase3/20260816Tphase3benchmark01Z/logs/measurements/direct/00124__014_random_3sat_planted_sat_scale800_noise0__kissat__seed3__rep1.log,,,,,,,,,,,,,,,,,,,,,,,,,,,,,,,
125,014_random_3sat_planted_sat_scale800_noise0.cnf,random_3sat,800,planted_sat,0,800,3408,fd58df526220be8222552894f830e241112d40ed67fe266af712d63bfbbd1968,SATISFIABLE,1,5.0,lkk_hybrid,,,3,1573.088555,SATISFIABLE,False,0,20036,90,57973,2665115,results/phase3/20260816Tphase3benchmark01Z/logs/measurements/hybrid/00125__014_random_3sat_planted_sat_scale800_noise0__lkk_hybrid__seed3__rep1.log,RUN_LKK,0.013135,"deterministic_accept(signal_count=863,clauses=3408)",0,1221.488203,10,SATISFIABLE,False,True,SATISFIABLE,0,0.0,0,RUN_LKK,21.64419,monotone_cardinality_signal,"{""estimated_resolution_pairs"":32412,""mirror_pairs"":1,""mixed_clauses"":2547,""monotone_negative_clauses"":438,""monotone_positive_clauses"":423}",,13.491117,fixed_point,COMPLETE,131.060134,no_sound_exact_r_boxes,UNKNOWN,0,UNKNOWN,,1419.124959,,False,1573.088555
126,014_random_3sat_planted_sat_scale800_noise0.cnf,random_3sat,800,planted_sat,0,800,3408,fd58df526220be8222552894f830e241112d40ed67fe266af712d63bfbbd1968,SATISFIABLE,1,5.0,cadical,3.0.1,77236219227fe9bc340e54563f347e2ec1b60f0189a076899dd82340fd3a304d,3,1223.332305,SATISFIABLE,False,10,6880,90,57973,2665115,results/phase3/20260816Tphase3benchmark01Z/logs/measurements/direct/00126__014_random_3sat_planted_sat_scale800_noise0__cadical__seed3__rep1.log,,,,,,,,,,,,,,,,,,,,,,,,,,,,,,,
